ISO-10303-21;
HEADER;
FILE_DESCRIPTION(('Open CASCADE Model'),'2;1');
FILE_NAME('Open CASCADE Shape Model','2026-10-02T05:31:19',('Author'),(
    'Open CASCADE'),'Open CASCADE STEP processor 7.9','Open CASCADE 7.9'
  ,'Unknown');
FILE_SCHEMA(('AUTOMOTIVE_DESIGN { 1 0 10303 214 1 1 1 1 }'));
ENDSEC;
DATA;
#1 = APPLICATION_PROTOCOL_DEFINITION('international standard',
  'automotive_design',2000,#2);
#2 = APPLICATION_CONTEXT(
  'core data for automotive mechanical design processes');
#3 = SHAPE_DEFINITION_REPRESENTATION(#4,#10);
#4 = PRODUCT_DEFINITION_SHAPE('','',#5);
#5 = PRODUCT_DEFINITION('design','',#6,#9);
#6 = PRODUCT_DEFINITION_FORMATION('','',#7);
#7 = PRODUCT('Open CASCADE STEP translator 7.9 1',
  'Open CASCADE STEP translator 7.9 1','',(#8));
#8 = PRODUCT_CONTEXT('',#2,'mechanical');
#9 = PRODUCT_DEFINITION_CONTEXT('part definition',#2,'design');
#10 = ADVANCED_BREP_SHAPE_REPRESENTATION('',(#11,#15),#16567);
#11 = AXIS2_PLACEMENT_3D('',#12,#13,#14);
#12 = CARTESIAN_POINT('',(0.,0.,0.));
#13 = DIRECTION('',(0.,0.,1.));
#14 = DIRECTION('',(1.,0.,-0.));
#15 = MANIFOLD_SOLID_BREP('',#16);
#16 = CLOSED_SHELL('',(#17,#475,#547,#595,#643,#690,#737,#785,#833,#860,
    #933,#980,#1028,#1075,#1123,#1170,#1218,#1245,#3906,#6567,#6639,
    #6686,#6733,#6760,#6832,#6879,#6926,#6953,#7025,#7072,#7119,#7146,
    #7218,#7265,#7312,#7339,#7411,#7458,#7505,#7532,#7604,#7651,#7698,
    #7725,#7797,#7844,#7891,#7918,#7990,#8037,#8084,#8111,#8183,#8230,
    #8277,#8304,#8376,#8423,#8470,#8497,#8569,#8616,#8663,#8690,#8762,
    #8809,#8856,#8883,#8955,#9002,#9049,#9076,#9148,#9195,#9242,#9269,
    #9341,#9388,#9435,#9462,#9534,#9581,#9628,#9655,#9727,#9774,#9821,
    #9848,#9920,#9967,#10014,#10041,#10113,#10160,#10207,#10234,#10306,
    #10353,#10400,#10427,#10499,#10546,#10593,#10620,#10692,#10739,
    #10786,#10813,#10885,#10932,#10979,#11006,#11078,#11125,#11172,
    #11199,#11271,#11318,#11365,#11392,#11464,#11511,#11558,#11585,
    #11657,#11704,#11751,#11778,#11850,#11897,#11944,#11971,#12043,
    #12090,#12137,#12164,#12236,#12283,#12330,#12357,#12429,#12476,
    #12523,#12550,#12622,#12669,#12716,#12743,#12815,#12862,#12909,
    #12936,#13008,#13055,#13102,#13129,#13201,#13248,#13295,#13322,
    #13394,#13441,#13488,#13515,#13587,#13634,#13681,#13708,#13780,
    #13827,#13874,#13901,#13973,#14020,#14067,#14094,#14166,#14213,
    #14260,#14287,#14359,#14406,#14453,#14480,#14552,#14599,#14646,
    #14673,#14745,#14792,#14839,#14866,#14938,#14985,#15032,#15059,
    #15131,#15178,#15225,#15252,#15324,#15371,#15418,#15445,#15517,
    #15564,#15611,#15638,#15710,#15757,#15804,#15831,#15903,#15950,
    #15997,#16024,#16096,#16143,#16190,#16217,#16224,#16231,#16238,
    #16245,#16252,#16259,#16266,#16273,#16280,#16287,#16294,#16301,
    #16308,#16315,#16322,#16329,#16336,#16343,#16350,#16357,#16364,
    #16371,#16378,#16385,#16392,#16399,#16406,#16413,#16420,#16427,
    #16434,#16441,#16448,#16455,#16462,#16469,#16476,#16483,#16490,
    #16497,#16504,#16511,#16518,#16525,#16532,#16539,#16546,#16553,
    #16560));
#17 = ADVANCED_FACE('',(#18,#253),#32,.F.);
#18 = FACE_BOUND('',#19,.F.);
#19 = EDGE_LOOP('',(#20,#55,#84,#112,#141,#169,#198,#226));
#20 = ORIENTED_EDGE('',*,*,#21,.F.);
#21 = EDGE_CURVE('',#22,#24,#26,.T.);
#22 = VERTEX_POINT('',#23);
#23 = CARTESIAN_POINT('',(-105.,-90.,0.));
#24 = VERTEX_POINT('',#25);
#25 = CARTESIAN_POINT('',(-105.,90.,0.));
#26 = SURFACE_CURVE('',#27,(#31,#43),.PCURVE_S1.);
#27 = LINE('',#28,#29);
#28 = CARTESIAN_POINT('',(-105.,0.,0.));
#29 = VECTOR('',#30,1.);
#30 = DIRECTION('',(0.,1.,0.));
#31 = PCURVE('',#32,#37);
#32 = PLANE('',#33);
#33 = AXIS2_PLACEMENT_3D('',#34,#35,#36);
#34 = CARTESIAN_POINT('',(0.,0.,0.));
#35 = DIRECTION('',(0.,0.,1.));
#36 = DIRECTION('',(1.,0.,0.));
#37 = DEFINITIONAL_REPRESENTATION('',(#38),#42);
#38 = LINE('',#39,#40);
#39 = CARTESIAN_POINT('',(-105.,0.));
#40 = VECTOR('',#41,1.);
#41 = DIRECTION('',(0.,1.));
#42 = ( GEOMETRIC_REPRESENTATION_CONTEXT(2) 
PARAMETRIC_REPRESENTATION_CONTEXT() REPRESENTATION_CONTEXT('2D SPACE',''
  ) );
#43 = PCURVE('',#44,#49);
#44 = PLANE('',#45);
#45 = AXIS2_PLACEMENT_3D('',#46,#47,#48);
#46 = CARTESIAN_POINT('',(-105.,0.,0.));
#47 = DIRECTION('',(0.995158089271,0.,-9.828721869343E-02));
#48 = DIRECTION('',(9.828721869343E-02,0.,0.995158089271));
#49 = DEFINITIONAL_REPRESENTATION('',(#50),#54);
#50 = LINE('',#51,#52);
#51 = CARTESIAN_POINT('',(0.,0.));
#52 = VECTOR('',#53,1.);
#53 = DIRECTION('',(-0.,-1.));
#54 = ( GEOMETRIC_REPRESENTATION_CONTEXT(2) 
PARAMETRIC_REPRESENTATION_CONTEXT() REPRESENTATION_CONTEXT('2D SPACE',''
  ) );
#55 = ORIENTED_EDGE('',*,*,#56,.T.);
#56 = EDGE_CURVE('',#22,#57,#59,.T.);
#57 = VERTEX_POINT('',#58);
#58 = CARTESIAN_POINT('',(-90.,-105.,0.));
#59 = SURFACE_CURVE('',#60,(#65,#72),.PCURVE_S1.);
#60 = CIRCLE('',#61,15.);
#61 = AXIS2_PLACEMENT_3D('',#62,#63,#64);
#62 = CARTESIAN_POINT('',(-90.,-90.,0.));
#63 = DIRECTION('',(0.,0.,1.));
#64 = DIRECTION('',(1.,0.,0.));
#65 = PCURVE('',#32,#66);
#66 = DEFINITIONAL_REPRESENTATION('',(#67),#71);
#67 = CIRCLE('',#68,15.);
#68 = AXIS2_PLACEMENT_2D('',#69,#70);
#69 = CARTESIAN_POINT('',(-90.,-90.));
#70 = DIRECTION('',(1.,0.));
#71 = ( GEOMETRIC_REPRESENTATION_CONTEXT(2) 
PARAMETRIC_REPRESENTATION_CONTEXT() REPRESENTATION_CONTEXT('2D SPACE',''
  ) );
#72 = PCURVE('',#73,#78);
#73 = CONICAL_SURFACE('',#74,15.,9.844615921263E-02);
#74 = AXIS2_PLACEMENT_3D('',#75,#76,#77);
#75 = CARTESIAN_POINT('',(-90.,-90.,0.));
#76 = DIRECTION('',(0.,0.,-1.));
#77 = DIRECTION('',(1.,0.,0.));
#78 = DEFINITIONAL_REPRESENTATION('',(#79),#83);
#79 = LINE('',#80,#81);
#80 = CARTESIAN_POINT('',(-0.,-0.));
#81 = VECTOR('',#82,1.);
#82 = DIRECTION('',(-1.,-0.));
#83 = ( GEOMETRIC_REPRESENTATION_CONTEXT(2) 
PARAMETRIC_REPRESENTATION_CONTEXT() REPRESENTATION_CONTEXT('2D SPACE',''
  ) );
#84 = ORIENTED_EDGE('',*,*,#85,.T.);
#85 = EDGE_CURVE('',#57,#86,#88,.T.);
#86 = VERTEX_POINT('',#87);
#87 = CARTESIAN_POINT('',(90.,-105.,0.));
#88 = SURFACE_CURVE('',#89,(#93,#100),.PCURVE_S1.);
#89 = LINE('',#90,#91);
#90 = CARTESIAN_POINT('',(0.,-105.,0.));
#91 = VECTOR('',#92,1.);
#92 = DIRECTION('',(1.,0.,0.));
#93 = PCURVE('',#32,#94);
#94 = DEFINITIONAL_REPRESENTATION('',(#95),#99);
#95 = LINE('',#96,#97);
#96 = CARTESIAN_POINT('',(0.,-105.));
#97 = VECTOR('',#98,1.);
#98 = DIRECTION('',(1.,0.));
#99 = ( GEOMETRIC_REPRESENTATION_CONTEXT(2) 
PARAMETRIC_REPRESENTATION_CONTEXT() REPRESENTATION_CONTEXT('2D SPACE',''
  ) );
#100 = PCURVE('',#101,#106);
#101 = PLANE('',#102);
#102 = AXIS2_PLACEMENT_3D('',#103,#104,#105);
#103 = CARTESIAN_POINT('',(0.,-105.,0.));
#104 = DIRECTION('',(0.,0.995158089271,-9.828721869343E-02));
#105 = DIRECTION('',(0.,9.828721869343E-02,0.995158089271));
#106 = DEFINITIONAL_REPRESENTATION('',(#107),#111);
#107 = LINE('',#108,#109);
#108 = CARTESIAN_POINT('',(0.,0.));
#109 = VECTOR('',#110,1.);
#110 = DIRECTION('',(0.,1.));
#111 = ( GEOMETRIC_REPRESENTATION_CONTEXT(2) 
PARAMETRIC_REPRESENTATION_CONTEXT() REPRESENTATION_CONTEXT('2D SPACE',''
  ) );
#112 = ORIENTED_EDGE('',*,*,#113,.T.);
#113 = EDGE_CURVE('',#86,#114,#116,.T.);
#114 = VERTEX_POINT('',#115);
#115 = CARTESIAN_POINT('',(105.,-90.,0.));
#116 = SURFACE_CURVE('',#117,(#122,#129),.PCURVE_S1.);
#117 = CIRCLE('',#118,15.);
#118 = AXIS2_PLACEMENT_3D('',#119,#120,#121);
#119 = CARTESIAN_POINT('',(90.,-90.,0.));
#120 = DIRECTION('',(0.,0.,1.));
#121 = DIRECTION('',(1.,0.,0.));
#122 = PCURVE('',#32,#123);
#123 = DEFINITIONAL_REPRESENTATION('',(#124),#128);
#124 = CIRCLE('',#125,15.);
#125 = AXIS2_PLACEMENT_2D('',#126,#127);
#126 = CARTESIAN_POINT('',(90.,-90.));
#127 = DIRECTION('',(1.,0.));
#128 = ( GEOMETRIC_REPRESENTATION_CONTEXT(2) 
PARAMETRIC_REPRESENTATION_CONTEXT() REPRESENTATION_CONTEXT('2D SPACE',''
  ) );
#129 = PCURVE('',#130,#135);
#130 = CONICAL_SURFACE('',#131,15.,9.844615921263E-02);
#131 = AXIS2_PLACEMENT_3D('',#132,#133,#134);
#132 = CARTESIAN_POINT('',(90.,-90.,0.));
#133 = DIRECTION('',(0.,0.,-1.));
#134 = DIRECTION('',(1.,0.,0.));
#135 = DEFINITIONAL_REPRESENTATION('',(#136),#140);
#136 = LINE('',#137,#138);
#137 = CARTESIAN_POINT('',(-0.,-0.));
#138 = VECTOR('',#139,1.);
#139 = DIRECTION('',(-1.,-0.));
#140 = ( GEOMETRIC_REPRESENTATION_CONTEXT(2) 
PARAMETRIC_REPRESENTATION_CONTEXT() REPRESENTATION_CONTEXT('2D SPACE',''
  ) );
#141 = ORIENTED_EDGE('',*,*,#142,.T.);
#142 = EDGE_CURVE('',#114,#143,#145,.T.);
#143 = VERTEX_POINT('',#144);
#144 = CARTESIAN_POINT('',(105.,90.,0.));
#145 = SURFACE_CURVE('',#146,(#150,#157),.PCURVE_S1.);
#146 = LINE('',#147,#148);
#147 = CARTESIAN_POINT('',(105.,0.,0.));
#148 = VECTOR('',#149,1.);
#149 = DIRECTION('',(0.,1.,0.));
#150 = PCURVE('',#32,#151);
#151 = DEFINITIONAL_REPRESENTATION('',(#152),#156);
#152 = LINE('',#153,#154);
#153 = CARTESIAN_POINT('',(105.,0.));
#154 = VECTOR('',#155,1.);
#155 = DIRECTION('',(0.,1.));
#156 = ( GEOMETRIC_REPRESENTATION_CONTEXT(2) 
PARAMETRIC_REPRESENTATION_CONTEXT() REPRESENTATION_CONTEXT('2D SPACE',''
  ) );
#157 = PCURVE('',#158,#163);
#158 = PLANE('',#159);
#159 = AXIS2_PLACEMENT_3D('',#160,#161,#162);
#160 = CARTESIAN_POINT('',(105.,0.,0.));
#161 = DIRECTION('',(-0.995158089271,0.,-9.828721869343E-02));
#162 = DIRECTION('',(-9.828721869343E-02,0.,0.995158089271));
#163 = DEFINITIONAL_REPRESENTATION('',(#164),#168);
#164 = LINE('',#165,#166);
#165 = CARTESIAN_POINT('',(0.,0.));
#166 = VECTOR('',#167,1.);
#167 = DIRECTION('',(0.,1.));
#168 = ( GEOMETRIC_REPRESENTATION_CONTEXT(2) 
PARAMETRIC_REPRESENTATION_CONTEXT() REPRESENTATION_CONTEXT('2D SPACE',''
  ) );
#169 = ORIENTED_EDGE('',*,*,#170,.T.);
#170 = EDGE_CURVE('',#143,#171,#173,.T.);
#171 = VERTEX_POINT('',#172);
#172 = CARTESIAN_POINT('',(90.,105.,0.));
#173 = SURFACE_CURVE('',#174,(#179,#186),.PCURVE_S1.);
#174 = CIRCLE('',#175,15.);
#175 = AXIS2_PLACEMENT_3D('',#176,#177,#178);
#176 = CARTESIAN_POINT('',(90.,90.,0.));
#177 = DIRECTION('',(0.,0.,1.));
#178 = DIRECTION('',(1.,0.,0.));
#179 = PCURVE('',#32,#180);
#180 = DEFINITIONAL_REPRESENTATION('',(#181),#185);
#181 = CIRCLE('',#182,15.);
#182 = AXIS2_PLACEMENT_2D('',#183,#184);
#183 = CARTESIAN_POINT('',(90.,90.));
#184 = DIRECTION('',(1.,0.));
#185 = ( GEOMETRIC_REPRESENTATION_CONTEXT(2) 
PARAMETRIC_REPRESENTATION_CONTEXT() REPRESENTATION_CONTEXT('2D SPACE',''
  ) );
#186 = PCURVE('',#187,#192);
#187 = CONICAL_SURFACE('',#188,15.,9.844615921263E-02);
#188 = AXIS2_PLACEMENT_3D('',#189,#190,#191);
#189 = CARTESIAN_POINT('',(90.,90.,0.));
#190 = DIRECTION('',(0.,0.,-1.));
#191 = DIRECTION('',(1.,0.,0.));
#192 = DEFINITIONAL_REPRESENTATION('',(#193),#197);
#193 = LINE('',#194,#195);
#194 = CARTESIAN_POINT('',(-0.,-0.));
#195 = VECTOR('',#196,1.);
#196 = DIRECTION('',(-1.,-0.));
#197 = ( GEOMETRIC_REPRESENTATION_CONTEXT(2) 
PARAMETRIC_REPRESENTATION_CONTEXT() REPRESENTATION_CONTEXT('2D SPACE',''
  ) );
#198 = ORIENTED_EDGE('',*,*,#199,.F.);
#199 = EDGE_CURVE('',#200,#171,#202,.T.);
#200 = VERTEX_POINT('',#201);
#201 = CARTESIAN_POINT('',(-90.,105.,0.));
#202 = SURFACE_CURVE('',#203,(#207,#214),.PCURVE_S1.);
#203 = LINE('',#204,#205);
#204 = CARTESIAN_POINT('',(0.,105.,0.));
#205 = VECTOR('',#206,1.);
#206 = DIRECTION('',(1.,0.,0.));
#207 = PCURVE('',#32,#208);
#208 = DEFINITIONAL_REPRESENTATION('',(#209),#213);
#209 = LINE('',#210,#211);
#210 = CARTESIAN_POINT('',(0.,105.));
#211 = VECTOR('',#212,1.);
#212 = DIRECTION('',(1.,0.));
#213 = ( GEOMETRIC_REPRESENTATION_CONTEXT(2) 
PARAMETRIC_REPRESENTATION_CONTEXT() REPRESENTATION_CONTEXT('2D SPACE',''
  ) );
#214 = PCURVE('',#215,#220);
#215 = PLANE('',#216);
#216 = AXIS2_PLACEMENT_3D('',#217,#218,#219);
#217 = CARTESIAN_POINT('',(0.,105.,0.));
#218 = DIRECTION('',(-0.,-0.995158089271,-9.828721869343E-02));
#219 = DIRECTION('',(0.,-9.828721869343E-02,0.995158089271));
#220 = DEFINITIONAL_REPRESENTATION('',(#221),#225);
#221 = LINE('',#222,#223);
#222 = CARTESIAN_POINT('',(0.,0.));
#223 = VECTOR('',#224,1.);
#224 = DIRECTION('',(-0.,-1.));
#225 = ( GEOMETRIC_REPRESENTATION_CONTEXT(2) 
PARAMETRIC_REPRESENTATION_CONTEXT() REPRESENTATION_CONTEXT('2D SPACE',''
  ) );
#226 = ORIENTED_EDGE('',*,*,#227,.T.);
#227 = EDGE_CURVE('',#200,#24,#228,.T.);
#228 = SURFACE_CURVE('',#229,(#234,#241),.PCURVE_S1.);
#229 = CIRCLE('',#230,15.);
#230 = AXIS2_PLACEMENT_3D('',#231,#232,#233);
#231 = CARTESIAN_POINT('',(-90.,90.,0.));
#232 = DIRECTION('',(0.,0.,1.));
#233 = DIRECTION('',(1.,0.,0.));
#234 = PCURVE('',#32,#235);
#235 = DEFINITIONAL_REPRESENTATION('',(#236),#240);
#236 = CIRCLE('',#237,15.);
#237 = AXIS2_PLACEMENT_2D('',#238,#239);
#238 = CARTESIAN_POINT('',(-90.,90.));
#239 = DIRECTION('',(1.,0.));
#240 = ( GEOMETRIC_REPRESENTATION_CONTEXT(2) 
PARAMETRIC_REPRESENTATION_CONTEXT() REPRESENTATION_CONTEXT('2D SPACE',''
  ) );
#241 = PCURVE('',#242,#247);
#242 = CONICAL_SURFACE('',#243,15.,9.844615921263E-02);
#243 = AXIS2_PLACEMENT_3D('',#244,#245,#246);
#244 = CARTESIAN_POINT('',(-90.,90.,0.));
#245 = DIRECTION('',(0.,0.,-1.));
#246 = DIRECTION('',(1.,0.,0.));
#247 = DEFINITIONAL_REPRESENTATION('',(#248),#252);
#248 = LINE('',#249,#250);
#249 = CARTESIAN_POINT('',(-0.,-0.));
#250 = VECTOR('',#251,1.);
#251 = DIRECTION('',(-1.,-0.));
#252 = ( GEOMETRIC_REPRESENTATION_CONTEXT(2) 
PARAMETRIC_REPRESENTATION_CONTEXT() REPRESENTATION_CONTEXT('2D SPACE',''
  ) );
#253 = FACE_BOUND('',#254,.F.);
#254 = EDGE_LOOP('',(#255,#286,#312,#341,#367,#396,#422,#451));
#255 = ORIENTED_EDGE('',*,*,#256,.F.);
#256 = EDGE_CURVE('',#257,#259,#261,.T.);
#257 = VERTEX_POINT('',#258);
#258 = CARTESIAN_POINT('',(-104.1012345679,-90.,0.));
#259 = VERTEX_POINT('',#260);
#260 = CARTESIAN_POINT('',(-90.,-104.1012345679,0.));
#261 = SURFACE_CURVE('',#262,(#267,#274),.PCURVE_S1.);
#262 = CIRCLE('',#263,14.101234567901);
#263 = AXIS2_PLACEMENT_3D('',#264,#265,#266);
#264 = CARTESIAN_POINT('',(-90.,-90.,0.));
#265 = DIRECTION('',(0.,0.,1.));
#266 = DIRECTION('',(1.,0.,-0.));
#267 = PCURVE('',#32,#268);
#268 = DEFINITIONAL_REPRESENTATION('',(#269),#273);
#269 = CIRCLE('',#270,14.101234567901);
#270 = AXIS2_PLACEMENT_2D('',#271,#272);
#271 = CARTESIAN_POINT('',(-90.,-90.));
#272 = DIRECTION('',(1.,0.));
#273 = ( GEOMETRIC_REPRESENTATION_CONTEXT(2) 
PARAMETRIC_REPRESENTATION_CONTEXT() REPRESENTATION_CONTEXT('2D SPACE',''
  ) );
#274 = PCURVE('',#275,#280);
#275 = CONICAL_SURFACE('',#276,14.2,9.844615921263E-02);
#276 = AXIS2_PLACEMENT_3D('',#277,#278,#279);
#277 = CARTESIAN_POINT('',(-90.,-90.,-1.));
#278 = DIRECTION('',(0.,0.,-1.));
#279 = DIRECTION('',(1.,0.,0.));
#280 = DEFINITIONAL_REPRESENTATION('',(#281),#285);
#281 = LINE('',#282,#283);
#282 = CARTESIAN_POINT('',(-0.,-1.));
#283 = VECTOR('',#284,1.);
#284 = DIRECTION('',(-1.,-0.));
#285 = ( GEOMETRIC_REPRESENTATION_CONTEXT(2) 
PARAMETRIC_REPRESENTATION_CONTEXT() REPRESENTATION_CONTEXT('2D SPACE',''
  ) );
#286 = ORIENTED_EDGE('',*,*,#287,.T.);
#287 = EDGE_CURVE('',#257,#288,#290,.T.);
#288 = VERTEX_POINT('',#289);
#289 = CARTESIAN_POINT('',(-104.1012345679,90.,0.));
#290 = SURFACE_CURVE('',#291,(#295,#301),.PCURVE_S1.);
#291 = LINE('',#292,#293);
#292 = CARTESIAN_POINT('',(-104.1012345679,0.,0.));
#293 = VECTOR('',#294,1.);
#294 = DIRECTION('',(-0.,1.,0.));
#295 = PCURVE('',#32,#296);
#296 = DEFINITIONAL_REPRESENTATION('',(#297),#300);
#297 = B_SPLINE_CURVE_WITH_KNOTS('',1,(#298,#299),.UNSPECIFIED.,.F.,.F.,
  (2,2),(-90.,90.),.PIECEWISE_BEZIER_KNOTS.);
#298 = CARTESIAN_POINT('',(-104.1012345679,-90.));
#299 = CARTESIAN_POINT('',(-104.1012345679,90.));
#300 = ( GEOMETRIC_REPRESENTATION_CONTEXT(2) 
PARAMETRIC_REPRESENTATION_CONTEXT() REPRESENTATION_CONTEXT('2D SPACE',''
  ) );
#301 = PCURVE('',#302,#307);
#302 = PLANE('',#303);
#303 = AXIS2_PLACEMENT_3D('',#304,#305,#306);
#304 = CARTESIAN_POINT('',(-104.2,0.,-1.));
#305 = DIRECTION('',(0.995158089271,0.,-9.828721869343E-02));
#306 = DIRECTION('',(9.828721869343E-02,0.,0.995158089271));
#307 = DEFINITIONAL_REPRESENTATION('',(#308),#311);
#308 = B_SPLINE_CURVE_WITH_KNOTS('',1,(#309,#310),.UNSPECIFIED.,.F.,.F.,
  (2,2),(-90.,90.),.PIECEWISE_BEZIER_KNOTS.);
#309 = CARTESIAN_POINT('',(1.004865468895,90.));
#310 = CARTESIAN_POINT('',(1.004865468895,-90.));
#311 = ( GEOMETRIC_REPRESENTATION_CONTEXT(2) 
PARAMETRIC_REPRESENTATION_CONTEXT() REPRESENTATION_CONTEXT('2D SPACE',''
  ) );
#312 = ORIENTED_EDGE('',*,*,#313,.F.);
#313 = EDGE_CURVE('',#314,#288,#316,.T.);
#314 = VERTEX_POINT('',#315);
#315 = CARTESIAN_POINT('',(-90.,104.1012345679,0.));
#316 = SURFACE_CURVE('',#317,(#322,#329),.PCURVE_S1.);
#317 = CIRCLE('',#318,14.101234567901);
#318 = AXIS2_PLACEMENT_3D('',#319,#320,#321);
#319 = CARTESIAN_POINT('',(-90.,90.,0.));
#320 = DIRECTION('',(0.,0.,1.));
#321 = DIRECTION('',(1.,0.,-0.));
#322 = PCURVE('',#32,#323);
#323 = DEFINITIONAL_REPRESENTATION('',(#324),#328);
#324 = CIRCLE('',#325,14.101234567901);
#325 = AXIS2_PLACEMENT_2D('',#326,#327);
#326 = CARTESIAN_POINT('',(-90.,90.));
#327 = DIRECTION('',(1.,0.));
#328 = ( GEOMETRIC_REPRESENTATION_CONTEXT(2) 
PARAMETRIC_REPRESENTATION_CONTEXT() REPRESENTATION_CONTEXT('2D SPACE',''
  ) );
#329 = PCURVE('',#330,#335);
#330 = CONICAL_SURFACE('',#331,14.2,9.844615921263E-02);
#331 = AXIS2_PLACEMENT_3D('',#332,#333,#334);
#332 = CARTESIAN_POINT('',(-90.,90.,-1.));
#333 = DIRECTION('',(0.,0.,-1.));
#334 = DIRECTION('',(1.,0.,0.));
#335 = DEFINITIONAL_REPRESENTATION('',(#336),#340);
#336 = LINE('',#337,#338);
#337 = CARTESIAN_POINT('',(-0.,-1.));
#338 = VECTOR('',#339,1.);
#339 = DIRECTION('',(-1.,-0.));
#340 = ( GEOMETRIC_REPRESENTATION_CONTEXT(2) 
PARAMETRIC_REPRESENTATION_CONTEXT() REPRESENTATION_CONTEXT('2D SPACE',''
  ) );
#341 = ORIENTED_EDGE('',*,*,#342,.T.);
#342 = EDGE_CURVE('',#314,#343,#345,.T.);
#343 = VERTEX_POINT('',#344);
#344 = CARTESIAN_POINT('',(90.,104.1012345679,0.));
#345 = SURFACE_CURVE('',#346,(#350,#356),.PCURVE_S1.);
#346 = LINE('',#347,#348);
#347 = CARTESIAN_POINT('',(0.,104.1012345679,0.));
#348 = VECTOR('',#349,1.);
#349 = DIRECTION('',(1.,0.,0.));
#350 = PCURVE('',#32,#351);
#351 = DEFINITIONAL_REPRESENTATION('',(#352),#355);
#352 = B_SPLINE_CURVE_WITH_KNOTS('',1,(#353,#354),.UNSPECIFIED.,.F.,.F.,
  (2,2),(-90.,90.),.PIECEWISE_BEZIER_KNOTS.);
#353 = CARTESIAN_POINT('',(-90.,104.1012345679));
#354 = CARTESIAN_POINT('',(90.,104.1012345679));
#355 = ( GEOMETRIC_REPRESENTATION_CONTEXT(2) 
PARAMETRIC_REPRESENTATION_CONTEXT() REPRESENTATION_CONTEXT('2D SPACE',''
  ) );
#356 = PCURVE('',#357,#362);
#357 = PLANE('',#358);
#358 = AXIS2_PLACEMENT_3D('',#359,#360,#361);
#359 = CARTESIAN_POINT('',(0.,104.2,-1.));
#360 = DIRECTION('',(-0.,-0.995158089271,-9.828721869343E-02));
#361 = DIRECTION('',(0.,-9.828721869343E-02,0.995158089271));
#362 = DEFINITIONAL_REPRESENTATION('',(#363),#366);
#363 = B_SPLINE_CURVE_WITH_KNOTS('',1,(#364,#365),.UNSPECIFIED.,.F.,.F.,
  (2,2),(-90.,90.),.PIECEWISE_BEZIER_KNOTS.);
#364 = CARTESIAN_POINT('',(1.004865468895,90.));
#365 = CARTESIAN_POINT('',(1.004865468895,-90.));
#366 = ( GEOMETRIC_REPRESENTATION_CONTEXT(2) 
PARAMETRIC_REPRESENTATION_CONTEXT() REPRESENTATION_CONTEXT('2D SPACE',''
  ) );
#367 = ORIENTED_EDGE('',*,*,#368,.F.);
#368 = EDGE_CURVE('',#369,#343,#371,.T.);
#369 = VERTEX_POINT('',#370);
#370 = CARTESIAN_POINT('',(104.1012345679,90.,0.));
#371 = SURFACE_CURVE('',#372,(#377,#384),.PCURVE_S1.);
#372 = CIRCLE('',#373,14.101234567901);
#373 = AXIS2_PLACEMENT_3D('',#374,#375,#376);
#374 = CARTESIAN_POINT('',(90.,90.,0.));
#375 = DIRECTION('',(0.,0.,1.));
#376 = DIRECTION('',(1.,0.,-0.));
#377 = PCURVE('',#32,#378);
#378 = DEFINITIONAL_REPRESENTATION('',(#379),#383);
#379 = CIRCLE('',#380,14.101234567901);
#380 = AXIS2_PLACEMENT_2D('',#381,#382);
#381 = CARTESIAN_POINT('',(90.,90.));
#382 = DIRECTION('',(1.,0.));
#383 = ( GEOMETRIC_REPRESENTATION_CONTEXT(2) 
PARAMETRIC_REPRESENTATION_CONTEXT() REPRESENTATION_CONTEXT('2D SPACE',''
  ) );
#384 = PCURVE('',#385,#390);
#385 = CONICAL_SURFACE('',#386,14.2,9.844615921263E-02);
#386 = AXIS2_PLACEMENT_3D('',#387,#388,#389);
#387 = CARTESIAN_POINT('',(90.,90.,-1.));
#388 = DIRECTION('',(0.,0.,-1.));
#389 = DIRECTION('',(1.,0.,0.));
#390 = DEFINITIONAL_REPRESENTATION('',(#391),#395);
#391 = LINE('',#392,#393);
#392 = CARTESIAN_POINT('',(-0.,-1.));
#393 = VECTOR('',#394,1.);
#394 = DIRECTION('',(-1.,-0.));
#395 = ( GEOMETRIC_REPRESENTATION_CONTEXT(2) 
PARAMETRIC_REPRESENTATION_CONTEXT() REPRESENTATION_CONTEXT('2D SPACE',''
  ) );
#396 = ORIENTED_EDGE('',*,*,#397,.T.);
#397 = EDGE_CURVE('',#369,#398,#400,.T.);
#398 = VERTEX_POINT('',#399);
#399 = CARTESIAN_POINT('',(104.1012345679,-90.,0.));
#400 = SURFACE_CURVE('',#401,(#405,#411),.PCURVE_S1.);
#401 = LINE('',#402,#403);
#402 = CARTESIAN_POINT('',(104.1012345679,0.,0.));
#403 = VECTOR('',#404,1.);
#404 = DIRECTION('',(-0.,-1.,0.));
#405 = PCURVE('',#32,#406);
#406 = DEFINITIONAL_REPRESENTATION('',(#407),#410);
#407 = B_SPLINE_CURVE_WITH_KNOTS('',1,(#408,#409),.UNSPECIFIED.,.F.,.F.,
  (2,2),(-90.,90.),.PIECEWISE_BEZIER_KNOTS.);
#408 = CARTESIAN_POINT('',(104.1012345679,90.));
#409 = CARTESIAN_POINT('',(104.1012345679,-90.));
#410 = ( GEOMETRIC_REPRESENTATION_CONTEXT(2) 
PARAMETRIC_REPRESENTATION_CONTEXT() REPRESENTATION_CONTEXT('2D SPACE',''
  ) );
#411 = PCURVE('',#412,#417);
#412 = PLANE('',#413);
#413 = AXIS2_PLACEMENT_3D('',#414,#415,#416);
#414 = CARTESIAN_POINT('',(104.2,0.,-1.));
#415 = DIRECTION('',(-0.995158089271,0.,-9.828721869343E-02));
#416 = DIRECTION('',(-9.828721869343E-02,0.,0.995158089271));
#417 = DEFINITIONAL_REPRESENTATION('',(#418),#421);
#418 = B_SPLINE_CURVE_WITH_KNOTS('',1,(#419,#420),.UNSPECIFIED.,.F.,.F.,
  (2,2),(-90.,90.),.PIECEWISE_BEZIER_KNOTS.);
#419 = CARTESIAN_POINT('',(1.004865468895,90.));
#420 = CARTESIAN_POINT('',(1.004865468895,-90.));
#421 = ( GEOMETRIC_REPRESENTATION_CONTEXT(2) 
PARAMETRIC_REPRESENTATION_CONTEXT() REPRESENTATION_CONTEXT('2D SPACE',''
  ) );
#422 = ORIENTED_EDGE('',*,*,#423,.F.);
#423 = EDGE_CURVE('',#424,#398,#426,.T.);
#424 = VERTEX_POINT('',#425);
#425 = CARTESIAN_POINT('',(90.,-104.1012345679,0.));
#426 = SURFACE_CURVE('',#427,(#432,#439),.PCURVE_S1.);
#427 = CIRCLE('',#428,14.101234567901);
#428 = AXIS2_PLACEMENT_3D('',#429,#430,#431);
#429 = CARTESIAN_POINT('',(90.,-90.,0.));
#430 = DIRECTION('',(0.,0.,1.));
#431 = DIRECTION('',(1.,0.,-0.));
#432 = PCURVE('',#32,#433);
#433 = DEFINITIONAL_REPRESENTATION('',(#434),#438);
#434 = CIRCLE('',#435,14.101234567901);
#435 = AXIS2_PLACEMENT_2D('',#436,#437);
#436 = CARTESIAN_POINT('',(90.,-90.));
#437 = DIRECTION('',(1.,0.));
#438 = ( GEOMETRIC_REPRESENTATION_CONTEXT(2) 
PARAMETRIC_REPRESENTATION_CONTEXT() REPRESENTATION_CONTEXT('2D SPACE',''
  ) );
#439 = PCURVE('',#440,#445);
#440 = CONICAL_SURFACE('',#441,14.2,9.844615921263E-02);
#441 = AXIS2_PLACEMENT_3D('',#442,#443,#444);
#442 = CARTESIAN_POINT('',(90.,-90.,-1.));
#443 = DIRECTION('',(0.,0.,-1.));
#444 = DIRECTION('',(1.,0.,0.));
#445 = DEFINITIONAL_REPRESENTATION('',(#446),#450);
#446 = LINE('',#447,#448);
#447 = CARTESIAN_POINT('',(-0.,-1.));
#448 = VECTOR('',#449,1.);
#449 = DIRECTION('',(-1.,-0.));
#450 = ( GEOMETRIC_REPRESENTATION_CONTEXT(2) 
PARAMETRIC_REPRESENTATION_CONTEXT() REPRESENTATION_CONTEXT('2D SPACE',''
  ) );
#451 = ORIENTED_EDGE('',*,*,#452,.T.);
#452 = EDGE_CURVE('',#424,#259,#453,.T.);
#453 = SURFACE_CURVE('',#454,(#458,#464),.PCURVE_S1.);
#454 = LINE('',#455,#456);
#455 = CARTESIAN_POINT('',(0.,-104.1012345679,0.));
#456 = VECTOR('',#457,1.);
#457 = DIRECTION('',(-1.,0.,0.));
#458 = PCURVE('',#32,#459);
#459 = DEFINITIONAL_REPRESENTATION('',(#460),#463);
#460 = B_SPLINE_CURVE_WITH_KNOTS('',1,(#461,#462),.UNSPECIFIED.,.F.,.F.,
  (2,2),(-90.,90.),.PIECEWISE_BEZIER_KNOTS.);
#461 = CARTESIAN_POINT('',(90.,-104.1012345679));
#462 = CARTESIAN_POINT('',(-90.,-104.1012345679));
#463 = ( GEOMETRIC_REPRESENTATION_CONTEXT(2) 
PARAMETRIC_REPRESENTATION_CONTEXT() REPRESENTATION_CONTEXT('2D SPACE',''
  ) );
#464 = PCURVE('',#465,#470);
#465 = PLANE('',#466);
#466 = AXIS2_PLACEMENT_3D('',#467,#468,#469);
#467 = CARTESIAN_POINT('',(0.,-104.2,-1.));
#468 = DIRECTION('',(0.,0.995158089271,-9.828721869343E-02));
#469 = DIRECTION('',(0.,9.828721869343E-02,0.995158089271));
#470 = DEFINITIONAL_REPRESENTATION('',(#471),#474);
#471 = B_SPLINE_CURVE_WITH_KNOTS('',1,(#472,#473),.UNSPECIFIED.,.F.,.F.,
  (2,2),(-90.,90.),.PIECEWISE_BEZIER_KNOTS.);
#472 = CARTESIAN_POINT('',(1.004865468895,90.));
#473 = CARTESIAN_POINT('',(1.004865468895,-90.));
#474 = ( GEOMETRIC_REPRESENTATION_CONTEXT(2) 
PARAMETRIC_REPRESENTATION_CONTEXT() REPRESENTATION_CONTEXT('2D SPACE',''
  ) );
#475 = ADVANCED_FACE('',(#476),#44,.F.);
#476 = FACE_BOUND('',#477,.F.);
#477 = EDGE_LOOP('',(#478,#499,#527,#546));
#478 = ORIENTED_EDGE('',*,*,#479,.T.);
#479 = EDGE_CURVE('',#24,#480,#482,.T.);
#480 = VERTEX_POINT('',#481);
#481 = CARTESIAN_POINT('',(-101.,90.,40.5));
#482 = SURFACE_CURVE('',#483,(#487,#493),.PCURVE_S1.);
#483 = LINE('',#484,#485);
#484 = CARTESIAN_POINT('',(-105.,90.,0.));
#485 = VECTOR('',#486,1.);
#486 = DIRECTION('',(9.828721869343E-02,-1.2036712777E-17,0.995158089271
    ));
#487 = PCURVE('',#44,#488);
#488 = DEFINITIONAL_REPRESENTATION('',(#489),#492);
#489 = B_SPLINE_CURVE_WITH_KNOTS('',1,(#490,#491),.UNSPECIFIED.,.F.,.F.,
  (2,2),(0.,40.697051490249),.PIECEWISE_BEZIER_KNOTS.);
#490 = CARTESIAN_POINT('',(0.,-90.));
#491 = CARTESIAN_POINT('',(40.697051490249,-90.));
#492 = ( GEOMETRIC_REPRESENTATION_CONTEXT(2) 
PARAMETRIC_REPRESENTATION_CONTEXT() REPRESENTATION_CONTEXT('2D SPACE',''
  ) );
#493 = PCURVE('',#242,#494);
#494 = DEFINITIONAL_REPRESENTATION('',(#495),#498);
#495 = B_SPLINE_CURVE_WITH_KNOTS('',1,(#496,#497),.UNSPECIFIED.,.F.,.F.,
  (2,2),(0.,40.697051490249),.PIECEWISE_BEZIER_KNOTS.);
#496 = CARTESIAN_POINT('',(-3.14159265359,0.));
#497 = CARTESIAN_POINT('',(-3.14159265359,-40.5));
#498 = ( GEOMETRIC_REPRESENTATION_CONTEXT(2) 
PARAMETRIC_REPRESENTATION_CONTEXT() REPRESENTATION_CONTEXT('2D SPACE',''
  ) );
#499 = ORIENTED_EDGE('',*,*,#500,.T.);
#500 = EDGE_CURVE('',#480,#501,#503,.T.);
#501 = VERTEX_POINT('',#502);
#502 = CARTESIAN_POINT('',(-101.,-90.,40.5));
#503 = SURFACE_CURVE('',#504,(#508,#515),.PCURVE_S1.);
#504 = LINE('',#505,#506);
#505 = CARTESIAN_POINT('',(-101.,0.,40.5));
#506 = VECTOR('',#507,1.);
#507 = DIRECTION('',(0.,-1.,0.));
#508 = PCURVE('',#44,#509);
#509 = DEFINITIONAL_REPRESENTATION('',(#510),#514);
#510 = LINE('',#511,#512);
#511 = CARTESIAN_POINT('',(40.697051490249,0.));
#512 = VECTOR('',#513,1.);
#513 = DIRECTION('',(0.,1.));
#514 = ( GEOMETRIC_REPRESENTATION_CONTEXT(2) 
PARAMETRIC_REPRESENTATION_CONTEXT() REPRESENTATION_CONTEXT('2D SPACE',''
  ) );
#515 = PCURVE('',#516,#521);
#516 = PLANE('',#517);
#517 = AXIS2_PLACEMENT_3D('',#518,#519,#520);
#518 = CARTESIAN_POINT('',(0.,0.,40.5));
#519 = DIRECTION('',(0.,0.,1.));
#520 = DIRECTION('',(1.,0.,0.));
#521 = DEFINITIONAL_REPRESENTATION('',(#522),#526);
#522 = LINE('',#523,#524);
#523 = CARTESIAN_POINT('',(-101.,0.));
#524 = VECTOR('',#525,1.);
#525 = DIRECTION('',(-0.,-1.));
#526 = ( GEOMETRIC_REPRESENTATION_CONTEXT(2) 
PARAMETRIC_REPRESENTATION_CONTEXT() REPRESENTATION_CONTEXT('2D SPACE',''
  ) );
#527 = ORIENTED_EDGE('',*,*,#528,.F.);
#528 = EDGE_CURVE('',#22,#501,#529,.T.);
#529 = SURFACE_CURVE('',#530,(#534,#540),.PCURVE_S1.);
#530 = LINE('',#531,#532);
#531 = CARTESIAN_POINT('',(-105.,-90.,0.));
#532 = VECTOR('',#533,1.);
#533 = DIRECTION('',(9.828721869343E-02,0.,0.995158089271));
#534 = PCURVE('',#44,#535);
#535 = DEFINITIONAL_REPRESENTATION('',(#536),#539);
#536 = B_SPLINE_CURVE_WITH_KNOTS('',1,(#537,#538),.UNSPECIFIED.,.F.,.F.,
  (2,2),(0.,40.697051490249),.PIECEWISE_BEZIER_KNOTS.);
#537 = CARTESIAN_POINT('',(0.,90.));
#538 = CARTESIAN_POINT('',(40.697051490249,90.));
#539 = ( GEOMETRIC_REPRESENTATION_CONTEXT(2) 
PARAMETRIC_REPRESENTATION_CONTEXT() REPRESENTATION_CONTEXT('2D SPACE',''
  ) );
#540 = PCURVE('',#73,#541);
#541 = DEFINITIONAL_REPRESENTATION('',(#542),#545);
#542 = B_SPLINE_CURVE_WITH_KNOTS('',1,(#543,#544),.UNSPECIFIED.,.F.,.F.,
  (2,2),(0.,40.697051490249),.PIECEWISE_BEZIER_KNOTS.);
#543 = CARTESIAN_POINT('',(-3.14159265359,0.));
#544 = CARTESIAN_POINT('',(-3.14159265359,-40.5));
#545 = ( GEOMETRIC_REPRESENTATION_CONTEXT(2) 
PARAMETRIC_REPRESENTATION_CONTEXT() REPRESENTATION_CONTEXT('2D SPACE',''
  ) );
#546 = ORIENTED_EDGE('',*,*,#21,.T.);
#547 = ADVANCED_FACE('',(#548),#73,.T.);
#548 = FACE_BOUND('',#549,.T.);
#549 = EDGE_LOOP('',(#550,#551,#552,#573));
#550 = ORIENTED_EDGE('',*,*,#528,.F.);
#551 = ORIENTED_EDGE('',*,*,#56,.T.);
#552 = ORIENTED_EDGE('',*,*,#553,.T.);
#553 = EDGE_CURVE('',#57,#554,#556,.T.);
#554 = VERTEX_POINT('',#555);
#555 = CARTESIAN_POINT('',(-90.,-101.,40.5));
#556 = SURFACE_CURVE('',#557,(#561,#567),.PCURVE_S1.);
#557 = LINE('',#558,#559);
#558 = CARTESIAN_POINT('',(-90.,-105.,0.));
#559 = VECTOR('',#560,1.);
#560 = DIRECTION('',(1.80550691655E-17,9.828721869343E-02,0.995158089271
    ));
#561 = PCURVE('',#73,#562);
#562 = DEFINITIONAL_REPRESENTATION('',(#563),#566);
#563 = B_SPLINE_CURVE_WITH_KNOTS('',1,(#564,#565),.UNSPECIFIED.,.F.,.F.,
  (2,2),(0.,40.697051490249),.PIECEWISE_BEZIER_KNOTS.);
#564 = CARTESIAN_POINT('',(-4.712388980385,0.));
#565 = CARTESIAN_POINT('',(-4.712388980385,-40.5));
#566 = ( GEOMETRIC_REPRESENTATION_CONTEXT(2) 
PARAMETRIC_REPRESENTATION_CONTEXT() REPRESENTATION_CONTEXT('2D SPACE',''
  ) );
#567 = PCURVE('',#101,#568);
#568 = DEFINITIONAL_REPRESENTATION('',(#569),#572);
#569 = B_SPLINE_CURVE_WITH_KNOTS('',1,(#570,#571),.UNSPECIFIED.,.F.,.F.,
  (2,2),(0.,40.697051490249),.PIECEWISE_BEZIER_KNOTS.);
#570 = CARTESIAN_POINT('',(0.,-90.));
#571 = CARTESIAN_POINT('',(40.697051490249,-90.));
#572 = ( GEOMETRIC_REPRESENTATION_CONTEXT(2) 
PARAMETRIC_REPRESENTATION_CONTEXT() REPRESENTATION_CONTEXT('2D SPACE',''
  ) );
#573 = ORIENTED_EDGE('',*,*,#574,.F.);
#574 = EDGE_CURVE('',#501,#554,#575,.T.);
#575 = SURFACE_CURVE('',#576,(#581,#588),.PCURVE_S1.);
#576 = CIRCLE('',#577,11.);
#577 = AXIS2_PLACEMENT_3D('',#578,#579,#580);
#578 = CARTESIAN_POINT('',(-90.,-90.,40.5));
#579 = DIRECTION('',(0.,0.,1.));
#580 = DIRECTION('',(1.,0.,0.));
#581 = PCURVE('',#73,#582);
#582 = DEFINITIONAL_REPRESENTATION('',(#583),#587);
#583 = LINE('',#584,#585);
#584 = CARTESIAN_POINT('',(-0.,-40.5));
#585 = VECTOR('',#586,1.);
#586 = DIRECTION('',(-1.,-0.));
#587 = ( GEOMETRIC_REPRESENTATION_CONTEXT(2) 
PARAMETRIC_REPRESENTATION_CONTEXT() REPRESENTATION_CONTEXT('2D SPACE',''
  ) );
#588 = PCURVE('',#516,#589);
#589 = DEFINITIONAL_REPRESENTATION('',(#590),#594);
#590 = CIRCLE('',#591,11.);
#591 = AXIS2_PLACEMENT_2D('',#592,#593);
#592 = CARTESIAN_POINT('',(-90.,-90.));
#593 = DIRECTION('',(1.,0.));
#594 = ( GEOMETRIC_REPRESENTATION_CONTEXT(2) 
PARAMETRIC_REPRESENTATION_CONTEXT() REPRESENTATION_CONTEXT('2D SPACE',''
  ) );
#595 = ADVANCED_FACE('',(#596),#242,.T.);
#596 = FACE_BOUND('',#597,.T.);
#597 = EDGE_LOOP('',(#598,#619,#620,#621));
#598 = ORIENTED_EDGE('',*,*,#599,.F.);
#599 = EDGE_CURVE('',#200,#600,#602,.T.);
#600 = VERTEX_POINT('',#601);
#601 = CARTESIAN_POINT('',(-90.,101.,40.5));
#602 = SURFACE_CURVE('',#603,(#607,#613),.PCURVE_S1.);
#603 = LINE('',#604,#605);
#604 = CARTESIAN_POINT('',(-90.,105.,0.));
#605 = VECTOR('',#606,1.);
#606 = DIRECTION('',(0.,-9.828721869343E-02,0.995158089271));
#607 = PCURVE('',#242,#608);
#608 = DEFINITIONAL_REPRESENTATION('',(#609),#612);
#609 = B_SPLINE_CURVE_WITH_KNOTS('',1,(#610,#611),.UNSPECIFIED.,.F.,.F.,
  (2,2),(0.,40.697051490249),.PIECEWISE_BEZIER_KNOTS.);
#610 = CARTESIAN_POINT('',(-1.570796326795,0.));
#611 = CARTESIAN_POINT('',(-1.570796326795,-40.5));
#612 = ( GEOMETRIC_REPRESENTATION_CONTEXT(2) 
PARAMETRIC_REPRESENTATION_CONTEXT() REPRESENTATION_CONTEXT('2D SPACE',''
  ) );
#613 = PCURVE('',#215,#614);
#614 = DEFINITIONAL_REPRESENTATION('',(#615),#618);
#615 = B_SPLINE_CURVE_WITH_KNOTS('',1,(#616,#617),.UNSPECIFIED.,.F.,.F.,
  (2,2),(0.,40.697051490249),.PIECEWISE_BEZIER_KNOTS.);
#616 = CARTESIAN_POINT('',(0.,90.));
#617 = CARTESIAN_POINT('',(40.697051490249,90.));
#618 = ( GEOMETRIC_REPRESENTATION_CONTEXT(2) 
PARAMETRIC_REPRESENTATION_CONTEXT() REPRESENTATION_CONTEXT('2D SPACE',''
  ) );
#619 = ORIENTED_EDGE('',*,*,#227,.T.);
#620 = ORIENTED_EDGE('',*,*,#479,.T.);
#621 = ORIENTED_EDGE('',*,*,#622,.F.);
#622 = EDGE_CURVE('',#600,#480,#623,.T.);
#623 = SURFACE_CURVE('',#624,(#629,#636),.PCURVE_S1.);
#624 = CIRCLE('',#625,11.);
#625 = AXIS2_PLACEMENT_3D('',#626,#627,#628);
#626 = CARTESIAN_POINT('',(-90.,90.,40.5));
#627 = DIRECTION('',(0.,0.,1.));
#628 = DIRECTION('',(1.,0.,0.));
#629 = PCURVE('',#242,#630);
#630 = DEFINITIONAL_REPRESENTATION('',(#631),#635);
#631 = LINE('',#632,#633);
#632 = CARTESIAN_POINT('',(-0.,-40.5));
#633 = VECTOR('',#634,1.);
#634 = DIRECTION('',(-1.,-0.));
#635 = ( GEOMETRIC_REPRESENTATION_CONTEXT(2) 
PARAMETRIC_REPRESENTATION_CONTEXT() REPRESENTATION_CONTEXT('2D SPACE',''
  ) );
#636 = PCURVE('',#516,#637);
#637 = DEFINITIONAL_REPRESENTATION('',(#638),#642);
#638 = CIRCLE('',#639,11.);
#639 = AXIS2_PLACEMENT_2D('',#640,#641);
#640 = CARTESIAN_POINT('',(-90.,90.));
#641 = DIRECTION('',(1.,0.));
#642 = ( GEOMETRIC_REPRESENTATION_CONTEXT(2) 
PARAMETRIC_REPRESENTATION_CONTEXT() REPRESENTATION_CONTEXT('2D SPACE',''
  ) );
#643 = ADVANCED_FACE('',(#644),#101,.F.);
#644 = FACE_BOUND('',#645,.F.);
#645 = EDGE_LOOP('',(#646,#647,#670,#689));
#646 = ORIENTED_EDGE('',*,*,#553,.T.);
#647 = ORIENTED_EDGE('',*,*,#648,.T.);
#648 = EDGE_CURVE('',#554,#649,#651,.T.);
#649 = VERTEX_POINT('',#650);
#650 = CARTESIAN_POINT('',(90.,-101.,40.5));
#651 = SURFACE_CURVE('',#652,(#656,#663),.PCURVE_S1.);
#652 = LINE('',#653,#654);
#653 = CARTESIAN_POINT('',(0.,-101.,40.5));
#654 = VECTOR('',#655,1.);
#655 = DIRECTION('',(1.,0.,0.));
#656 = PCURVE('',#101,#657);
#657 = DEFINITIONAL_REPRESENTATION('',(#658),#662);
#658 = LINE('',#659,#660);
#659 = CARTESIAN_POINT('',(40.697051490249,0.));
#660 = VECTOR('',#661,1.);
#661 = DIRECTION('',(0.,1.));
#662 = ( GEOMETRIC_REPRESENTATION_CONTEXT(2) 
PARAMETRIC_REPRESENTATION_CONTEXT() REPRESENTATION_CONTEXT('2D SPACE',''
  ) );
#663 = PCURVE('',#516,#664);
#664 = DEFINITIONAL_REPRESENTATION('',(#665),#669);
#665 = LINE('',#666,#667);
#666 = CARTESIAN_POINT('',(0.,-101.));
#667 = VECTOR('',#668,1.);
#668 = DIRECTION('',(1.,0.));
#669 = ( GEOMETRIC_REPRESENTATION_CONTEXT(2) 
PARAMETRIC_REPRESENTATION_CONTEXT() REPRESENTATION_CONTEXT('2D SPACE',''
  ) );
#670 = ORIENTED_EDGE('',*,*,#671,.F.);
#671 = EDGE_CURVE('',#86,#649,#672,.T.);
#672 = SURFACE_CURVE('',#673,(#677,#683),.PCURVE_S1.);
#673 = LINE('',#674,#675);
#674 = CARTESIAN_POINT('',(90.,-105.,0.));
#675 = VECTOR('',#676,1.);
#676 = DIRECTION('',(0.,9.828721869343E-02,0.995158089271));
#677 = PCURVE('',#101,#678);
#678 = DEFINITIONAL_REPRESENTATION('',(#679),#682);
#679 = B_SPLINE_CURVE_WITH_KNOTS('',1,(#680,#681),.UNSPECIFIED.,.F.,.F.,
  (2,2),(0.,40.697051490249),.PIECEWISE_BEZIER_KNOTS.);
#680 = CARTESIAN_POINT('',(0.,90.));
#681 = CARTESIAN_POINT('',(40.697051490249,90.));
#682 = ( GEOMETRIC_REPRESENTATION_CONTEXT(2) 
PARAMETRIC_REPRESENTATION_CONTEXT() REPRESENTATION_CONTEXT('2D SPACE',''
  ) );
#683 = PCURVE('',#130,#684);
#684 = DEFINITIONAL_REPRESENTATION('',(#685),#688);
#685 = B_SPLINE_CURVE_WITH_KNOTS('',1,(#686,#687),.UNSPECIFIED.,.F.,.F.,
  (2,2),(0.,40.697051490249),.PIECEWISE_BEZIER_KNOTS.);
#686 = CARTESIAN_POINT('',(-4.712388980385,0.));
#687 = CARTESIAN_POINT('',(-4.712388980385,-40.5));
#688 = ( GEOMETRIC_REPRESENTATION_CONTEXT(2) 
PARAMETRIC_REPRESENTATION_CONTEXT() REPRESENTATION_CONTEXT('2D SPACE',''
  ) );
#689 = ORIENTED_EDGE('',*,*,#85,.F.);
#690 = ADVANCED_FACE('',(#691),#215,.F.);
#691 = FACE_BOUND('',#692,.F.);
#692 = EDGE_LOOP('',(#693,#694,#695,#716));
#693 = ORIENTED_EDGE('',*,*,#599,.F.);
#694 = ORIENTED_EDGE('',*,*,#199,.T.);
#695 = ORIENTED_EDGE('',*,*,#696,.T.);
#696 = EDGE_CURVE('',#171,#697,#699,.T.);
#697 = VERTEX_POINT('',#698);
#698 = CARTESIAN_POINT('',(90.,101.,40.5));
#699 = SURFACE_CURVE('',#700,(#704,#710),.PCURVE_S1.);
#700 = LINE('',#701,#702);
#701 = CARTESIAN_POINT('',(90.,105.,0.));
#702 = VECTOR('',#703,1.);
#703 = DIRECTION('',(-6.0183563885E-18,-9.828721869343E-02,
    0.995158089271));
#704 = PCURVE('',#215,#705);
#705 = DEFINITIONAL_REPRESENTATION('',(#706),#709);
#706 = B_SPLINE_CURVE_WITH_KNOTS('',1,(#707,#708),.UNSPECIFIED.,.F.,.F.,
  (2,2),(0.,40.697051490249),.PIECEWISE_BEZIER_KNOTS.);
#707 = CARTESIAN_POINT('',(0.,-90.));
#708 = CARTESIAN_POINT('',(40.697051490249,-90.));
#709 = ( GEOMETRIC_REPRESENTATION_CONTEXT(2) 
PARAMETRIC_REPRESENTATION_CONTEXT() REPRESENTATION_CONTEXT('2D SPACE',''
  ) );
#710 = PCURVE('',#187,#711);
#711 = DEFINITIONAL_REPRESENTATION('',(#712),#715);
#712 = B_SPLINE_CURVE_WITH_KNOTS('',1,(#713,#714),.UNSPECIFIED.,.F.,.F.,
  (2,2),(0.,40.697051490249),.PIECEWISE_BEZIER_KNOTS.);
#713 = CARTESIAN_POINT('',(-1.570796326795,0.));
#714 = CARTESIAN_POINT('',(-1.570796326795,-40.5));
#715 = ( GEOMETRIC_REPRESENTATION_CONTEXT(2) 
PARAMETRIC_REPRESENTATION_CONTEXT() REPRESENTATION_CONTEXT('2D SPACE',''
  ) );
#716 = ORIENTED_EDGE('',*,*,#717,.T.);
#717 = EDGE_CURVE('',#697,#600,#718,.T.);
#718 = SURFACE_CURVE('',#719,(#723,#730),.PCURVE_S1.);
#719 = LINE('',#720,#721);
#720 = CARTESIAN_POINT('',(0.,101.,40.5));
#721 = VECTOR('',#722,1.);
#722 = DIRECTION('',(-1.,0.,0.));
#723 = PCURVE('',#215,#724);
#724 = DEFINITIONAL_REPRESENTATION('',(#725),#729);
#725 = LINE('',#726,#727);
#726 = CARTESIAN_POINT('',(40.697051490249,0.));
#727 = VECTOR('',#728,1.);
#728 = DIRECTION('',(0.,1.));
#729 = ( GEOMETRIC_REPRESENTATION_CONTEXT(2) 
PARAMETRIC_REPRESENTATION_CONTEXT() REPRESENTATION_CONTEXT('2D SPACE',''
  ) );
#730 = PCURVE('',#516,#731);
#731 = DEFINITIONAL_REPRESENTATION('',(#732),#736);
#732 = LINE('',#733,#734);
#733 = CARTESIAN_POINT('',(0.,101.));
#734 = VECTOR('',#735,1.);
#735 = DIRECTION('',(-1.,-0.));
#736 = ( GEOMETRIC_REPRESENTATION_CONTEXT(2) 
PARAMETRIC_REPRESENTATION_CONTEXT() REPRESENTATION_CONTEXT('2D SPACE',''
  ) );
#737 = ADVANCED_FACE('',(#738),#130,.T.);
#738 = FACE_BOUND('',#739,.T.);
#739 = EDGE_LOOP('',(#740,#741,#742,#763));
#740 = ORIENTED_EDGE('',*,*,#671,.F.);
#741 = ORIENTED_EDGE('',*,*,#113,.T.);
#742 = ORIENTED_EDGE('',*,*,#743,.T.);
#743 = EDGE_CURVE('',#114,#744,#746,.T.);
#744 = VERTEX_POINT('',#745);
#745 = CARTESIAN_POINT('',(101.,-90.,40.5));
#746 = SURFACE_CURVE('',#747,(#751,#757),.PCURVE_S1.);
#747 = LINE('',#748,#749);
#748 = CARTESIAN_POINT('',(105.,-90.,0.));
#749 = VECTOR('',#750,1.);
#750 = DIRECTION('',(-9.828721869343E-02,2.4073425554E-17,0.995158089271
    ));
#751 = PCURVE('',#130,#752);
#752 = DEFINITIONAL_REPRESENTATION('',(#753),#756);
#753 = B_SPLINE_CURVE_WITH_KNOTS('',1,(#754,#755),.UNSPECIFIED.,.F.,.F.,
  (2,2),(0.,40.697051490249),.PIECEWISE_BEZIER_KNOTS.);
#754 = CARTESIAN_POINT('',(-6.28318530718,0.));
#755 = CARTESIAN_POINT('',(-6.28318530718,-40.5));
#756 = ( GEOMETRIC_REPRESENTATION_CONTEXT(2) 
PARAMETRIC_REPRESENTATION_CONTEXT() REPRESENTATION_CONTEXT('2D SPACE',''
  ) );
#757 = PCURVE('',#158,#758);
#758 = DEFINITIONAL_REPRESENTATION('',(#759),#762);
#759 = B_SPLINE_CURVE_WITH_KNOTS('',1,(#760,#761),.UNSPECIFIED.,.F.,.F.,
  (2,2),(0.,40.697051490249),.PIECEWISE_BEZIER_KNOTS.);
#760 = CARTESIAN_POINT('',(0.,-90.));
#761 = CARTESIAN_POINT('',(40.697051490249,-90.));
#762 = ( GEOMETRIC_REPRESENTATION_CONTEXT(2) 
PARAMETRIC_REPRESENTATION_CONTEXT() REPRESENTATION_CONTEXT('2D SPACE',''
  ) );
#763 = ORIENTED_EDGE('',*,*,#764,.F.);
#764 = EDGE_CURVE('',#649,#744,#765,.T.);
#765 = SURFACE_CURVE('',#766,(#771,#778),.PCURVE_S1.);
#766 = CIRCLE('',#767,11.);
#767 = AXIS2_PLACEMENT_3D('',#768,#769,#770);
#768 = CARTESIAN_POINT('',(90.,-90.,40.5));
#769 = DIRECTION('',(0.,0.,1.));
#770 = DIRECTION('',(1.,0.,0.));
#771 = PCURVE('',#130,#772);
#772 = DEFINITIONAL_REPRESENTATION('',(#773),#777);
#773 = LINE('',#774,#775);
#774 = CARTESIAN_POINT('',(-0.,-40.5));
#775 = VECTOR('',#776,1.);
#776 = DIRECTION('',(-1.,-0.));
#777 = ( GEOMETRIC_REPRESENTATION_CONTEXT(2) 
PARAMETRIC_REPRESENTATION_CONTEXT() REPRESENTATION_CONTEXT('2D SPACE',''
  ) );
#778 = PCURVE('',#516,#779);
#779 = DEFINITIONAL_REPRESENTATION('',(#780),#784);
#780 = CIRCLE('',#781,11.);
#781 = AXIS2_PLACEMENT_2D('',#782,#783);
#782 = CARTESIAN_POINT('',(90.,-90.));
#783 = DIRECTION('',(1.,0.));
#784 = ( GEOMETRIC_REPRESENTATION_CONTEXT(2) 
PARAMETRIC_REPRESENTATION_CONTEXT() REPRESENTATION_CONTEXT('2D SPACE',''
  ) );
#785 = ADVANCED_FACE('',(#786),#187,.T.);
#786 = FACE_BOUND('',#787,.T.);
#787 = EDGE_LOOP('',(#788,#809,#810,#811));
#788 = ORIENTED_EDGE('',*,*,#789,.F.);
#789 = EDGE_CURVE('',#143,#790,#792,.T.);
#790 = VERTEX_POINT('',#791);
#791 = CARTESIAN_POINT('',(101.,90.,40.5));
#792 = SURFACE_CURVE('',#793,(#797,#803),.PCURVE_S1.);
#793 = LINE('',#794,#795);
#794 = CARTESIAN_POINT('',(105.,90.,0.));
#795 = VECTOR('',#796,1.);
#796 = DIRECTION('',(-9.828721869343E-02,0.,0.995158089271));
#797 = PCURVE('',#187,#798);
#798 = DEFINITIONAL_REPRESENTATION('',(#799),#802);
#799 = B_SPLINE_CURVE_WITH_KNOTS('',1,(#800,#801),.UNSPECIFIED.,.F.,.F.,
  (2,2),(0.,40.697051490249),.PIECEWISE_BEZIER_KNOTS.);
#800 = CARTESIAN_POINT('',(0.,0.));
#801 = CARTESIAN_POINT('',(0.,-40.5));
#802 = ( GEOMETRIC_REPRESENTATION_CONTEXT(2) 
PARAMETRIC_REPRESENTATION_CONTEXT() REPRESENTATION_CONTEXT('2D SPACE',''
  ) );
#803 = PCURVE('',#158,#804);
#804 = DEFINITIONAL_REPRESENTATION('',(#805),#808);
#805 = B_SPLINE_CURVE_WITH_KNOTS('',1,(#806,#807),.UNSPECIFIED.,.F.,.F.,
  (2,2),(0.,40.697051490249),.PIECEWISE_BEZIER_KNOTS.);
#806 = CARTESIAN_POINT('',(0.,90.));
#807 = CARTESIAN_POINT('',(40.697051490249,90.));
#808 = ( GEOMETRIC_REPRESENTATION_CONTEXT(2) 
PARAMETRIC_REPRESENTATION_CONTEXT() REPRESENTATION_CONTEXT('2D SPACE',''
  ) );
#809 = ORIENTED_EDGE('',*,*,#170,.T.);
#810 = ORIENTED_EDGE('',*,*,#696,.T.);
#811 = ORIENTED_EDGE('',*,*,#812,.F.);
#812 = EDGE_CURVE('',#790,#697,#813,.T.);
#813 = SURFACE_CURVE('',#814,(#819,#826),.PCURVE_S1.);
#814 = CIRCLE('',#815,11.);
#815 = AXIS2_PLACEMENT_3D('',#816,#817,#818);
#816 = CARTESIAN_POINT('',(90.,90.,40.5));
#817 = DIRECTION('',(0.,0.,1.));
#818 = DIRECTION('',(1.,0.,0.));
#819 = PCURVE('',#187,#820);
#820 = DEFINITIONAL_REPRESENTATION('',(#821),#825);
#821 = LINE('',#822,#823);
#822 = CARTESIAN_POINT('',(-0.,-40.5));
#823 = VECTOR('',#824,1.);
#824 = DIRECTION('',(-1.,-0.));
#825 = ( GEOMETRIC_REPRESENTATION_CONTEXT(2) 
PARAMETRIC_REPRESENTATION_CONTEXT() REPRESENTATION_CONTEXT('2D SPACE',''
  ) );
#826 = PCURVE('',#516,#827);
#827 = DEFINITIONAL_REPRESENTATION('',(#828),#832);
#828 = CIRCLE('',#829,11.);
#829 = AXIS2_PLACEMENT_2D('',#830,#831);
#830 = CARTESIAN_POINT('',(90.,90.));
#831 = DIRECTION('',(1.,-2.449293598295E-16));
#832 = ( GEOMETRIC_REPRESENTATION_CONTEXT(2) 
PARAMETRIC_REPRESENTATION_CONTEXT() REPRESENTATION_CONTEXT('2D SPACE',''
  ) );
#833 = ADVANCED_FACE('',(#834),#158,.F.);
#834 = FACE_BOUND('',#835,.F.);
#835 = EDGE_LOOP('',(#836,#837,#858,#859));
#836 = ORIENTED_EDGE('',*,*,#743,.T.);
#837 = ORIENTED_EDGE('',*,*,#838,.T.);
#838 = EDGE_CURVE('',#744,#790,#839,.T.);
#839 = SURFACE_CURVE('',#840,(#844,#851),.PCURVE_S1.);
#840 = LINE('',#841,#842);
#841 = CARTESIAN_POINT('',(101.,0.,40.5));
#842 = VECTOR('',#843,1.);
#843 = DIRECTION('',(0.,1.,0.));
#844 = PCURVE('',#158,#845);
#845 = DEFINITIONAL_REPRESENTATION('',(#846),#850);
#846 = LINE('',#847,#848);
#847 = CARTESIAN_POINT('',(40.697051490249,0.));
#848 = VECTOR('',#849,1.);
#849 = DIRECTION('',(0.,1.));
#850 = ( GEOMETRIC_REPRESENTATION_CONTEXT(2) 
PARAMETRIC_REPRESENTATION_CONTEXT() REPRESENTATION_CONTEXT('2D SPACE',''
  ) );
#851 = PCURVE('',#516,#852);
#852 = DEFINITIONAL_REPRESENTATION('',(#853),#857);
#853 = LINE('',#854,#855);
#854 = CARTESIAN_POINT('',(101.,0.));
#855 = VECTOR('',#856,1.);
#856 = DIRECTION('',(0.,1.));
#857 = ( GEOMETRIC_REPRESENTATION_CONTEXT(2) 
PARAMETRIC_REPRESENTATION_CONTEXT() REPRESENTATION_CONTEXT('2D SPACE',''
  ) );
#858 = ORIENTED_EDGE('',*,*,#789,.F.);
#859 = ORIENTED_EDGE('',*,*,#142,.F.);
#860 = ADVANCED_FACE('',(#861),#275,.F.);
#861 = FACE_BOUND('',#862,.F.);
#862 = EDGE_LOOP('',(#863,#884,#885,#906));
#863 = ORIENTED_EDGE('',*,*,#864,.F.);
#864 = EDGE_CURVE('',#257,#865,#867,.T.);
#865 = VERTEX_POINT('',#866);
#866 = CARTESIAN_POINT('',(-100.1802469135,-90.,39.7));
#867 = SURFACE_CURVE('',#868,(#872,#878),.PCURVE_S1.);
#868 = LINE('',#869,#870);
#869 = CARTESIAN_POINT('',(-104.2,-90.,-1.));
#870 = VECTOR('',#871,1.);
#871 = DIRECTION('',(9.828721869343E-02,0.,0.995158089271));
#872 = PCURVE('',#275,#873);
#873 = DEFINITIONAL_REPRESENTATION('',(#874),#877);
#874 = B_SPLINE_CURVE_WITH_KNOTS('',1,(#875,#876),.UNSPECIFIED.,.F.,.F.,
  (2,2),(0.,40.898024584028),.PIECEWISE_BEZIER_KNOTS.);
#875 = CARTESIAN_POINT('',(-3.14159265359,0.));
#876 = CARTESIAN_POINT('',(-3.14159265359,-40.7));
#877 = ( GEOMETRIC_REPRESENTATION_CONTEXT(2) 
PARAMETRIC_REPRESENTATION_CONTEXT() REPRESENTATION_CONTEXT('2D SPACE',''
  ) );
#878 = PCURVE('',#302,#879);
#879 = DEFINITIONAL_REPRESENTATION('',(#880),#883);
#880 = B_SPLINE_CURVE_WITH_KNOTS('',1,(#881,#882),.UNSPECIFIED.,.F.,.F.,
  (2,2),(0.,40.898024584028),.PIECEWISE_BEZIER_KNOTS.);
#881 = CARTESIAN_POINT('',(0.,90.));
#882 = CARTESIAN_POINT('',(40.898024584028,90.));
#883 = ( GEOMETRIC_REPRESENTATION_CONTEXT(2) 
PARAMETRIC_REPRESENTATION_CONTEXT() REPRESENTATION_CONTEXT('2D SPACE',''
  ) );
#884 = ORIENTED_EDGE('',*,*,#256,.T.);
#885 = ORIENTED_EDGE('',*,*,#886,.T.);
#886 = EDGE_CURVE('',#259,#887,#889,.T.);
#887 = VERTEX_POINT('',#888);
#888 = CARTESIAN_POINT('',(-90.,-100.1802469135,39.7));
#889 = SURFACE_CURVE('',#890,(#894,#900),.PCURVE_S1.);
#890 = LINE('',#891,#892);
#891 = CARTESIAN_POINT('',(-90.,-104.2,-1.));
#892 = VECTOR('',#893,1.);
#893 = DIRECTION('',(1.80550691655E-17,9.828721869343E-02,0.995158089271
    ));
#894 = PCURVE('',#275,#895);
#895 = DEFINITIONAL_REPRESENTATION('',(#896),#899);
#896 = B_SPLINE_CURVE_WITH_KNOTS('',1,(#897,#898),.UNSPECIFIED.,.F.,.F.,
  (2,2),(0.,40.898024584028),.PIECEWISE_BEZIER_KNOTS.);
#897 = CARTESIAN_POINT('',(-4.712388980385,0.));
#898 = CARTESIAN_POINT('',(-4.712388980385,-40.7));
#899 = ( GEOMETRIC_REPRESENTATION_CONTEXT(2) 
PARAMETRIC_REPRESENTATION_CONTEXT() REPRESENTATION_CONTEXT('2D SPACE',''
  ) );
#900 = PCURVE('',#465,#901);
#901 = DEFINITIONAL_REPRESENTATION('',(#902),#905);
#902 = B_SPLINE_CURVE_WITH_KNOTS('',1,(#903,#904),.UNSPECIFIED.,.F.,.F.,
  (2,2),(0.,40.898024584028),.PIECEWISE_BEZIER_KNOTS.);
#903 = CARTESIAN_POINT('',(0.,-90.));
#904 = CARTESIAN_POINT('',(40.898024584028,-90.));
#905 = ( GEOMETRIC_REPRESENTATION_CONTEXT(2) 
PARAMETRIC_REPRESENTATION_CONTEXT() REPRESENTATION_CONTEXT('2D SPACE',''
  ) );
#906 = ORIENTED_EDGE('',*,*,#907,.F.);
#907 = EDGE_CURVE('',#865,#887,#908,.T.);
#908 = SURFACE_CURVE('',#909,(#914,#921),.PCURVE_S1.);
#909 = CIRCLE('',#910,10.18024691358);
#910 = AXIS2_PLACEMENT_3D('',#911,#912,#913);
#911 = CARTESIAN_POINT('',(-90.,-90.,39.7));
#912 = DIRECTION('',(0.,0.,1.));
#913 = DIRECTION('',(1.,0.,0.));
#914 = PCURVE('',#275,#915);
#915 = DEFINITIONAL_REPRESENTATION('',(#916),#920);
#916 = LINE('',#917,#918);
#917 = CARTESIAN_POINT('',(-0.,-40.7));
#918 = VECTOR('',#919,1.);
#919 = DIRECTION('',(-1.,-0.));
#920 = ( GEOMETRIC_REPRESENTATION_CONTEXT(2) 
PARAMETRIC_REPRESENTATION_CONTEXT() REPRESENTATION_CONTEXT('2D SPACE',''
  ) );
#921 = PCURVE('',#922,#927);
#922 = PLANE('',#923);
#923 = AXIS2_PLACEMENT_3D('',#924,#925,#926);
#924 = CARTESIAN_POINT('',(0.,0.,39.7));
#925 = DIRECTION('',(0.,0.,1.));
#926 = DIRECTION('',(1.,0.,0.));
#927 = DEFINITIONAL_REPRESENTATION('',(#928),#932);
#928 = CIRCLE('',#929,10.18024691358);
#929 = AXIS2_PLACEMENT_2D('',#930,#931);
#930 = CARTESIAN_POINT('',(-90.,-90.));
#931 = DIRECTION('',(1.,0.));
#932 = ( GEOMETRIC_REPRESENTATION_CONTEXT(2) 
PARAMETRIC_REPRESENTATION_CONTEXT() REPRESENTATION_CONTEXT('2D SPACE',''
  ) );
#933 = ADVANCED_FACE('',(#934),#465,.T.);
#934 = FACE_BOUND('',#935,.T.);
#935 = EDGE_LOOP('',(#936,#937,#938,#961));
#936 = ORIENTED_EDGE('',*,*,#452,.T.);
#937 = ORIENTED_EDGE('',*,*,#886,.T.);
#938 = ORIENTED_EDGE('',*,*,#939,.T.);
#939 = EDGE_CURVE('',#887,#940,#942,.T.);
#940 = VERTEX_POINT('',#941);
#941 = CARTESIAN_POINT('',(90.,-100.1802469135,39.7));
#942 = SURFACE_CURVE('',#943,(#947,#954),.PCURVE_S1.);
#943 = LINE('',#944,#945);
#944 = CARTESIAN_POINT('',(0.,-100.1802469135,39.7));
#945 = VECTOR('',#946,1.);
#946 = DIRECTION('',(1.,0.,0.));
#947 = PCURVE('',#465,#948);
#948 = DEFINITIONAL_REPRESENTATION('',(#949),#953);
#949 = LINE('',#950,#951);
#950 = CARTESIAN_POINT('',(40.898024584028,0.));
#951 = VECTOR('',#952,1.);
#952 = DIRECTION('',(0.,1.));
#953 = ( GEOMETRIC_REPRESENTATION_CONTEXT(2) 
PARAMETRIC_REPRESENTATION_CONTEXT() REPRESENTATION_CONTEXT('2D SPACE',''
  ) );
#954 = PCURVE('',#922,#955);
#955 = DEFINITIONAL_REPRESENTATION('',(#956),#960);
#956 = LINE('',#957,#958);
#957 = CARTESIAN_POINT('',(0.,-100.1802469135));
#958 = VECTOR('',#959,1.);
#959 = DIRECTION('',(1.,0.));
#960 = ( GEOMETRIC_REPRESENTATION_CONTEXT(2) 
PARAMETRIC_REPRESENTATION_CONTEXT() REPRESENTATION_CONTEXT('2D SPACE',''
  ) );
#961 = ORIENTED_EDGE('',*,*,#962,.F.);
#962 = EDGE_CURVE('',#424,#940,#963,.T.);
#963 = SURFACE_CURVE('',#964,(#968,#974),.PCURVE_S1.);
#964 = LINE('',#965,#966);
#965 = CARTESIAN_POINT('',(90.,-104.2,-1.));
#966 = VECTOR('',#967,1.);
#967 = DIRECTION('',(0.,9.828721869343E-02,0.995158089271));
#968 = PCURVE('',#465,#969);
#969 = DEFINITIONAL_REPRESENTATION('',(#970),#973);
#970 = B_SPLINE_CURVE_WITH_KNOTS('',1,(#971,#972),.UNSPECIFIED.,.F.,.F.,
  (2,2),(0.,40.898024584028),.PIECEWISE_BEZIER_KNOTS.);
#971 = CARTESIAN_POINT('',(0.,90.));
#972 = CARTESIAN_POINT('',(40.898024584028,90.));
#973 = ( GEOMETRIC_REPRESENTATION_CONTEXT(2) 
PARAMETRIC_REPRESENTATION_CONTEXT() REPRESENTATION_CONTEXT('2D SPACE',''
  ) );
#974 = PCURVE('',#440,#975);
#975 = DEFINITIONAL_REPRESENTATION('',(#976),#979);
#976 = B_SPLINE_CURVE_WITH_KNOTS('',1,(#977,#978),.UNSPECIFIED.,.F.,.F.,
  (2,2),(0.,40.898024584028),.PIECEWISE_BEZIER_KNOTS.);
#977 = CARTESIAN_POINT('',(-4.712388980385,0.));
#978 = CARTESIAN_POINT('',(-4.712388980385,-40.7));
#979 = ( GEOMETRIC_REPRESENTATION_CONTEXT(2) 
PARAMETRIC_REPRESENTATION_CONTEXT() REPRESENTATION_CONTEXT('2D SPACE',''
  ) );
#980 = ADVANCED_FACE('',(#981),#440,.F.);
#981 = FACE_BOUND('',#982,.F.);
#982 = EDGE_LOOP('',(#983,#984,#985,#1006));
#983 = ORIENTED_EDGE('',*,*,#962,.F.);
#984 = ORIENTED_EDGE('',*,*,#423,.T.);
#985 = ORIENTED_EDGE('',*,*,#986,.T.);
#986 = EDGE_CURVE('',#398,#987,#989,.T.);
#987 = VERTEX_POINT('',#988);
#988 = CARTESIAN_POINT('',(100.18024691358,-90.,39.7));
#989 = SURFACE_CURVE('',#990,(#994,#1000),.PCURVE_S1.);
#990 = LINE('',#991,#992);
#991 = CARTESIAN_POINT('',(104.2,-90.,-1.));
#992 = VECTOR('',#993,1.);
#993 = DIRECTION('',(-9.828721869343E-02,2.4073425554E-17,0.995158089271
    ));
#994 = PCURVE('',#440,#995);
#995 = DEFINITIONAL_REPRESENTATION('',(#996),#999);
#996 = B_SPLINE_CURVE_WITH_KNOTS('',1,(#997,#998),.UNSPECIFIED.,.F.,.F.,
  (2,2),(0.,40.898024584028),.PIECEWISE_BEZIER_KNOTS.);
#997 = CARTESIAN_POINT('',(-6.28318530718,0.));
#998 = CARTESIAN_POINT('',(-6.28318530718,-40.7));
#999 = ( GEOMETRIC_REPRESENTATION_CONTEXT(2) 
PARAMETRIC_REPRESENTATION_CONTEXT() REPRESENTATION_CONTEXT('2D SPACE',''
  ) );
#1000 = PCURVE('',#412,#1001);
#1001 = DEFINITIONAL_REPRESENTATION('',(#1002),#1005);
#1002 = B_SPLINE_CURVE_WITH_KNOTS('',1,(#1003,#1004),.UNSPECIFIED.,.F.,
  .F.,(2,2),(0.,40.898024584028),.PIECEWISE_BEZIER_KNOTS.);
#1003 = CARTESIAN_POINT('',(0.,-90.));
#1004 = CARTESIAN_POINT('',(40.898024584028,-90.));
#1005 = ( GEOMETRIC_REPRESENTATION_CONTEXT(2) 
PARAMETRIC_REPRESENTATION_CONTEXT() REPRESENTATION_CONTEXT('2D SPACE',''
  ) );
#1006 = ORIENTED_EDGE('',*,*,#1007,.F.);
#1007 = EDGE_CURVE('',#940,#987,#1008,.T.);
#1008 = SURFACE_CURVE('',#1009,(#1014,#1021),.PCURVE_S1.);
#1009 = CIRCLE('',#1010,10.18024691358);
#1010 = AXIS2_PLACEMENT_3D('',#1011,#1012,#1013);
#1011 = CARTESIAN_POINT('',(90.,-90.,39.7));
#1012 = DIRECTION('',(0.,0.,1.));
#1013 = DIRECTION('',(1.,0.,0.));
#1014 = PCURVE('',#440,#1015);
#1015 = DEFINITIONAL_REPRESENTATION('',(#1016),#1020);
#1016 = LINE('',#1017,#1018);
#1017 = CARTESIAN_POINT('',(-0.,-40.7));
#1018 = VECTOR('',#1019,1.);
#1019 = DIRECTION('',(-1.,-0.));
#1020 = ( GEOMETRIC_REPRESENTATION_CONTEXT(2) 
PARAMETRIC_REPRESENTATION_CONTEXT() REPRESENTATION_CONTEXT('2D SPACE',''
  ) );
#1021 = PCURVE('',#922,#1022);
#1022 = DEFINITIONAL_REPRESENTATION('',(#1023),#1027);
#1023 = CIRCLE('',#1024,10.18024691358);
#1024 = AXIS2_PLACEMENT_2D('',#1025,#1026);
#1025 = CARTESIAN_POINT('',(90.,-90.));
#1026 = DIRECTION('',(1.,0.));
#1027 = ( GEOMETRIC_REPRESENTATION_CONTEXT(2) 
PARAMETRIC_REPRESENTATION_CONTEXT() REPRESENTATION_CONTEXT('2D SPACE',''
  ) );
#1028 = ADVANCED_FACE('',(#1029),#412,.T.);
#1029 = FACE_BOUND('',#1030,.T.);
#1030 = EDGE_LOOP('',(#1031,#1032,#1033,#1056));
#1031 = ORIENTED_EDGE('',*,*,#397,.T.);
#1032 = ORIENTED_EDGE('',*,*,#986,.T.);
#1033 = ORIENTED_EDGE('',*,*,#1034,.T.);
#1034 = EDGE_CURVE('',#987,#1035,#1037,.T.);
#1035 = VERTEX_POINT('',#1036);
#1036 = CARTESIAN_POINT('',(100.18024691358,90.,39.7));
#1037 = SURFACE_CURVE('',#1038,(#1042,#1049),.PCURVE_S1.);
#1038 = LINE('',#1039,#1040);
#1039 = CARTESIAN_POINT('',(100.18024691358,0.,39.7));
#1040 = VECTOR('',#1041,1.);
#1041 = DIRECTION('',(0.,1.,0.));
#1042 = PCURVE('',#412,#1043);
#1043 = DEFINITIONAL_REPRESENTATION('',(#1044),#1048);
#1044 = LINE('',#1045,#1046);
#1045 = CARTESIAN_POINT('',(40.898024584028,0.));
#1046 = VECTOR('',#1047,1.);
#1047 = DIRECTION('',(0.,1.));
#1048 = ( GEOMETRIC_REPRESENTATION_CONTEXT(2) 
PARAMETRIC_REPRESENTATION_CONTEXT() REPRESENTATION_CONTEXT('2D SPACE',''
  ) );
#1049 = PCURVE('',#922,#1050);
#1050 = DEFINITIONAL_REPRESENTATION('',(#1051),#1055);
#1051 = LINE('',#1052,#1053);
#1052 = CARTESIAN_POINT('',(100.18024691358,0.));
#1053 = VECTOR('',#1054,1.);
#1054 = DIRECTION('',(0.,1.));
#1055 = ( GEOMETRIC_REPRESENTATION_CONTEXT(2) 
PARAMETRIC_REPRESENTATION_CONTEXT() REPRESENTATION_CONTEXT('2D SPACE',''
  ) );
#1056 = ORIENTED_EDGE('',*,*,#1057,.F.);
#1057 = EDGE_CURVE('',#369,#1035,#1058,.T.);
#1058 = SURFACE_CURVE('',#1059,(#1063,#1069),.PCURVE_S1.);
#1059 = LINE('',#1060,#1061);
#1060 = CARTESIAN_POINT('',(104.2,90.,-1.));
#1061 = VECTOR('',#1062,1.);
#1062 = DIRECTION('',(-9.828721869343E-02,0.,0.995158089271));
#1063 = PCURVE('',#412,#1064);
#1064 = DEFINITIONAL_REPRESENTATION('',(#1065),#1068);
#1065 = B_SPLINE_CURVE_WITH_KNOTS('',1,(#1066,#1067),.UNSPECIFIED.,.F.,
  .F.,(2,2),(0.,40.898024584028),.PIECEWISE_BEZIER_KNOTS.);
#1066 = CARTESIAN_POINT('',(0.,90.));
#1067 = CARTESIAN_POINT('',(40.898024584028,90.));
#1068 = ( GEOMETRIC_REPRESENTATION_CONTEXT(2) 
PARAMETRIC_REPRESENTATION_CONTEXT() REPRESENTATION_CONTEXT('2D SPACE',''
  ) );
#1069 = PCURVE('',#385,#1070);
#1070 = DEFINITIONAL_REPRESENTATION('',(#1071),#1074);
#1071 = B_SPLINE_CURVE_WITH_KNOTS('',1,(#1072,#1073),.UNSPECIFIED.,.F.,
  .F.,(2,2),(0.,40.898024584028),.PIECEWISE_BEZIER_KNOTS.);
#1072 = CARTESIAN_POINT('',(0.,0.));
#1073 = CARTESIAN_POINT('',(0.,-40.7));
#1074 = ( GEOMETRIC_REPRESENTATION_CONTEXT(2) 
PARAMETRIC_REPRESENTATION_CONTEXT() REPRESENTATION_CONTEXT('2D SPACE',''
  ) );
#1075 = ADVANCED_FACE('',(#1076),#385,.F.);
#1076 = FACE_BOUND('',#1077,.F.);
#1077 = EDGE_LOOP('',(#1078,#1079,#1080,#1101));
#1078 = ORIENTED_EDGE('',*,*,#1057,.F.);
#1079 = ORIENTED_EDGE('',*,*,#368,.T.);
#1080 = ORIENTED_EDGE('',*,*,#1081,.T.);
#1081 = EDGE_CURVE('',#343,#1082,#1084,.T.);
#1082 = VERTEX_POINT('',#1083);
#1083 = CARTESIAN_POINT('',(90.,100.18024691358,39.7));
#1084 = SURFACE_CURVE('',#1085,(#1089,#1095),.PCURVE_S1.);
#1085 = LINE('',#1086,#1087);
#1086 = CARTESIAN_POINT('',(90.,104.2,-1.));
#1087 = VECTOR('',#1088,1.);
#1088 = DIRECTION('',(-6.0183563885E-18,-9.828721869343E-02,
    0.995158089271));
#1089 = PCURVE('',#385,#1090);
#1090 = DEFINITIONAL_REPRESENTATION('',(#1091),#1094);
#1091 = B_SPLINE_CURVE_WITH_KNOTS('',1,(#1092,#1093),.UNSPECIFIED.,.F.,
  .F.,(2,2),(0.,40.898024584028),.PIECEWISE_BEZIER_KNOTS.);
#1092 = CARTESIAN_POINT('',(-1.570796326795,0.));
#1093 = CARTESIAN_POINT('',(-1.570796326795,-40.7));
#1094 = ( GEOMETRIC_REPRESENTATION_CONTEXT(2) 
PARAMETRIC_REPRESENTATION_CONTEXT() REPRESENTATION_CONTEXT('2D SPACE',''
  ) );
#1095 = PCURVE('',#357,#1096);
#1096 = DEFINITIONAL_REPRESENTATION('',(#1097),#1100);
#1097 = B_SPLINE_CURVE_WITH_KNOTS('',1,(#1098,#1099),.UNSPECIFIED.,.F.,
  .F.,(2,2),(0.,40.898024584028),.PIECEWISE_BEZIER_KNOTS.);
#1098 = CARTESIAN_POINT('',(0.,-90.));
#1099 = CARTESIAN_POINT('',(40.898024584028,-90.));
#1100 = ( GEOMETRIC_REPRESENTATION_CONTEXT(2) 
PARAMETRIC_REPRESENTATION_CONTEXT() REPRESENTATION_CONTEXT('2D SPACE',''
  ) );
#1101 = ORIENTED_EDGE('',*,*,#1102,.F.);
#1102 = EDGE_CURVE('',#1035,#1082,#1103,.T.);
#1103 = SURFACE_CURVE('',#1104,(#1109,#1116),.PCURVE_S1.);
#1104 = CIRCLE('',#1105,10.18024691358);
#1105 = AXIS2_PLACEMENT_3D('',#1106,#1107,#1108);
#1106 = CARTESIAN_POINT('',(90.,90.,39.7));
#1107 = DIRECTION('',(0.,0.,1.));
#1108 = DIRECTION('',(1.,0.,0.));
#1109 = PCURVE('',#385,#1110);
#1110 = DEFINITIONAL_REPRESENTATION('',(#1111),#1115);
#1111 = LINE('',#1112,#1113);
#1112 = CARTESIAN_POINT('',(-0.,-40.7));
#1113 = VECTOR('',#1114,1.);
#1114 = DIRECTION('',(-1.,-0.));
#1115 = ( GEOMETRIC_REPRESENTATION_CONTEXT(2) 
PARAMETRIC_REPRESENTATION_CONTEXT() REPRESENTATION_CONTEXT('2D SPACE',''
  ) );
#1116 = PCURVE('',#922,#1117);
#1117 = DEFINITIONAL_REPRESENTATION('',(#1118),#1122);
#1118 = CIRCLE('',#1119,10.18024691358);
#1119 = AXIS2_PLACEMENT_2D('',#1120,#1121);
#1120 = CARTESIAN_POINT('',(90.,90.));
#1121 = DIRECTION('',(1.,-2.449293598295E-16));
#1122 = ( GEOMETRIC_REPRESENTATION_CONTEXT(2) 
PARAMETRIC_REPRESENTATION_CONTEXT() REPRESENTATION_CONTEXT('2D SPACE',''
  ) );
#1123 = ADVANCED_FACE('',(#1124),#357,.T.);
#1124 = FACE_BOUND('',#1125,.T.);
#1125 = EDGE_LOOP('',(#1126,#1147,#1148,#1149));
#1126 = ORIENTED_EDGE('',*,*,#1127,.F.);
#1127 = EDGE_CURVE('',#314,#1128,#1130,.T.);
#1128 = VERTEX_POINT('',#1129);
#1129 = CARTESIAN_POINT('',(-90.,100.18024691358,39.7));
#1130 = SURFACE_CURVE('',#1131,(#1135,#1141),.PCURVE_S1.);
#1131 = LINE('',#1132,#1133);
#1132 = CARTESIAN_POINT('',(-90.,104.2,-1.));
#1133 = VECTOR('',#1134,1.);
#1134 = DIRECTION('',(0.,-9.828721869343E-02,0.995158089271));
#1135 = PCURVE('',#357,#1136);
#1136 = DEFINITIONAL_REPRESENTATION('',(#1137),#1140);
#1137 = B_SPLINE_CURVE_WITH_KNOTS('',1,(#1138,#1139),.UNSPECIFIED.,.F.,
  .F.,(2,2),(0.,40.898024584028),.PIECEWISE_BEZIER_KNOTS.);
#1138 = CARTESIAN_POINT('',(0.,90.));
#1139 = CARTESIAN_POINT('',(40.898024584028,90.));
#1140 = ( GEOMETRIC_REPRESENTATION_CONTEXT(2) 
PARAMETRIC_REPRESENTATION_CONTEXT() REPRESENTATION_CONTEXT('2D SPACE',''
  ) );
#1141 = PCURVE('',#330,#1142);
#1142 = DEFINITIONAL_REPRESENTATION('',(#1143),#1146);
#1143 = B_SPLINE_CURVE_WITH_KNOTS('',1,(#1144,#1145),.UNSPECIFIED.,.F.,
  .F.,(2,2),(0.,40.898024584028),.PIECEWISE_BEZIER_KNOTS.);
#1144 = CARTESIAN_POINT('',(-1.570796326795,0.));
#1145 = CARTESIAN_POINT('',(-1.570796326795,-40.7));
#1146 = ( GEOMETRIC_REPRESENTATION_CONTEXT(2) 
PARAMETRIC_REPRESENTATION_CONTEXT() REPRESENTATION_CONTEXT('2D SPACE',''
  ) );
#1147 = ORIENTED_EDGE('',*,*,#342,.T.);
#1148 = ORIENTED_EDGE('',*,*,#1081,.T.);
#1149 = ORIENTED_EDGE('',*,*,#1150,.T.);
#1150 = EDGE_CURVE('',#1082,#1128,#1151,.T.);
#1151 = SURFACE_CURVE('',#1152,(#1156,#1163),.PCURVE_S1.);
#1152 = LINE('',#1153,#1154);
#1153 = CARTESIAN_POINT('',(0.,100.18024691358,39.7));
#1154 = VECTOR('',#1155,1.);
#1155 = DIRECTION('',(-1.,0.,0.));
#1156 = PCURVE('',#357,#1157);
#1157 = DEFINITIONAL_REPRESENTATION('',(#1158),#1162);
#1158 = LINE('',#1159,#1160);
#1159 = CARTESIAN_POINT('',(40.898024584028,0.));
#1160 = VECTOR('',#1161,1.);
#1161 = DIRECTION('',(0.,1.));
#1162 = ( GEOMETRIC_REPRESENTATION_CONTEXT(2) 
PARAMETRIC_REPRESENTATION_CONTEXT() REPRESENTATION_CONTEXT('2D SPACE',''
  ) );
#1163 = PCURVE('',#922,#1164);
#1164 = DEFINITIONAL_REPRESENTATION('',(#1165),#1169);
#1165 = LINE('',#1166,#1167);
#1166 = CARTESIAN_POINT('',(0.,100.18024691358));
#1167 = VECTOR('',#1168,1.);
#1168 = DIRECTION('',(-1.,-0.));
#1169 = ( GEOMETRIC_REPRESENTATION_CONTEXT(2) 
PARAMETRIC_REPRESENTATION_CONTEXT() REPRESENTATION_CONTEXT('2D SPACE',''
  ) );
#1170 = ADVANCED_FACE('',(#1171),#330,.F.);
#1171 = FACE_BOUND('',#1172,.F.);
#1172 = EDGE_LOOP('',(#1173,#1174,#1175,#1196));
#1173 = ORIENTED_EDGE('',*,*,#1127,.F.);
#1174 = ORIENTED_EDGE('',*,*,#313,.T.);
#1175 = ORIENTED_EDGE('',*,*,#1176,.T.);
#1176 = EDGE_CURVE('',#288,#1177,#1179,.T.);
#1177 = VERTEX_POINT('',#1178);
#1178 = CARTESIAN_POINT('',(-100.1802469135,90.,39.7));
#1179 = SURFACE_CURVE('',#1180,(#1184,#1190),.PCURVE_S1.);
#1180 = LINE('',#1181,#1182);
#1181 = CARTESIAN_POINT('',(-104.2,90.,-1.));
#1182 = VECTOR('',#1183,1.);
#1183 = DIRECTION('',(9.828721869343E-02,-1.2036712777E-17,
    0.995158089271));
#1184 = PCURVE('',#330,#1185);
#1185 = DEFINITIONAL_REPRESENTATION('',(#1186),#1189);
#1186 = B_SPLINE_CURVE_WITH_KNOTS('',1,(#1187,#1188),.UNSPECIFIED.,.F.,
  .F.,(2,2),(0.,40.898024584028),.PIECEWISE_BEZIER_KNOTS.);
#1187 = CARTESIAN_POINT('',(-3.14159265359,0.));
#1188 = CARTESIAN_POINT('',(-3.14159265359,-40.7));
#1189 = ( GEOMETRIC_REPRESENTATION_CONTEXT(2) 
PARAMETRIC_REPRESENTATION_CONTEXT() REPRESENTATION_CONTEXT('2D SPACE',''
  ) );
#1190 = PCURVE('',#302,#1191);
#1191 = DEFINITIONAL_REPRESENTATION('',(#1192),#1195);
#1192 = B_SPLINE_CURVE_WITH_KNOTS('',1,(#1193,#1194),.UNSPECIFIED.,.F.,
  .F.,(2,2),(0.,40.898024584028),.PIECEWISE_BEZIER_KNOTS.);
#1193 = CARTESIAN_POINT('',(0.,-90.));
#1194 = CARTESIAN_POINT('',(40.898024584028,-90.));
#1195 = ( GEOMETRIC_REPRESENTATION_CONTEXT(2) 
PARAMETRIC_REPRESENTATION_CONTEXT() REPRESENTATION_CONTEXT('2D SPACE',''
  ) );
#1196 = ORIENTED_EDGE('',*,*,#1197,.F.);
#1197 = EDGE_CURVE('',#1128,#1177,#1198,.T.);
#1198 = SURFACE_CURVE('',#1199,(#1204,#1211),.PCURVE_S1.);
#1199 = CIRCLE('',#1200,10.18024691358);
#1200 = AXIS2_PLACEMENT_3D('',#1201,#1202,#1203);
#1201 = CARTESIAN_POINT('',(-90.,90.,39.7));
#1202 = DIRECTION('',(0.,0.,1.));
#1203 = DIRECTION('',(1.,0.,0.));
#1204 = PCURVE('',#330,#1205);
#1205 = DEFINITIONAL_REPRESENTATION('',(#1206),#1210);
#1206 = LINE('',#1207,#1208);
#1207 = CARTESIAN_POINT('',(-0.,-40.7));
#1208 = VECTOR('',#1209,1.);
#1209 = DIRECTION('',(-1.,-0.));
#1210 = ( GEOMETRIC_REPRESENTATION_CONTEXT(2) 
PARAMETRIC_REPRESENTATION_CONTEXT() REPRESENTATION_CONTEXT('2D SPACE',''
  ) );
#1211 = PCURVE('',#922,#1212);
#1212 = DEFINITIONAL_REPRESENTATION('',(#1213),#1217);
#1213 = CIRCLE('',#1214,10.18024691358);
#1214 = AXIS2_PLACEMENT_2D('',#1215,#1216);
#1215 = CARTESIAN_POINT('',(-90.,90.));
#1216 = DIRECTION('',(1.,0.));
#1217 = ( GEOMETRIC_REPRESENTATION_CONTEXT(2) 
PARAMETRIC_REPRESENTATION_CONTEXT() REPRESENTATION_CONTEXT('2D SPACE',''
  ) );
#1218 = ADVANCED_FACE('',(#1219),#302,.T.);
#1219 = FACE_BOUND('',#1220,.T.);
#1220 = EDGE_LOOP('',(#1221,#1222,#1223,#1244));
#1221 = ORIENTED_EDGE('',*,*,#287,.T.);
#1222 = ORIENTED_EDGE('',*,*,#1176,.T.);
#1223 = ORIENTED_EDGE('',*,*,#1224,.T.);
#1224 = EDGE_CURVE('',#1177,#865,#1225,.T.);
#1225 = SURFACE_CURVE('',#1226,(#1230,#1237),.PCURVE_S1.);
#1226 = LINE('',#1227,#1228);
#1227 = CARTESIAN_POINT('',(-100.1802469135,0.,39.7));
#1228 = VECTOR('',#1229,1.);
#1229 = DIRECTION('',(0.,-1.,0.));
#1230 = PCURVE('',#302,#1231);
#1231 = DEFINITIONAL_REPRESENTATION('',(#1232),#1236);
#1232 = LINE('',#1233,#1234);
#1233 = CARTESIAN_POINT('',(40.898024584028,0.));
#1234 = VECTOR('',#1235,1.);
#1235 = DIRECTION('',(0.,1.));
#1236 = ( GEOMETRIC_REPRESENTATION_CONTEXT(2) 
PARAMETRIC_REPRESENTATION_CONTEXT() REPRESENTATION_CONTEXT('2D SPACE',''
  ) );
#1237 = PCURVE('',#922,#1238);
#1238 = DEFINITIONAL_REPRESENTATION('',(#1239),#1243);
#1239 = LINE('',#1240,#1241);
#1240 = CARTESIAN_POINT('',(-100.1802469135,0.));
#1241 = VECTOR('',#1242,1.);
#1242 = DIRECTION('',(-0.,-1.));
#1243 = ( GEOMETRIC_REPRESENTATION_CONTEXT(2) 
PARAMETRIC_REPRESENTATION_CONTEXT() REPRESENTATION_CONTEXT('2D SPACE',''
  ) );
#1244 = ORIENTED_EDGE('',*,*,#864,.F.);
#1245 = ADVANCED_FACE('',(#1246,#1256,#1362,#1468,#1574,#1680,#1786,
    #1892,#1998,#2104,#2210,#2316,#2422,#2528,#2634,#2740,#2846,#2952,
    #3058,#3164,#3270,#3376,#3482,#3588,#3694,#3800),#516,.T.);
#1246 = FACE_BOUND('',#1247,.T.);
#1247 = EDGE_LOOP('',(#1248,#1249,#1250,#1251,#1252,#1253,#1254,#1255));
#1248 = ORIENTED_EDGE('',*,*,#500,.T.);
#1249 = ORIENTED_EDGE('',*,*,#574,.T.);
#1250 = ORIENTED_EDGE('',*,*,#648,.T.);
#1251 = ORIENTED_EDGE('',*,*,#764,.T.);
#1252 = ORIENTED_EDGE('',*,*,#838,.T.);
#1253 = ORIENTED_EDGE('',*,*,#812,.T.);
#1254 = ORIENTED_EDGE('',*,*,#717,.T.);
#1255 = ORIENTED_EDGE('',*,*,#622,.T.);
#1256 = FACE_BOUND('',#1257,.T.);
#1257 = EDGE_LOOP('',(#1258,#1286,#1312,#1338));
#1258 = ORIENTED_EDGE('',*,*,#1259,.F.);
#1259 = EDGE_CURVE('',#1260,#1262,#1264,.T.);
#1260 = VERTEX_POINT('',#1261);
#1261 = CARTESIAN_POINT('',(-84.24870317002,-79.24870317002,40.5));
#1262 = VERTEX_POINT('',#1263);
#1263 = CARTESIAN_POINT('',(-55.75129682997,-79.24870317002,40.5));
#1264 = SURFACE_CURVE('',#1265,(#1269,#1275),.PCURVE_S1.);
#1265 = LINE('',#1266,#1267);
#1266 = CARTESIAN_POINT('',(-42.125,-79.24870317002,40.5));
#1267 = VECTOR('',#1268,1.);
#1268 = DIRECTION('',(1.,0.,-0.));
#1269 = PCURVE('',#516,#1270);
#1270 = DEFINITIONAL_REPRESENTATION('',(#1271),#1274);
#1271 = B_SPLINE_CURVE_WITH_KNOTS('',1,(#1272,#1273),.UNSPECIFIED.,.F.,
  .F.,(2,2),(-42.125,-13.625),.PIECEWISE_BEZIER_KNOTS.);
#1272 = CARTESIAN_POINT('',(-84.25,-79.24870317002));
#1273 = CARTESIAN_POINT('',(-55.75,-79.24870317002));
#1274 = ( GEOMETRIC_REPRESENTATION_CONTEXT(2) 
PARAMETRIC_REPRESENTATION_CONTEXT() REPRESENTATION_CONTEXT('2D SPACE',''
  ) );
#1275 = PCURVE('',#1276,#1281);
#1276 = PLANE('',#1277);
#1277 = AXIS2_PLACEMENT_3D('',#1278,#1279,#1280);
#1278 = CARTESIAN_POINT('',(-84.25,-79.25,40.51));
#1279 = DIRECTION('',(0.,-0.991695758116,-0.128606078142));
#1280 = DIRECTION('',(0.,0.128606078142,-0.991695758116));
#1281 = DEFINITIONAL_REPRESENTATION('',(#1282),#1285);
#1282 = B_SPLINE_CURVE_WITH_KNOTS('',1,(#1283,#1284),.UNSPECIFIED.,.F.,
  .F.,(2,2),(-42.125,-13.625),.PIECEWISE_BEZIER_KNOTS.);
#1283 = CARTESIAN_POINT('',(1.008373779777E-02,0.));
#1284 = CARTESIAN_POINT('',(1.008373779777E-02,28.5));
#1285 = ( GEOMETRIC_REPRESENTATION_CONTEXT(2) 
PARAMETRIC_REPRESENTATION_CONTEXT() REPRESENTATION_CONTEXT('2D SPACE',''
  ) );
#1286 = ORIENTED_EDGE('',*,*,#1287,.F.);
#1287 = EDGE_CURVE('',#1288,#1260,#1290,.T.);
#1288 = VERTEX_POINT('',#1289);
#1289 = CARTESIAN_POINT('',(-84.24870317002,-52.75129682997,40.5));
#1290 = SURFACE_CURVE('',#1291,(#1295,#1301),.PCURVE_S1.);
#1291 = LINE('',#1292,#1293);
#1292 = CARTESIAN_POINT('',(-84.24870317002,-26.375,40.5));
#1293 = VECTOR('',#1294,1.);
#1294 = DIRECTION('',(0.,-1.,0.));
#1295 = PCURVE('',#516,#1296);
#1296 = DEFINITIONAL_REPRESENTATION('',(#1297),#1300);
#1297 = B_SPLINE_CURVE_WITH_KNOTS('',1,(#1298,#1299),.UNSPECIFIED.,.F.,
  .F.,(2,2),(26.375,52.875),.PIECEWISE_BEZIER_KNOTS.);
#1298 = CARTESIAN_POINT('',(-84.24870317002,-52.75));
#1299 = CARTESIAN_POINT('',(-84.24870317002,-79.25));
#1300 = ( GEOMETRIC_REPRESENTATION_CONTEXT(2) 
PARAMETRIC_REPRESENTATION_CONTEXT() REPRESENTATION_CONTEXT('2D SPACE',''
  ) );
#1301 = PCURVE('',#1302,#1307);
#1302 = PLANE('',#1303);
#1303 = AXIS2_PLACEMENT_3D('',#1304,#1305,#1306);
#1304 = CARTESIAN_POINT('',(-84.25,-52.75,40.51));
#1305 = DIRECTION('',(-0.991695758116,-0.,-0.128606078142));
#1306 = DIRECTION('',(0.128606078142,0.,-0.991695758116));
#1307 = DEFINITIONAL_REPRESENTATION('',(#1308),#1311);
#1308 = B_SPLINE_CURVE_WITH_KNOTS('',1,(#1309,#1310),.UNSPECIFIED.,.F.,
  .F.,(2,2),(26.375,52.875),.PIECEWISE_BEZIER_KNOTS.);
#1309 = CARTESIAN_POINT('',(1.008373779777E-02,0.));
#1310 = CARTESIAN_POINT('',(1.008373779777E-02,26.5));
#1311 = ( GEOMETRIC_REPRESENTATION_CONTEXT(2) 
PARAMETRIC_REPRESENTATION_CONTEXT() REPRESENTATION_CONTEXT('2D SPACE',''
  ) );
#1312 = ORIENTED_EDGE('',*,*,#1313,.F.);
#1313 = EDGE_CURVE('',#1314,#1288,#1316,.T.);
#1314 = VERTEX_POINT('',#1315);
#1315 = CARTESIAN_POINT('',(-55.75129682997,-52.75129682997,40.5));
#1316 = SURFACE_CURVE('',#1317,(#1321,#1327),.PCURVE_S1.);
#1317 = LINE('',#1318,#1319);
#1318 = CARTESIAN_POINT('',(-27.875,-52.75129682997,40.5));
#1319 = VECTOR('',#1320,1.);
#1320 = DIRECTION('',(-1.,0.,0.));
#1321 = PCURVE('',#516,#1322);
#1322 = DEFINITIONAL_REPRESENTATION('',(#1323),#1326);
#1323 = B_SPLINE_CURVE_WITH_KNOTS('',1,(#1324,#1325),.UNSPECIFIED.,.F.,
  .F.,(2,2),(27.875,56.375),.PIECEWISE_BEZIER_KNOTS.);
#1324 = CARTESIAN_POINT('',(-55.75,-52.75129682997));
#1325 = CARTESIAN_POINT('',(-84.25,-52.75129682997));
#1326 = ( GEOMETRIC_REPRESENTATION_CONTEXT(2) 
PARAMETRIC_REPRESENTATION_CONTEXT() REPRESENTATION_CONTEXT('2D SPACE',''
  ) );
#1327 = PCURVE('',#1328,#1333);
#1328 = PLANE('',#1329);
#1329 = AXIS2_PLACEMENT_3D('',#1330,#1331,#1332);
#1330 = CARTESIAN_POINT('',(-55.75,-52.75,40.51));
#1331 = DIRECTION('',(0.,0.991695758116,-0.128606078142));
#1332 = DIRECTION('',(0.,-0.128606078142,-0.991695758116));
#1333 = DEFINITIONAL_REPRESENTATION('',(#1334),#1337);
#1334 = B_SPLINE_CURVE_WITH_KNOTS('',1,(#1335,#1336),.UNSPECIFIED.,.F.,
  .F.,(2,2),(27.875,56.375),.PIECEWISE_BEZIER_KNOTS.);
#1335 = CARTESIAN_POINT('',(1.008373779777E-02,0.));
#1336 = CARTESIAN_POINT('',(1.008373779777E-02,28.5));
#1337 = ( GEOMETRIC_REPRESENTATION_CONTEXT(2) 
PARAMETRIC_REPRESENTATION_CONTEXT() REPRESENTATION_CONTEXT('2D SPACE',''
  ) );
#1338 = ORIENTED_EDGE('',*,*,#1339,.F.);
#1339 = EDGE_CURVE('',#1262,#1314,#1340,.T.);
#1340 = SURFACE_CURVE('',#1341,(#1345,#1351),.PCURVE_S1.);
#1341 = LINE('',#1342,#1343);
#1342 = CARTESIAN_POINT('',(-55.75129682997,-39.625,40.5));
#1343 = VECTOR('',#1344,1.);
#1344 = DIRECTION('',(-0.,1.,0.));
#1345 = PCURVE('',#516,#1346);
#1346 = DEFINITIONAL_REPRESENTATION('',(#1347),#1350);
#1347 = B_SPLINE_CURVE_WITH_KNOTS('',1,(#1348,#1349),.UNSPECIFIED.,.F.,
  .F.,(2,2),(-39.625,-13.125),.PIECEWISE_BEZIER_KNOTS.);
#1348 = CARTESIAN_POINT('',(-55.75129682997,-79.25));
#1349 = CARTESIAN_POINT('',(-55.75129682997,-52.75));
#1350 = ( GEOMETRIC_REPRESENTATION_CONTEXT(2) 
PARAMETRIC_REPRESENTATION_CONTEXT() REPRESENTATION_CONTEXT('2D SPACE',''
  ) );
#1351 = PCURVE('',#1352,#1357);
#1352 = PLANE('',#1353);
#1353 = AXIS2_PLACEMENT_3D('',#1354,#1355,#1356);
#1354 = CARTESIAN_POINT('',(-55.75,-79.25,40.51));
#1355 = DIRECTION('',(0.991695758116,0.,-0.128606078142));
#1356 = DIRECTION('',(-0.128606078142,0.,-0.991695758116));
#1357 = DEFINITIONAL_REPRESENTATION('',(#1358),#1361);
#1358 = B_SPLINE_CURVE_WITH_KNOTS('',1,(#1359,#1360),.UNSPECIFIED.,.F.,
  .F.,(2,2),(-39.625,-13.125),.PIECEWISE_BEZIER_KNOTS.);
#1359 = CARTESIAN_POINT('',(1.008373779777E-02,0.));
#1360 = CARTESIAN_POINT('',(1.008373779777E-02,26.5));
#1361 = ( GEOMETRIC_REPRESENTATION_CONTEXT(2) 
PARAMETRIC_REPRESENTATION_CONTEXT() REPRESENTATION_CONTEXT('2D SPACE',''
  ) );
#1362 = FACE_BOUND('',#1363,.T.);
#1363 = EDGE_LOOP('',(#1364,#1392,#1418,#1444));
#1364 = ORIENTED_EDGE('',*,*,#1365,.F.);
#1365 = EDGE_CURVE('',#1366,#1368,#1370,.T.);
#1366 = VERTEX_POINT('',#1367);
#1367 = CARTESIAN_POINT('',(-49.24870317002,-79.24870317002,40.5));
#1368 = VERTEX_POINT('',#1369);
#1369 = CARTESIAN_POINT('',(-20.75129682997,-79.24870317002,40.5));
#1370 = SURFACE_CURVE('',#1371,(#1375,#1381),.PCURVE_S1.);
#1371 = LINE('',#1372,#1373);
#1372 = CARTESIAN_POINT('',(-24.625,-79.24870317002,40.5));
#1373 = VECTOR('',#1374,1.);
#1374 = DIRECTION('',(1.,0.,-0.));
#1375 = PCURVE('',#516,#1376);
#1376 = DEFINITIONAL_REPRESENTATION('',(#1377),#1380);
#1377 = B_SPLINE_CURVE_WITH_KNOTS('',1,(#1378,#1379),.UNSPECIFIED.,.F.,
  .F.,(2,2),(-24.625,3.875),.PIECEWISE_BEZIER_KNOTS.);
#1378 = CARTESIAN_POINT('',(-49.25,-79.24870317002));
#1379 = CARTESIAN_POINT('',(-20.75,-79.24870317002));
#1380 = ( GEOMETRIC_REPRESENTATION_CONTEXT(2) 
PARAMETRIC_REPRESENTATION_CONTEXT() REPRESENTATION_CONTEXT('2D SPACE',''
  ) );
#1381 = PCURVE('',#1382,#1387);
#1382 = PLANE('',#1383);
#1383 = AXIS2_PLACEMENT_3D('',#1384,#1385,#1386);
#1384 = CARTESIAN_POINT('',(-49.25,-79.25,40.51));
#1385 = DIRECTION('',(0.,-0.991695758116,-0.128606078142));
#1386 = DIRECTION('',(0.,0.128606078142,-0.991695758116));
#1387 = DEFINITIONAL_REPRESENTATION('',(#1388),#1391);
#1388 = B_SPLINE_CURVE_WITH_KNOTS('',1,(#1389,#1390),.UNSPECIFIED.,.F.,
  .F.,(2,2),(-24.625,3.875),.PIECEWISE_BEZIER_KNOTS.);
#1389 = CARTESIAN_POINT('',(1.008373779777E-02,0.));
#1390 = CARTESIAN_POINT('',(1.008373779777E-02,28.5));
#1391 = ( GEOMETRIC_REPRESENTATION_CONTEXT(2) 
PARAMETRIC_REPRESENTATION_CONTEXT() REPRESENTATION_CONTEXT('2D SPACE',''
  ) );
#1392 = ORIENTED_EDGE('',*,*,#1393,.F.);
#1393 = EDGE_CURVE('',#1394,#1366,#1396,.T.);
#1394 = VERTEX_POINT('',#1395);
#1395 = CARTESIAN_POINT('',(-49.24870317002,-52.75129682997,40.5));
#1396 = SURFACE_CURVE('',#1397,(#1401,#1407),.PCURVE_S1.);
#1397 = LINE('',#1398,#1399);
#1398 = CARTESIAN_POINT('',(-49.24870317002,-26.375,40.5));
#1399 = VECTOR('',#1400,1.);
#1400 = DIRECTION('',(0.,-1.,0.));
#1401 = PCURVE('',#516,#1402);
#1402 = DEFINITIONAL_REPRESENTATION('',(#1403),#1406);
#1403 = B_SPLINE_CURVE_WITH_KNOTS('',1,(#1404,#1405),.UNSPECIFIED.,.F.,
  .F.,(2,2),(26.375,52.875),.PIECEWISE_BEZIER_KNOTS.);
#1404 = CARTESIAN_POINT('',(-49.24870317002,-52.75));
#1405 = CARTESIAN_POINT('',(-49.24870317002,-79.25));
#1406 = ( GEOMETRIC_REPRESENTATION_CONTEXT(2) 
PARAMETRIC_REPRESENTATION_CONTEXT() REPRESENTATION_CONTEXT('2D SPACE',''
  ) );
#1407 = PCURVE('',#1408,#1413);
#1408 = PLANE('',#1409);
#1409 = AXIS2_PLACEMENT_3D('',#1410,#1411,#1412);
#1410 = CARTESIAN_POINT('',(-49.25,-52.75,40.51));
#1411 = DIRECTION('',(-0.991695758116,-0.,-0.128606078142));
#1412 = DIRECTION('',(0.128606078142,0.,-0.991695758116));
#1413 = DEFINITIONAL_REPRESENTATION('',(#1414),#1417);
#1414 = B_SPLINE_CURVE_WITH_KNOTS('',1,(#1415,#1416),.UNSPECIFIED.,.F.,
  .F.,(2,2),(26.375,52.875),.PIECEWISE_BEZIER_KNOTS.);
#1415 = CARTESIAN_POINT('',(1.008373779777E-02,0.));
#1416 = CARTESIAN_POINT('',(1.008373779777E-02,26.5));
#1417 = ( GEOMETRIC_REPRESENTATION_CONTEXT(2) 
PARAMETRIC_REPRESENTATION_CONTEXT() REPRESENTATION_CONTEXT('2D SPACE',''
  ) );
#1418 = ORIENTED_EDGE('',*,*,#1419,.F.);
#1419 = EDGE_CURVE('',#1420,#1394,#1422,.T.);
#1420 = VERTEX_POINT('',#1421);
#1421 = CARTESIAN_POINT('',(-20.75129682997,-52.75129682997,40.5));
#1422 = SURFACE_CURVE('',#1423,(#1427,#1433),.PCURVE_S1.);
#1423 = LINE('',#1424,#1425);
#1424 = CARTESIAN_POINT('',(-10.375,-52.75129682997,40.5));
#1425 = VECTOR('',#1426,1.);
#1426 = DIRECTION('',(-1.,0.,0.));
#1427 = PCURVE('',#516,#1428);
#1428 = DEFINITIONAL_REPRESENTATION('',(#1429),#1432);
#1429 = B_SPLINE_CURVE_WITH_KNOTS('',1,(#1430,#1431),.UNSPECIFIED.,.F.,
  .F.,(2,2),(10.375,38.875),.PIECEWISE_BEZIER_KNOTS.);
#1430 = CARTESIAN_POINT('',(-20.75,-52.75129682997));
#1431 = CARTESIAN_POINT('',(-49.25,-52.75129682997));
#1432 = ( GEOMETRIC_REPRESENTATION_CONTEXT(2) 
PARAMETRIC_REPRESENTATION_CONTEXT() REPRESENTATION_CONTEXT('2D SPACE',''
  ) );
#1433 = PCURVE('',#1434,#1439);
#1434 = PLANE('',#1435);
#1435 = AXIS2_PLACEMENT_3D('',#1436,#1437,#1438);
#1436 = CARTESIAN_POINT('',(-20.75,-52.75,40.51));
#1437 = DIRECTION('',(0.,0.991695758116,-0.128606078142));
#1438 = DIRECTION('',(0.,-0.128606078142,-0.991695758116));
#1439 = DEFINITIONAL_REPRESENTATION('',(#1440),#1443);
#1440 = B_SPLINE_CURVE_WITH_KNOTS('',1,(#1441,#1442),.UNSPECIFIED.,.F.,
  .F.,(2,2),(10.375,38.875),.PIECEWISE_BEZIER_KNOTS.);
#1441 = CARTESIAN_POINT('',(1.008373779777E-02,0.));
#1442 = CARTESIAN_POINT('',(1.008373779777E-02,28.5));
#1443 = ( GEOMETRIC_REPRESENTATION_CONTEXT(2) 
PARAMETRIC_REPRESENTATION_CONTEXT() REPRESENTATION_CONTEXT('2D SPACE',''
  ) );
#1444 = ORIENTED_EDGE('',*,*,#1445,.F.);
#1445 = EDGE_CURVE('',#1368,#1420,#1446,.T.);
#1446 = SURFACE_CURVE('',#1447,(#1451,#1457),.PCURVE_S1.);
#1447 = LINE('',#1448,#1449);
#1448 = CARTESIAN_POINT('',(-20.75129682997,-39.625,40.5));
#1449 = VECTOR('',#1450,1.);
#1450 = DIRECTION('',(-0.,1.,0.));
#1451 = PCURVE('',#516,#1452);
#1452 = DEFINITIONAL_REPRESENTATION('',(#1453),#1456);
#1453 = B_SPLINE_CURVE_WITH_KNOTS('',1,(#1454,#1455),.UNSPECIFIED.,.F.,
  .F.,(2,2),(-39.625,-13.125),.PIECEWISE_BEZIER_KNOTS.);
#1454 = CARTESIAN_POINT('',(-20.75129682997,-79.25));
#1455 = CARTESIAN_POINT('',(-20.75129682997,-52.75));
#1456 = ( GEOMETRIC_REPRESENTATION_CONTEXT(2) 
PARAMETRIC_REPRESENTATION_CONTEXT() REPRESENTATION_CONTEXT('2D SPACE',''
  ) );
#1457 = PCURVE('',#1458,#1463);
#1458 = PLANE('',#1459);
#1459 = AXIS2_PLACEMENT_3D('',#1460,#1461,#1462);
#1460 = CARTESIAN_POINT('',(-20.75,-79.25,40.51));
#1461 = DIRECTION('',(0.991695758116,0.,-0.128606078142));
#1462 = DIRECTION('',(-0.128606078142,0.,-0.991695758116));
#1463 = DEFINITIONAL_REPRESENTATION('',(#1464),#1467);
#1464 = B_SPLINE_CURVE_WITH_KNOTS('',1,(#1465,#1466),.UNSPECIFIED.,.F.,
  .F.,(2,2),(-39.625,-13.125),.PIECEWISE_BEZIER_KNOTS.);
#1465 = CARTESIAN_POINT('',(1.008373779777E-02,0.));
#1466 = CARTESIAN_POINT('',(1.008373779777E-02,26.5));
#1467 = ( GEOMETRIC_REPRESENTATION_CONTEXT(2) 
PARAMETRIC_REPRESENTATION_CONTEXT() REPRESENTATION_CONTEXT('2D SPACE',''
  ) );
#1468 = FACE_BOUND('',#1469,.T.);
#1469 = EDGE_LOOP('',(#1470,#1498,#1524,#1550));
#1470 = ORIENTED_EDGE('',*,*,#1471,.F.);
#1471 = EDGE_CURVE('',#1472,#1474,#1476,.T.);
#1472 = VERTEX_POINT('',#1473);
#1473 = CARTESIAN_POINT('',(-84.24870317002,-46.24870317002,40.5));
#1474 = VERTEX_POINT('',#1475);
#1475 = CARTESIAN_POINT('',(-55.75129682997,-46.24870317002,40.5));
#1476 = SURFACE_CURVE('',#1477,(#1481,#1487),.PCURVE_S1.);
#1477 = LINE('',#1478,#1479);
#1478 = CARTESIAN_POINT('',(-42.125,-46.24870317002,40.5));
#1479 = VECTOR('',#1480,1.);
#1480 = DIRECTION('',(1.,0.,-0.));
#1481 = PCURVE('',#516,#1482);
#1482 = DEFINITIONAL_REPRESENTATION('',(#1483),#1486);
#1483 = B_SPLINE_CURVE_WITH_KNOTS('',1,(#1484,#1485),.UNSPECIFIED.,.F.,
  .F.,(2,2),(-42.125,-13.625),.PIECEWISE_BEZIER_KNOTS.);
#1484 = CARTESIAN_POINT('',(-84.25,-46.24870317002));
#1485 = CARTESIAN_POINT('',(-55.75,-46.24870317002));
#1486 = ( GEOMETRIC_REPRESENTATION_CONTEXT(2) 
PARAMETRIC_REPRESENTATION_CONTEXT() REPRESENTATION_CONTEXT('2D SPACE',''
  ) );
#1487 = PCURVE('',#1488,#1493);
#1488 = PLANE('',#1489);
#1489 = AXIS2_PLACEMENT_3D('',#1490,#1491,#1492);
#1490 = CARTESIAN_POINT('',(-84.25,-46.25,40.51));
#1491 = DIRECTION('',(0.,-0.991695758116,-0.128606078142));
#1492 = DIRECTION('',(0.,0.128606078142,-0.991695758116));
#1493 = DEFINITIONAL_REPRESENTATION('',(#1494),#1497);
#1494 = B_SPLINE_CURVE_WITH_KNOTS('',1,(#1495,#1496),.UNSPECIFIED.,.F.,
  .F.,(2,2),(-42.125,-13.625),.PIECEWISE_BEZIER_KNOTS.);
#1495 = CARTESIAN_POINT('',(1.008373779777E-02,0.));
#1496 = CARTESIAN_POINT('',(1.008373779777E-02,28.5));
#1497 = ( GEOMETRIC_REPRESENTATION_CONTEXT(2) 
PARAMETRIC_REPRESENTATION_CONTEXT() REPRESENTATION_CONTEXT('2D SPACE',''
  ) );
#1498 = ORIENTED_EDGE('',*,*,#1499,.F.);
#1499 = EDGE_CURVE('',#1500,#1472,#1502,.T.);
#1500 = VERTEX_POINT('',#1501);
#1501 = CARTESIAN_POINT('',(-84.24870317002,-19.75129682997,40.5));
#1502 = SURFACE_CURVE('',#1503,(#1507,#1513),.PCURVE_S1.);
#1503 = LINE('',#1504,#1505);
#1504 = CARTESIAN_POINT('',(-84.24870317002,-9.875,40.5));
#1505 = VECTOR('',#1506,1.);
#1506 = DIRECTION('',(0.,-1.,0.));
#1507 = PCURVE('',#516,#1508);
#1508 = DEFINITIONAL_REPRESENTATION('',(#1509),#1512);
#1509 = B_SPLINE_CURVE_WITH_KNOTS('',1,(#1510,#1511),.UNSPECIFIED.,.F.,
  .F.,(2,2),(9.875,36.375),.PIECEWISE_BEZIER_KNOTS.);
#1510 = CARTESIAN_POINT('',(-84.24870317002,-19.75));
#1511 = CARTESIAN_POINT('',(-84.24870317002,-46.25));
#1512 = ( GEOMETRIC_REPRESENTATION_CONTEXT(2) 
PARAMETRIC_REPRESENTATION_CONTEXT() REPRESENTATION_CONTEXT('2D SPACE',''
  ) );
#1513 = PCURVE('',#1514,#1519);
#1514 = PLANE('',#1515);
#1515 = AXIS2_PLACEMENT_3D('',#1516,#1517,#1518);
#1516 = CARTESIAN_POINT('',(-84.25,-19.75,40.51));
#1517 = DIRECTION('',(-0.991695758116,-0.,-0.128606078142));
#1518 = DIRECTION('',(0.128606078142,0.,-0.991695758116));
#1519 = DEFINITIONAL_REPRESENTATION('',(#1520),#1523);
#1520 = B_SPLINE_CURVE_WITH_KNOTS('',1,(#1521,#1522),.UNSPECIFIED.,.F.,
  .F.,(2,2),(9.875,36.375),.PIECEWISE_BEZIER_KNOTS.);
#1521 = CARTESIAN_POINT('',(1.008373779777E-02,0.));
#1522 = CARTESIAN_POINT('',(1.008373779777E-02,26.5));
#1523 = ( GEOMETRIC_REPRESENTATION_CONTEXT(2) 
PARAMETRIC_REPRESENTATION_CONTEXT() REPRESENTATION_CONTEXT('2D SPACE',''
  ) );
#1524 = ORIENTED_EDGE('',*,*,#1525,.F.);
#1525 = EDGE_CURVE('',#1526,#1500,#1528,.T.);
#1526 = VERTEX_POINT('',#1527);
#1527 = CARTESIAN_POINT('',(-55.75129682997,-19.75129682997,40.5));
#1528 = SURFACE_CURVE('',#1529,(#1533,#1539),.PCURVE_S1.);
#1529 = LINE('',#1530,#1531);
#1530 = CARTESIAN_POINT('',(-27.875,-19.75129682997,40.5));
#1531 = VECTOR('',#1532,1.);
#1532 = DIRECTION('',(-1.,0.,0.));
#1533 = PCURVE('',#516,#1534);
#1534 = DEFINITIONAL_REPRESENTATION('',(#1535),#1538);
#1535 = B_SPLINE_CURVE_WITH_KNOTS('',1,(#1536,#1537),.UNSPECIFIED.,.F.,
  .F.,(2,2),(27.875,56.375),.PIECEWISE_BEZIER_KNOTS.);
#1536 = CARTESIAN_POINT('',(-55.75,-19.75129682997));
#1537 = CARTESIAN_POINT('',(-84.25,-19.75129682997));
#1538 = ( GEOMETRIC_REPRESENTATION_CONTEXT(2) 
PARAMETRIC_REPRESENTATION_CONTEXT() REPRESENTATION_CONTEXT('2D SPACE',''
  ) );
#1539 = PCURVE('',#1540,#1545);
#1540 = PLANE('',#1541);
#1541 = AXIS2_PLACEMENT_3D('',#1542,#1543,#1544);
#1542 = CARTESIAN_POINT('',(-55.75,-19.75,40.51));
#1543 = DIRECTION('',(0.,0.991695758116,-0.128606078142));
#1544 = DIRECTION('',(0.,-0.128606078142,-0.991695758116));
#1545 = DEFINITIONAL_REPRESENTATION('',(#1546),#1549);
#1546 = B_SPLINE_CURVE_WITH_KNOTS('',1,(#1547,#1548),.UNSPECIFIED.,.F.,
  .F.,(2,2),(27.875,56.375),.PIECEWISE_BEZIER_KNOTS.);
#1547 = CARTESIAN_POINT('',(1.008373779777E-02,0.));
#1548 = CARTESIAN_POINT('',(1.008373779777E-02,28.5));
#1549 = ( GEOMETRIC_REPRESENTATION_CONTEXT(2) 
PARAMETRIC_REPRESENTATION_CONTEXT() REPRESENTATION_CONTEXT('2D SPACE',''
  ) );
#1550 = ORIENTED_EDGE('',*,*,#1551,.F.);
#1551 = EDGE_CURVE('',#1474,#1526,#1552,.T.);
#1552 = SURFACE_CURVE('',#1553,(#1557,#1563),.PCURVE_S1.);
#1553 = LINE('',#1554,#1555);
#1554 = CARTESIAN_POINT('',(-55.75129682997,-23.125,40.5));
#1555 = VECTOR('',#1556,1.);
#1556 = DIRECTION('',(-0.,1.,0.));
#1557 = PCURVE('',#516,#1558);
#1558 = DEFINITIONAL_REPRESENTATION('',(#1559),#1562);
#1559 = B_SPLINE_CURVE_WITH_KNOTS('',1,(#1560,#1561),.UNSPECIFIED.,.F.,
  .F.,(2,2),(-23.125,3.375),.PIECEWISE_BEZIER_KNOTS.);
#1560 = CARTESIAN_POINT('',(-55.75129682997,-46.25));
#1561 = CARTESIAN_POINT('',(-55.75129682997,-19.75));
#1562 = ( GEOMETRIC_REPRESENTATION_CONTEXT(2) 
PARAMETRIC_REPRESENTATION_CONTEXT() REPRESENTATION_CONTEXT('2D SPACE',''
  ) );
#1563 = PCURVE('',#1564,#1569);
#1564 = PLANE('',#1565);
#1565 = AXIS2_PLACEMENT_3D('',#1566,#1567,#1568);
#1566 = CARTESIAN_POINT('',(-55.75,-46.25,40.51));
#1567 = DIRECTION('',(0.991695758116,0.,-0.128606078142));
#1568 = DIRECTION('',(-0.128606078142,0.,-0.991695758116));
#1569 = DEFINITIONAL_REPRESENTATION('',(#1570),#1573);
#1570 = B_SPLINE_CURVE_WITH_KNOTS('',1,(#1571,#1572),.UNSPECIFIED.,.F.,
  .F.,(2,2),(-23.125,3.375),.PIECEWISE_BEZIER_KNOTS.);
#1571 = CARTESIAN_POINT('',(1.008373779777E-02,0.));
#1572 = CARTESIAN_POINT('',(1.008373779777E-02,26.5));
#1573 = ( GEOMETRIC_REPRESENTATION_CONTEXT(2) 
PARAMETRIC_REPRESENTATION_CONTEXT() REPRESENTATION_CONTEXT('2D SPACE',''
  ) );
#1574 = FACE_BOUND('',#1575,.T.);
#1575 = EDGE_LOOP('',(#1576,#1604,#1630,#1656));
#1576 = ORIENTED_EDGE('',*,*,#1577,.F.);
#1577 = EDGE_CURVE('',#1578,#1580,#1582,.T.);
#1578 = VERTEX_POINT('',#1579);
#1579 = CARTESIAN_POINT('',(-49.24870317002,-46.24870317002,40.5));
#1580 = VERTEX_POINT('',#1581);
#1581 = CARTESIAN_POINT('',(-20.75129682997,-46.24870317002,40.5));
#1582 = SURFACE_CURVE('',#1583,(#1587,#1593),.PCURVE_S1.);
#1583 = LINE('',#1584,#1585);
#1584 = CARTESIAN_POINT('',(-24.625,-46.24870317002,40.5));
#1585 = VECTOR('',#1586,1.);
#1586 = DIRECTION('',(1.,0.,-0.));
#1587 = PCURVE('',#516,#1588);
#1588 = DEFINITIONAL_REPRESENTATION('',(#1589),#1592);
#1589 = B_SPLINE_CURVE_WITH_KNOTS('',1,(#1590,#1591),.UNSPECIFIED.,.F.,
  .F.,(2,2),(-24.625,3.875),.PIECEWISE_BEZIER_KNOTS.);
#1590 = CARTESIAN_POINT('',(-49.25,-46.24870317002));
#1591 = CARTESIAN_POINT('',(-20.75,-46.24870317002));
#1592 = ( GEOMETRIC_REPRESENTATION_CONTEXT(2) 
PARAMETRIC_REPRESENTATION_CONTEXT() REPRESENTATION_CONTEXT('2D SPACE',''
  ) );
#1593 = PCURVE('',#1594,#1599);
#1594 = PLANE('',#1595);
#1595 = AXIS2_PLACEMENT_3D('',#1596,#1597,#1598);
#1596 = CARTESIAN_POINT('',(-49.25,-46.25,40.51));
#1597 = DIRECTION('',(0.,-0.991695758116,-0.128606078142));
#1598 = DIRECTION('',(0.,0.128606078142,-0.991695758116));
#1599 = DEFINITIONAL_REPRESENTATION('',(#1600),#1603);
#1600 = B_SPLINE_CURVE_WITH_KNOTS('',1,(#1601,#1602),.UNSPECIFIED.,.F.,
  .F.,(2,2),(-24.625,3.875),.PIECEWISE_BEZIER_KNOTS.);
#1601 = CARTESIAN_POINT('',(1.008373779777E-02,0.));
#1602 = CARTESIAN_POINT('',(1.008373779777E-02,28.5));
#1603 = ( GEOMETRIC_REPRESENTATION_CONTEXT(2) 
PARAMETRIC_REPRESENTATION_CONTEXT() REPRESENTATION_CONTEXT('2D SPACE',''
  ) );
#1604 = ORIENTED_EDGE('',*,*,#1605,.F.);
#1605 = EDGE_CURVE('',#1606,#1578,#1608,.T.);
#1606 = VERTEX_POINT('',#1607);
#1607 = CARTESIAN_POINT('',(-49.24870317002,-19.75129682997,40.5));
#1608 = SURFACE_CURVE('',#1609,(#1613,#1619),.PCURVE_S1.);
#1609 = LINE('',#1610,#1611);
#1610 = CARTESIAN_POINT('',(-49.24870317002,-9.875,40.5));
#1611 = VECTOR('',#1612,1.);
#1612 = DIRECTION('',(0.,-1.,0.));
#1613 = PCURVE('',#516,#1614);
#1614 = DEFINITIONAL_REPRESENTATION('',(#1615),#1618);
#1615 = B_SPLINE_CURVE_WITH_KNOTS('',1,(#1616,#1617),.UNSPECIFIED.,.F.,
  .F.,(2,2),(9.875,36.375),.PIECEWISE_BEZIER_KNOTS.);
#1616 = CARTESIAN_POINT('',(-49.24870317002,-19.75));
#1617 = CARTESIAN_POINT('',(-49.24870317002,-46.25));
#1618 = ( GEOMETRIC_REPRESENTATION_CONTEXT(2) 
PARAMETRIC_REPRESENTATION_CONTEXT() REPRESENTATION_CONTEXT('2D SPACE',''
  ) );
#1619 = PCURVE('',#1620,#1625);
#1620 = PLANE('',#1621);
#1621 = AXIS2_PLACEMENT_3D('',#1622,#1623,#1624);
#1622 = CARTESIAN_POINT('',(-49.25,-19.75,40.51));
#1623 = DIRECTION('',(-0.991695758116,-0.,-0.128606078142));
#1624 = DIRECTION('',(0.128606078142,0.,-0.991695758116));
#1625 = DEFINITIONAL_REPRESENTATION('',(#1626),#1629);
#1626 = B_SPLINE_CURVE_WITH_KNOTS('',1,(#1627,#1628),.UNSPECIFIED.,.F.,
  .F.,(2,2),(9.875,36.375),.PIECEWISE_BEZIER_KNOTS.);
#1627 = CARTESIAN_POINT('',(1.008373779777E-02,0.));
#1628 = CARTESIAN_POINT('',(1.008373779777E-02,26.5));
#1629 = ( GEOMETRIC_REPRESENTATION_CONTEXT(2) 
PARAMETRIC_REPRESENTATION_CONTEXT() REPRESENTATION_CONTEXT('2D SPACE',''
  ) );
#1630 = ORIENTED_EDGE('',*,*,#1631,.F.);
#1631 = EDGE_CURVE('',#1632,#1606,#1634,.T.);
#1632 = VERTEX_POINT('',#1633);
#1633 = CARTESIAN_POINT('',(-20.75129682997,-19.75129682997,40.5));
#1634 = SURFACE_CURVE('',#1635,(#1639,#1645),.PCURVE_S1.);
#1635 = LINE('',#1636,#1637);
#1636 = CARTESIAN_POINT('',(-10.375,-19.75129682997,40.5));
#1637 = VECTOR('',#1638,1.);
#1638 = DIRECTION('',(-1.,0.,0.));
#1639 = PCURVE('',#516,#1640);
#1640 = DEFINITIONAL_REPRESENTATION('',(#1641),#1644);
#1641 = B_SPLINE_CURVE_WITH_KNOTS('',1,(#1642,#1643),.UNSPECIFIED.,.F.,
  .F.,(2,2),(10.375,38.875),.PIECEWISE_BEZIER_KNOTS.);
#1642 = CARTESIAN_POINT('',(-20.75,-19.75129682997));
#1643 = CARTESIAN_POINT('',(-49.25,-19.75129682997));
#1644 = ( GEOMETRIC_REPRESENTATION_CONTEXT(2) 
PARAMETRIC_REPRESENTATION_CONTEXT() REPRESENTATION_CONTEXT('2D SPACE',''
  ) );
#1645 = PCURVE('',#1646,#1651);
#1646 = PLANE('',#1647);
#1647 = AXIS2_PLACEMENT_3D('',#1648,#1649,#1650);
#1648 = CARTESIAN_POINT('',(-20.75,-19.75,40.51));
#1649 = DIRECTION('',(0.,0.991695758116,-0.128606078142));
#1650 = DIRECTION('',(0.,-0.128606078142,-0.991695758116));
#1651 = DEFINITIONAL_REPRESENTATION('',(#1652),#1655);
#1652 = B_SPLINE_CURVE_WITH_KNOTS('',1,(#1653,#1654),.UNSPECIFIED.,.F.,
  .F.,(2,2),(10.375,38.875),.PIECEWISE_BEZIER_KNOTS.);
#1653 = CARTESIAN_POINT('',(1.008373779777E-02,0.));
#1654 = CARTESIAN_POINT('',(1.008373779777E-02,28.5));
#1655 = ( GEOMETRIC_REPRESENTATION_CONTEXT(2) 
PARAMETRIC_REPRESENTATION_CONTEXT() REPRESENTATION_CONTEXT('2D SPACE',''
  ) );
#1656 = ORIENTED_EDGE('',*,*,#1657,.F.);
#1657 = EDGE_CURVE('',#1580,#1632,#1658,.T.);
#1658 = SURFACE_CURVE('',#1659,(#1663,#1669),.PCURVE_S1.);
#1659 = LINE('',#1660,#1661);
#1660 = CARTESIAN_POINT('',(-20.75129682997,-23.125,40.5));
#1661 = VECTOR('',#1662,1.);
#1662 = DIRECTION('',(-0.,1.,0.));
#1663 = PCURVE('',#516,#1664);
#1664 = DEFINITIONAL_REPRESENTATION('',(#1665),#1668);
#1665 = B_SPLINE_CURVE_WITH_KNOTS('',1,(#1666,#1667),.UNSPECIFIED.,.F.,
  .F.,(2,2),(-23.125,3.375),.PIECEWISE_BEZIER_KNOTS.);
#1666 = CARTESIAN_POINT('',(-20.75129682997,-46.25));
#1667 = CARTESIAN_POINT('',(-20.75129682997,-19.75));
#1668 = ( GEOMETRIC_REPRESENTATION_CONTEXT(2) 
PARAMETRIC_REPRESENTATION_CONTEXT() REPRESENTATION_CONTEXT('2D SPACE',''
  ) );
#1669 = PCURVE('',#1670,#1675);
#1670 = PLANE('',#1671);
#1671 = AXIS2_PLACEMENT_3D('',#1672,#1673,#1674);
#1672 = CARTESIAN_POINT('',(-20.75,-46.25,40.51));
#1673 = DIRECTION('',(0.991695758116,0.,-0.128606078142));
#1674 = DIRECTION('',(-0.128606078142,0.,-0.991695758116));
#1675 = DEFINITIONAL_REPRESENTATION('',(#1676),#1679);
#1676 = B_SPLINE_CURVE_WITH_KNOTS('',1,(#1677,#1678),.UNSPECIFIED.,.F.,
  .F.,(2,2),(-23.125,3.375),.PIECEWISE_BEZIER_KNOTS.);
#1677 = CARTESIAN_POINT('',(1.008373779777E-02,0.));
#1678 = CARTESIAN_POINT('',(1.008373779777E-02,26.5));
#1679 = ( GEOMETRIC_REPRESENTATION_CONTEXT(2) 
PARAMETRIC_REPRESENTATION_CONTEXT() REPRESENTATION_CONTEXT('2D SPACE',''
  ) );
#1680 = FACE_BOUND('',#1681,.T.);
#1681 = EDGE_LOOP('',(#1682,#1710,#1736,#1762));
#1682 = ORIENTED_EDGE('',*,*,#1683,.F.);
#1683 = EDGE_CURVE('',#1684,#1686,#1688,.T.);
#1684 = VERTEX_POINT('',#1685);
#1685 = CARTESIAN_POINT('',(-14.24870317002,-79.24870317002,40.5));
#1686 = VERTEX_POINT('',#1687);
#1687 = CARTESIAN_POINT('',(14.248703170029,-79.24870317002,40.5));
#1688 = SURFACE_CURVE('',#1689,(#1693,#1699),.PCURVE_S1.);
#1689 = LINE('',#1690,#1691);
#1690 = CARTESIAN_POINT('',(-7.125,-79.24870317002,40.5));
#1691 = VECTOR('',#1692,1.);
#1692 = DIRECTION('',(1.,0.,-0.));
#1693 = PCURVE('',#516,#1694);
#1694 = DEFINITIONAL_REPRESENTATION('',(#1695),#1698);
#1695 = B_SPLINE_CURVE_WITH_KNOTS('',1,(#1696,#1697),.UNSPECIFIED.,.F.,
  .F.,(2,2),(-7.125,21.375),.PIECEWISE_BEZIER_KNOTS.);
#1696 = CARTESIAN_POINT('',(-14.25,-79.24870317002));
#1697 = CARTESIAN_POINT('',(14.25,-79.24870317002));
#1698 = ( GEOMETRIC_REPRESENTATION_CONTEXT(2) 
PARAMETRIC_REPRESENTATION_CONTEXT() REPRESENTATION_CONTEXT('2D SPACE',''
  ) );
#1699 = PCURVE('',#1700,#1705);
#1700 = PLANE('',#1701);
#1701 = AXIS2_PLACEMENT_3D('',#1702,#1703,#1704);
#1702 = CARTESIAN_POINT('',(-14.25,-79.25,40.51));
#1703 = DIRECTION('',(0.,-0.991695758116,-0.128606078142));
#1704 = DIRECTION('',(0.,0.128606078142,-0.991695758116));
#1705 = DEFINITIONAL_REPRESENTATION('',(#1706),#1709);
#1706 = B_SPLINE_CURVE_WITH_KNOTS('',1,(#1707,#1708),.UNSPECIFIED.,.F.,
  .F.,(2,2),(-7.125,21.375),.PIECEWISE_BEZIER_KNOTS.);
#1707 = CARTESIAN_POINT('',(1.008373779777E-02,0.));
#1708 = CARTESIAN_POINT('',(1.008373779777E-02,28.5));
#1709 = ( GEOMETRIC_REPRESENTATION_CONTEXT(2) 
PARAMETRIC_REPRESENTATION_CONTEXT() REPRESENTATION_CONTEXT('2D SPACE',''
  ) );
#1710 = ORIENTED_EDGE('',*,*,#1711,.F.);
#1711 = EDGE_CURVE('',#1712,#1684,#1714,.T.);
#1712 = VERTEX_POINT('',#1713);
#1713 = CARTESIAN_POINT('',(-14.24870317002,-52.75129682997,40.5));
#1714 = SURFACE_CURVE('',#1715,(#1719,#1725),.PCURVE_S1.);
#1715 = LINE('',#1716,#1717);
#1716 = CARTESIAN_POINT('',(-14.24870317002,-26.375,40.5));
#1717 = VECTOR('',#1718,1.);
#1718 = DIRECTION('',(0.,-1.,0.));
#1719 = PCURVE('',#516,#1720);
#1720 = DEFINITIONAL_REPRESENTATION('',(#1721),#1724);
#1721 = B_SPLINE_CURVE_WITH_KNOTS('',1,(#1722,#1723),.UNSPECIFIED.,.F.,
  .F.,(2,2),(26.375,52.875),.PIECEWISE_BEZIER_KNOTS.);
#1722 = CARTESIAN_POINT('',(-14.24870317002,-52.75));
#1723 = CARTESIAN_POINT('',(-14.24870317002,-79.25));
#1724 = ( GEOMETRIC_REPRESENTATION_CONTEXT(2) 
PARAMETRIC_REPRESENTATION_CONTEXT() REPRESENTATION_CONTEXT('2D SPACE',''
  ) );
#1725 = PCURVE('',#1726,#1731);
#1726 = PLANE('',#1727);
#1727 = AXIS2_PLACEMENT_3D('',#1728,#1729,#1730);
#1728 = CARTESIAN_POINT('',(-14.25,-52.75,40.51));
#1729 = DIRECTION('',(-0.991695758116,-0.,-0.128606078142));
#1730 = DIRECTION('',(0.128606078142,0.,-0.991695758116));
#1731 = DEFINITIONAL_REPRESENTATION('',(#1732),#1735);
#1732 = B_SPLINE_CURVE_WITH_KNOTS('',1,(#1733,#1734),.UNSPECIFIED.,.F.,
  .F.,(2,2),(26.375,52.875),.PIECEWISE_BEZIER_KNOTS.);
#1733 = CARTESIAN_POINT('',(1.008373779777E-02,0.));
#1734 = CARTESIAN_POINT('',(1.008373779777E-02,26.5));
#1735 = ( GEOMETRIC_REPRESENTATION_CONTEXT(2) 
PARAMETRIC_REPRESENTATION_CONTEXT() REPRESENTATION_CONTEXT('2D SPACE',''
  ) );
#1736 = ORIENTED_EDGE('',*,*,#1737,.F.);
#1737 = EDGE_CURVE('',#1738,#1712,#1740,.T.);
#1738 = VERTEX_POINT('',#1739);
#1739 = CARTESIAN_POINT('',(14.248703170029,-52.75129682997,40.5));
#1740 = SURFACE_CURVE('',#1741,(#1745,#1751),.PCURVE_S1.);
#1741 = LINE('',#1742,#1743);
#1742 = CARTESIAN_POINT('',(7.125,-52.75129682997,40.5));
#1743 = VECTOR('',#1744,1.);
#1744 = DIRECTION('',(-1.,0.,0.));
#1745 = PCURVE('',#516,#1746);
#1746 = DEFINITIONAL_REPRESENTATION('',(#1747),#1750);
#1747 = B_SPLINE_CURVE_WITH_KNOTS('',1,(#1748,#1749),.UNSPECIFIED.,.F.,
  .F.,(2,2),(-7.125,21.375),.PIECEWISE_BEZIER_KNOTS.);
#1748 = CARTESIAN_POINT('',(14.25,-52.75129682997));
#1749 = CARTESIAN_POINT('',(-14.25,-52.75129682997));
#1750 = ( GEOMETRIC_REPRESENTATION_CONTEXT(2) 
PARAMETRIC_REPRESENTATION_CONTEXT() REPRESENTATION_CONTEXT('2D SPACE',''
  ) );
#1751 = PCURVE('',#1752,#1757);
#1752 = PLANE('',#1753);
#1753 = AXIS2_PLACEMENT_3D('',#1754,#1755,#1756);
#1754 = CARTESIAN_POINT('',(14.25,-52.75,40.51));
#1755 = DIRECTION('',(0.,0.991695758116,-0.128606078142));
#1756 = DIRECTION('',(0.,-0.128606078142,-0.991695758116));
#1757 = DEFINITIONAL_REPRESENTATION('',(#1758),#1761);
#1758 = B_SPLINE_CURVE_WITH_KNOTS('',1,(#1759,#1760),.UNSPECIFIED.,.F.,
  .F.,(2,2),(-7.125,21.375),.PIECEWISE_BEZIER_KNOTS.);
#1759 = CARTESIAN_POINT('',(1.008373779777E-02,0.));
#1760 = CARTESIAN_POINT('',(1.008373779777E-02,28.5));
#1761 = ( GEOMETRIC_REPRESENTATION_CONTEXT(2) 
PARAMETRIC_REPRESENTATION_CONTEXT() REPRESENTATION_CONTEXT('2D SPACE',''
  ) );
#1762 = ORIENTED_EDGE('',*,*,#1763,.F.);
#1763 = EDGE_CURVE('',#1686,#1738,#1764,.T.);
#1764 = SURFACE_CURVE('',#1765,(#1769,#1775),.PCURVE_S1.);
#1765 = LINE('',#1766,#1767);
#1766 = CARTESIAN_POINT('',(14.248703170029,-39.625,40.5));
#1767 = VECTOR('',#1768,1.);
#1768 = DIRECTION('',(-0.,1.,0.));
#1769 = PCURVE('',#516,#1770);
#1770 = DEFINITIONAL_REPRESENTATION('',(#1771),#1774);
#1771 = B_SPLINE_CURVE_WITH_KNOTS('',1,(#1772,#1773),.UNSPECIFIED.,.F.,
  .F.,(2,2),(-39.625,-13.125),.PIECEWISE_BEZIER_KNOTS.);
#1772 = CARTESIAN_POINT('',(14.248703170029,-79.25));
#1773 = CARTESIAN_POINT('',(14.248703170029,-52.75));
#1774 = ( GEOMETRIC_REPRESENTATION_CONTEXT(2) 
PARAMETRIC_REPRESENTATION_CONTEXT() REPRESENTATION_CONTEXT('2D SPACE',''
  ) );
#1775 = PCURVE('',#1776,#1781);
#1776 = PLANE('',#1777);
#1777 = AXIS2_PLACEMENT_3D('',#1778,#1779,#1780);
#1778 = CARTESIAN_POINT('',(14.25,-79.25,40.51));
#1779 = DIRECTION('',(0.991695758116,0.,-0.128606078142));
#1780 = DIRECTION('',(-0.128606078142,0.,-0.991695758116));
#1781 = DEFINITIONAL_REPRESENTATION('',(#1782),#1785);
#1782 = B_SPLINE_CURVE_WITH_KNOTS('',1,(#1783,#1784),.UNSPECIFIED.,.F.,
  .F.,(2,2),(-39.625,-13.125),.PIECEWISE_BEZIER_KNOTS.);
#1783 = CARTESIAN_POINT('',(1.008373779777E-02,0.));
#1784 = CARTESIAN_POINT('',(1.008373779777E-02,26.5));
#1785 = ( GEOMETRIC_REPRESENTATION_CONTEXT(2) 
PARAMETRIC_REPRESENTATION_CONTEXT() REPRESENTATION_CONTEXT('2D SPACE',''
  ) );
#1786 = FACE_BOUND('',#1787,.T.);
#1787 = EDGE_LOOP('',(#1788,#1816,#1842,#1868));
#1788 = ORIENTED_EDGE('',*,*,#1789,.F.);
#1789 = EDGE_CURVE('',#1790,#1792,#1794,.T.);
#1790 = VERTEX_POINT('',#1791);
#1791 = CARTESIAN_POINT('',(20.751296829971,-79.24870317002,40.5));
#1792 = VERTEX_POINT('',#1793);
#1793 = CARTESIAN_POINT('',(49.248703170029,-79.24870317002,40.5));
#1794 = SURFACE_CURVE('',#1795,(#1799,#1805),.PCURVE_S1.);
#1795 = LINE('',#1796,#1797);
#1796 = CARTESIAN_POINT('',(10.375,-79.24870317002,40.5));
#1797 = VECTOR('',#1798,1.);
#1798 = DIRECTION('',(1.,0.,-0.));
#1799 = PCURVE('',#516,#1800);
#1800 = DEFINITIONAL_REPRESENTATION('',(#1801),#1804);
#1801 = B_SPLINE_CURVE_WITH_KNOTS('',1,(#1802,#1803),.UNSPECIFIED.,.F.,
  .F.,(2,2),(10.375,38.875),.PIECEWISE_BEZIER_KNOTS.);
#1802 = CARTESIAN_POINT('',(20.75,-79.24870317002));
#1803 = CARTESIAN_POINT('',(49.25,-79.24870317002));
#1804 = ( GEOMETRIC_REPRESENTATION_CONTEXT(2) 
PARAMETRIC_REPRESENTATION_CONTEXT() REPRESENTATION_CONTEXT('2D SPACE',''
  ) );
#1805 = PCURVE('',#1806,#1811);
#1806 = PLANE('',#1807);
#1807 = AXIS2_PLACEMENT_3D('',#1808,#1809,#1810);
#1808 = CARTESIAN_POINT('',(20.75,-79.25,40.51));
#1809 = DIRECTION('',(0.,-0.991695758116,-0.128606078142));
#1810 = DIRECTION('',(0.,0.128606078142,-0.991695758116));
#1811 = DEFINITIONAL_REPRESENTATION('',(#1812),#1815);
#1812 = B_SPLINE_CURVE_WITH_KNOTS('',1,(#1813,#1814),.UNSPECIFIED.,.F.,
  .F.,(2,2),(10.375,38.875),.PIECEWISE_BEZIER_KNOTS.);
#1813 = CARTESIAN_POINT('',(1.008373779777E-02,0.));
#1814 = CARTESIAN_POINT('',(1.008373779777E-02,28.5));
#1815 = ( GEOMETRIC_REPRESENTATION_CONTEXT(2) 
PARAMETRIC_REPRESENTATION_CONTEXT() REPRESENTATION_CONTEXT('2D SPACE',''
  ) );
#1816 = ORIENTED_EDGE('',*,*,#1817,.F.);
#1817 = EDGE_CURVE('',#1818,#1790,#1820,.T.);
#1818 = VERTEX_POINT('',#1819);
#1819 = CARTESIAN_POINT('',(20.751296829971,-52.75129682997,40.5));
#1820 = SURFACE_CURVE('',#1821,(#1825,#1831),.PCURVE_S1.);
#1821 = LINE('',#1822,#1823);
#1822 = CARTESIAN_POINT('',(20.751296829971,-26.375,40.5));
#1823 = VECTOR('',#1824,1.);
#1824 = DIRECTION('',(0.,-1.,0.));
#1825 = PCURVE('',#516,#1826);
#1826 = DEFINITIONAL_REPRESENTATION('',(#1827),#1830);
#1827 = B_SPLINE_CURVE_WITH_KNOTS('',1,(#1828,#1829),.UNSPECIFIED.,.F.,
  .F.,(2,2),(26.375,52.875),.PIECEWISE_BEZIER_KNOTS.);
#1828 = CARTESIAN_POINT('',(20.751296829971,-52.75));
#1829 = CARTESIAN_POINT('',(20.751296829971,-79.25));
#1830 = ( GEOMETRIC_REPRESENTATION_CONTEXT(2) 
PARAMETRIC_REPRESENTATION_CONTEXT() REPRESENTATION_CONTEXT('2D SPACE',''
  ) );
#1831 = PCURVE('',#1832,#1837);
#1832 = PLANE('',#1833);
#1833 = AXIS2_PLACEMENT_3D('',#1834,#1835,#1836);
#1834 = CARTESIAN_POINT('',(20.75,-52.75,40.51));
#1835 = DIRECTION('',(-0.991695758116,-0.,-0.128606078142));
#1836 = DIRECTION('',(0.128606078142,0.,-0.991695758116));
#1837 = DEFINITIONAL_REPRESENTATION('',(#1838),#1841);
#1838 = B_SPLINE_CURVE_WITH_KNOTS('',1,(#1839,#1840),.UNSPECIFIED.,.F.,
  .F.,(2,2),(26.375,52.875),.PIECEWISE_BEZIER_KNOTS.);
#1839 = CARTESIAN_POINT('',(1.008373779777E-02,0.));
#1840 = CARTESIAN_POINT('',(1.008373779777E-02,26.5));
#1841 = ( GEOMETRIC_REPRESENTATION_CONTEXT(2) 
PARAMETRIC_REPRESENTATION_CONTEXT() REPRESENTATION_CONTEXT('2D SPACE',''
  ) );
#1842 = ORIENTED_EDGE('',*,*,#1843,.F.);
#1843 = EDGE_CURVE('',#1844,#1818,#1846,.T.);
#1844 = VERTEX_POINT('',#1845);
#1845 = CARTESIAN_POINT('',(49.248703170029,-52.75129682997,40.5));
#1846 = SURFACE_CURVE('',#1847,(#1851,#1857),.PCURVE_S1.);
#1847 = LINE('',#1848,#1849);
#1848 = CARTESIAN_POINT('',(24.625,-52.75129682997,40.5));
#1849 = VECTOR('',#1850,1.);
#1850 = DIRECTION('',(-1.,0.,0.));
#1851 = PCURVE('',#516,#1852);
#1852 = DEFINITIONAL_REPRESENTATION('',(#1853),#1856);
#1853 = B_SPLINE_CURVE_WITH_KNOTS('',1,(#1854,#1855),.UNSPECIFIED.,.F.,
  .F.,(2,2),(-24.625,3.875),.PIECEWISE_BEZIER_KNOTS.);
#1854 = CARTESIAN_POINT('',(49.25,-52.75129682997));
#1855 = CARTESIAN_POINT('',(20.75,-52.75129682997));
#1856 = ( GEOMETRIC_REPRESENTATION_CONTEXT(2) 
PARAMETRIC_REPRESENTATION_CONTEXT() REPRESENTATION_CONTEXT('2D SPACE',''
  ) );
#1857 = PCURVE('',#1858,#1863);
#1858 = PLANE('',#1859);
#1859 = AXIS2_PLACEMENT_3D('',#1860,#1861,#1862);
#1860 = CARTESIAN_POINT('',(49.25,-52.75,40.51));
#1861 = DIRECTION('',(0.,0.991695758116,-0.128606078142));
#1862 = DIRECTION('',(0.,-0.128606078142,-0.991695758116));
#1863 = DEFINITIONAL_REPRESENTATION('',(#1864),#1867);
#1864 = B_SPLINE_CURVE_WITH_KNOTS('',1,(#1865,#1866),.UNSPECIFIED.,.F.,
  .F.,(2,2),(-24.625,3.875),.PIECEWISE_BEZIER_KNOTS.);
#1865 = CARTESIAN_POINT('',(1.008373779777E-02,0.));
#1866 = CARTESIAN_POINT('',(1.008373779777E-02,28.5));
#1867 = ( GEOMETRIC_REPRESENTATION_CONTEXT(2) 
PARAMETRIC_REPRESENTATION_CONTEXT() REPRESENTATION_CONTEXT('2D SPACE',''
  ) );
#1868 = ORIENTED_EDGE('',*,*,#1869,.F.);
#1869 = EDGE_CURVE('',#1792,#1844,#1870,.T.);
#1870 = SURFACE_CURVE('',#1871,(#1875,#1881),.PCURVE_S1.);
#1871 = LINE('',#1872,#1873);
#1872 = CARTESIAN_POINT('',(49.248703170029,-39.625,40.5));
#1873 = VECTOR('',#1874,1.);
#1874 = DIRECTION('',(-0.,1.,0.));
#1875 = PCURVE('',#516,#1876);
#1876 = DEFINITIONAL_REPRESENTATION('',(#1877),#1880);
#1877 = B_SPLINE_CURVE_WITH_KNOTS('',1,(#1878,#1879),.UNSPECIFIED.,.F.,
  .F.,(2,2),(-39.625,-13.125),.PIECEWISE_BEZIER_KNOTS.);
#1878 = CARTESIAN_POINT('',(49.248703170029,-79.25));
#1879 = CARTESIAN_POINT('',(49.248703170029,-52.75));
#1880 = ( GEOMETRIC_REPRESENTATION_CONTEXT(2) 
PARAMETRIC_REPRESENTATION_CONTEXT() REPRESENTATION_CONTEXT('2D SPACE',''
  ) );
#1881 = PCURVE('',#1882,#1887);
#1882 = PLANE('',#1883);
#1883 = AXIS2_PLACEMENT_3D('',#1884,#1885,#1886);
#1884 = CARTESIAN_POINT('',(49.25,-79.25,40.51));
#1885 = DIRECTION('',(0.991695758116,0.,-0.128606078142));
#1886 = DIRECTION('',(-0.128606078142,0.,-0.991695758116));
#1887 = DEFINITIONAL_REPRESENTATION('',(#1888),#1891);
#1888 = B_SPLINE_CURVE_WITH_KNOTS('',1,(#1889,#1890),.UNSPECIFIED.,.F.,
  .F.,(2,2),(-39.625,-13.125),.PIECEWISE_BEZIER_KNOTS.);
#1889 = CARTESIAN_POINT('',(1.008373779777E-02,0.));
#1890 = CARTESIAN_POINT('',(1.008373779777E-02,26.5));
#1891 = ( GEOMETRIC_REPRESENTATION_CONTEXT(2) 
PARAMETRIC_REPRESENTATION_CONTEXT() REPRESENTATION_CONTEXT('2D SPACE',''
  ) );
#1892 = FACE_BOUND('',#1893,.T.);
#1893 = EDGE_LOOP('',(#1894,#1922,#1948,#1974));
#1894 = ORIENTED_EDGE('',*,*,#1895,.F.);
#1895 = EDGE_CURVE('',#1896,#1898,#1900,.T.);
#1896 = VERTEX_POINT('',#1897);
#1897 = CARTESIAN_POINT('',(55.751296829971,-79.24870317002,40.5));
#1898 = VERTEX_POINT('',#1899);
#1899 = CARTESIAN_POINT('',(84.248703170029,-79.24870317002,40.5));
#1900 = SURFACE_CURVE('',#1901,(#1905,#1911),.PCURVE_S1.);
#1901 = LINE('',#1902,#1903);
#1902 = CARTESIAN_POINT('',(27.875,-79.24870317002,40.5));
#1903 = VECTOR('',#1904,1.);
#1904 = DIRECTION('',(1.,0.,-0.));
#1905 = PCURVE('',#516,#1906);
#1906 = DEFINITIONAL_REPRESENTATION('',(#1907),#1910);
#1907 = B_SPLINE_CURVE_WITH_KNOTS('',1,(#1908,#1909),.UNSPECIFIED.,.F.,
  .F.,(2,2),(27.875,56.375),.PIECEWISE_BEZIER_KNOTS.);
#1908 = CARTESIAN_POINT('',(55.75,-79.24870317002));
#1909 = CARTESIAN_POINT('',(84.25,-79.24870317002));
#1910 = ( GEOMETRIC_REPRESENTATION_CONTEXT(2) 
PARAMETRIC_REPRESENTATION_CONTEXT() REPRESENTATION_CONTEXT('2D SPACE',''
  ) );
#1911 = PCURVE('',#1912,#1917);
#1912 = PLANE('',#1913);
#1913 = AXIS2_PLACEMENT_3D('',#1914,#1915,#1916);
#1914 = CARTESIAN_POINT('',(55.75,-79.25,40.51));
#1915 = DIRECTION('',(0.,-0.991695758116,-0.128606078142));
#1916 = DIRECTION('',(0.,0.128606078142,-0.991695758116));
#1917 = DEFINITIONAL_REPRESENTATION('',(#1918),#1921);
#1918 = B_SPLINE_CURVE_WITH_KNOTS('',1,(#1919,#1920),.UNSPECIFIED.,.F.,
  .F.,(2,2),(27.875,56.375),.PIECEWISE_BEZIER_KNOTS.);
#1919 = CARTESIAN_POINT('',(1.008373779777E-02,0.));
#1920 = CARTESIAN_POINT('',(1.008373779777E-02,28.5));
#1921 = ( GEOMETRIC_REPRESENTATION_CONTEXT(2) 
PARAMETRIC_REPRESENTATION_CONTEXT() REPRESENTATION_CONTEXT('2D SPACE',''
  ) );
#1922 = ORIENTED_EDGE('',*,*,#1923,.F.);
#1923 = EDGE_CURVE('',#1924,#1896,#1926,.T.);
#1924 = VERTEX_POINT('',#1925);
#1925 = CARTESIAN_POINT('',(55.751296829971,-52.75129682997,40.5));
#1926 = SURFACE_CURVE('',#1927,(#1931,#1937),.PCURVE_S1.);
#1927 = LINE('',#1928,#1929);
#1928 = CARTESIAN_POINT('',(55.751296829971,-26.375,40.5));
#1929 = VECTOR('',#1930,1.);
#1930 = DIRECTION('',(0.,-1.,0.));
#1931 = PCURVE('',#516,#1932);
#1932 = DEFINITIONAL_REPRESENTATION('',(#1933),#1936);
#1933 = B_SPLINE_CURVE_WITH_KNOTS('',1,(#1934,#1935),.UNSPECIFIED.,.F.,
  .F.,(2,2),(26.375,52.875),.PIECEWISE_BEZIER_KNOTS.);
#1934 = CARTESIAN_POINT('',(55.751296829971,-52.75));
#1935 = CARTESIAN_POINT('',(55.751296829971,-79.25));
#1936 = ( GEOMETRIC_REPRESENTATION_CONTEXT(2) 
PARAMETRIC_REPRESENTATION_CONTEXT() REPRESENTATION_CONTEXT('2D SPACE',''
  ) );
#1937 = PCURVE('',#1938,#1943);
#1938 = PLANE('',#1939);
#1939 = AXIS2_PLACEMENT_3D('',#1940,#1941,#1942);
#1940 = CARTESIAN_POINT('',(55.75,-52.75,40.51));
#1941 = DIRECTION('',(-0.991695758116,-0.,-0.128606078142));
#1942 = DIRECTION('',(0.128606078142,0.,-0.991695758116));
#1943 = DEFINITIONAL_REPRESENTATION('',(#1944),#1947);
#1944 = B_SPLINE_CURVE_WITH_KNOTS('',1,(#1945,#1946),.UNSPECIFIED.,.F.,
  .F.,(2,2),(26.375,52.875),.PIECEWISE_BEZIER_KNOTS.);
#1945 = CARTESIAN_POINT('',(1.008373779777E-02,0.));
#1946 = CARTESIAN_POINT('',(1.008373779777E-02,26.5));
#1947 = ( GEOMETRIC_REPRESENTATION_CONTEXT(2) 
PARAMETRIC_REPRESENTATION_CONTEXT() REPRESENTATION_CONTEXT('2D SPACE',''
  ) );
#1948 = ORIENTED_EDGE('',*,*,#1949,.F.);
#1949 = EDGE_CURVE('',#1950,#1924,#1952,.T.);
#1950 = VERTEX_POINT('',#1951);
#1951 = CARTESIAN_POINT('',(84.248703170029,-52.75129682997,40.5));
#1952 = SURFACE_CURVE('',#1953,(#1957,#1963),.PCURVE_S1.);
#1953 = LINE('',#1954,#1955);
#1954 = CARTESIAN_POINT('',(42.125,-52.75129682997,40.5));
#1955 = VECTOR('',#1956,1.);
#1956 = DIRECTION('',(-1.,0.,0.));
#1957 = PCURVE('',#516,#1958);
#1958 = DEFINITIONAL_REPRESENTATION('',(#1959),#1962);
#1959 = B_SPLINE_CURVE_WITH_KNOTS('',1,(#1960,#1961),.UNSPECIFIED.,.F.,
  .F.,(2,2),(-42.125,-13.625),.PIECEWISE_BEZIER_KNOTS.);
#1960 = CARTESIAN_POINT('',(84.25,-52.75129682997));
#1961 = CARTESIAN_POINT('',(55.75,-52.75129682997));
#1962 = ( GEOMETRIC_REPRESENTATION_CONTEXT(2) 
PARAMETRIC_REPRESENTATION_CONTEXT() REPRESENTATION_CONTEXT('2D SPACE',''
  ) );
#1963 = PCURVE('',#1964,#1969);
#1964 = PLANE('',#1965);
#1965 = AXIS2_PLACEMENT_3D('',#1966,#1967,#1968);
#1966 = CARTESIAN_POINT('',(84.25,-52.75,40.51));
#1967 = DIRECTION('',(0.,0.991695758116,-0.128606078142));
#1968 = DIRECTION('',(0.,-0.128606078142,-0.991695758116));
#1969 = DEFINITIONAL_REPRESENTATION('',(#1970),#1973);
#1970 = B_SPLINE_CURVE_WITH_KNOTS('',1,(#1971,#1972),.UNSPECIFIED.,.F.,
  .F.,(2,2),(-42.125,-13.625),.PIECEWISE_BEZIER_KNOTS.);
#1971 = CARTESIAN_POINT('',(1.008373779777E-02,0.));
#1972 = CARTESIAN_POINT('',(1.008373779777E-02,28.5));
#1973 = ( GEOMETRIC_REPRESENTATION_CONTEXT(2) 
PARAMETRIC_REPRESENTATION_CONTEXT() REPRESENTATION_CONTEXT('2D SPACE',''
  ) );
#1974 = ORIENTED_EDGE('',*,*,#1975,.F.);
#1975 = EDGE_CURVE('',#1898,#1950,#1976,.T.);
#1976 = SURFACE_CURVE('',#1977,(#1981,#1987),.PCURVE_S1.);
#1977 = LINE('',#1978,#1979);
#1978 = CARTESIAN_POINT('',(84.248703170029,-39.625,40.5));
#1979 = VECTOR('',#1980,1.);
#1980 = DIRECTION('',(-0.,1.,0.));
#1981 = PCURVE('',#516,#1982);
#1982 = DEFINITIONAL_REPRESENTATION('',(#1983),#1986);
#1983 = B_SPLINE_CURVE_WITH_KNOTS('',1,(#1984,#1985),.UNSPECIFIED.,.F.,
  .F.,(2,2),(-39.625,-13.125),.PIECEWISE_BEZIER_KNOTS.);
#1984 = CARTESIAN_POINT('',(84.248703170029,-79.25));
#1985 = CARTESIAN_POINT('',(84.248703170029,-52.75));
#1986 = ( GEOMETRIC_REPRESENTATION_CONTEXT(2) 
PARAMETRIC_REPRESENTATION_CONTEXT() REPRESENTATION_CONTEXT('2D SPACE',''
  ) );
#1987 = PCURVE('',#1988,#1993);
#1988 = PLANE('',#1989);
#1989 = AXIS2_PLACEMENT_3D('',#1990,#1991,#1992);
#1990 = CARTESIAN_POINT('',(84.25,-79.25,40.51));
#1991 = DIRECTION('',(0.991695758116,0.,-0.128606078142));
#1992 = DIRECTION('',(-0.128606078142,0.,-0.991695758116));
#1993 = DEFINITIONAL_REPRESENTATION('',(#1994),#1997);
#1994 = B_SPLINE_CURVE_WITH_KNOTS('',1,(#1995,#1996),.UNSPECIFIED.,.F.,
  .F.,(2,2),(-39.625,-13.125),.PIECEWISE_BEZIER_KNOTS.);
#1995 = CARTESIAN_POINT('',(1.008373779777E-02,0.));
#1996 = CARTESIAN_POINT('',(1.008373779777E-02,26.5));
#1997 = ( GEOMETRIC_REPRESENTATION_CONTEXT(2) 
PARAMETRIC_REPRESENTATION_CONTEXT() REPRESENTATION_CONTEXT('2D SPACE',''
  ) );
#1998 = FACE_BOUND('',#1999,.T.);
#1999 = EDGE_LOOP('',(#2000,#2028,#2054,#2080));
#2000 = ORIENTED_EDGE('',*,*,#2001,.F.);
#2001 = EDGE_CURVE('',#2002,#2004,#2006,.T.);
#2002 = VERTEX_POINT('',#2003);
#2003 = CARTESIAN_POINT('',(-14.24870317002,-46.24870317002,40.5));
#2004 = VERTEX_POINT('',#2005);
#2005 = CARTESIAN_POINT('',(14.248703170029,-46.24870317002,40.5));
#2006 = SURFACE_CURVE('',#2007,(#2011,#2017),.PCURVE_S1.);
#2007 = LINE('',#2008,#2009);
#2008 = CARTESIAN_POINT('',(-7.125,-46.24870317002,40.5));
#2009 = VECTOR('',#2010,1.);
#2010 = DIRECTION('',(1.,0.,-0.));
#2011 = PCURVE('',#516,#2012);
#2012 = DEFINITIONAL_REPRESENTATION('',(#2013),#2016);
#2013 = B_SPLINE_CURVE_WITH_KNOTS('',1,(#2014,#2015),.UNSPECIFIED.,.F.,
  .F.,(2,2),(-7.125,21.375),.PIECEWISE_BEZIER_KNOTS.);
#2014 = CARTESIAN_POINT('',(-14.25,-46.24870317002));
#2015 = CARTESIAN_POINT('',(14.25,-46.24870317002));
#2016 = ( GEOMETRIC_REPRESENTATION_CONTEXT(2) 
PARAMETRIC_REPRESENTATION_CONTEXT() REPRESENTATION_CONTEXT('2D SPACE',''
  ) );
#2017 = PCURVE('',#2018,#2023);
#2018 = PLANE('',#2019);
#2019 = AXIS2_PLACEMENT_3D('',#2020,#2021,#2022);
#2020 = CARTESIAN_POINT('',(-14.25,-46.25,40.51));
#2021 = DIRECTION('',(0.,-0.991695758116,-0.128606078142));
#2022 = DIRECTION('',(0.,0.128606078142,-0.991695758116));
#2023 = DEFINITIONAL_REPRESENTATION('',(#2024),#2027);
#2024 = B_SPLINE_CURVE_WITH_KNOTS('',1,(#2025,#2026),.UNSPECIFIED.,.F.,
  .F.,(2,2),(-7.125,21.375),.PIECEWISE_BEZIER_KNOTS.);
#2025 = CARTESIAN_POINT('',(1.008373779777E-02,0.));
#2026 = CARTESIAN_POINT('',(1.008373779777E-02,28.5));
#2027 = ( GEOMETRIC_REPRESENTATION_CONTEXT(2) 
PARAMETRIC_REPRESENTATION_CONTEXT() REPRESENTATION_CONTEXT('2D SPACE',''
  ) );
#2028 = ORIENTED_EDGE('',*,*,#2029,.F.);
#2029 = EDGE_CURVE('',#2030,#2002,#2032,.T.);
#2030 = VERTEX_POINT('',#2031);
#2031 = CARTESIAN_POINT('',(-14.24870317002,-19.75129682997,40.5));
#2032 = SURFACE_CURVE('',#2033,(#2037,#2043),.PCURVE_S1.);
#2033 = LINE('',#2034,#2035);
#2034 = CARTESIAN_POINT('',(-14.24870317002,-9.875,40.5));
#2035 = VECTOR('',#2036,1.);
#2036 = DIRECTION('',(0.,-1.,0.));
#2037 = PCURVE('',#516,#2038);
#2038 = DEFINITIONAL_REPRESENTATION('',(#2039),#2042);
#2039 = B_SPLINE_CURVE_WITH_KNOTS('',1,(#2040,#2041),.UNSPECIFIED.,.F.,
  .F.,(2,2),(9.875,36.375),.PIECEWISE_BEZIER_KNOTS.);
#2040 = CARTESIAN_POINT('',(-14.24870317002,-19.75));
#2041 = CARTESIAN_POINT('',(-14.24870317002,-46.25));
#2042 = ( GEOMETRIC_REPRESENTATION_CONTEXT(2) 
PARAMETRIC_REPRESENTATION_CONTEXT() REPRESENTATION_CONTEXT('2D SPACE',''
  ) );
#2043 = PCURVE('',#2044,#2049);
#2044 = PLANE('',#2045);
#2045 = AXIS2_PLACEMENT_3D('',#2046,#2047,#2048);
#2046 = CARTESIAN_POINT('',(-14.25,-19.75,40.51));
#2047 = DIRECTION('',(-0.991695758116,-0.,-0.128606078142));
#2048 = DIRECTION('',(0.128606078142,0.,-0.991695758116));
#2049 = DEFINITIONAL_REPRESENTATION('',(#2050),#2053);
#2050 = B_SPLINE_CURVE_WITH_KNOTS('',1,(#2051,#2052),.UNSPECIFIED.,.F.,
  .F.,(2,2),(9.875,36.375),.PIECEWISE_BEZIER_KNOTS.);
#2051 = CARTESIAN_POINT('',(1.008373779777E-02,0.));
#2052 = CARTESIAN_POINT('',(1.008373779777E-02,26.5));
#2053 = ( GEOMETRIC_REPRESENTATION_CONTEXT(2) 
PARAMETRIC_REPRESENTATION_CONTEXT() REPRESENTATION_CONTEXT('2D SPACE',''
  ) );
#2054 = ORIENTED_EDGE('',*,*,#2055,.F.);
#2055 = EDGE_CURVE('',#2056,#2030,#2058,.T.);
#2056 = VERTEX_POINT('',#2057);
#2057 = CARTESIAN_POINT('',(14.248703170029,-19.75129682997,40.5));
#2058 = SURFACE_CURVE('',#2059,(#2063,#2069),.PCURVE_S1.);
#2059 = LINE('',#2060,#2061);
#2060 = CARTESIAN_POINT('',(7.125,-19.75129682997,40.5));
#2061 = VECTOR('',#2062,1.);
#2062 = DIRECTION('',(-1.,0.,0.));
#2063 = PCURVE('',#516,#2064);
#2064 = DEFINITIONAL_REPRESENTATION('',(#2065),#2068);
#2065 = B_SPLINE_CURVE_WITH_KNOTS('',1,(#2066,#2067),.UNSPECIFIED.,.F.,
  .F.,(2,2),(-7.125,21.375),.PIECEWISE_BEZIER_KNOTS.);
#2066 = CARTESIAN_POINT('',(14.25,-19.75129682997));
#2067 = CARTESIAN_POINT('',(-14.25,-19.75129682997));
#2068 = ( GEOMETRIC_REPRESENTATION_CONTEXT(2) 
PARAMETRIC_REPRESENTATION_CONTEXT() REPRESENTATION_CONTEXT('2D SPACE',''
  ) );
#2069 = PCURVE('',#2070,#2075);
#2070 = PLANE('',#2071);
#2071 = AXIS2_PLACEMENT_3D('',#2072,#2073,#2074);
#2072 = CARTESIAN_POINT('',(14.25,-19.75,40.51));
#2073 = DIRECTION('',(0.,0.991695758116,-0.128606078142));
#2074 = DIRECTION('',(0.,-0.128606078142,-0.991695758116));
#2075 = DEFINITIONAL_REPRESENTATION('',(#2076),#2079);
#2076 = B_SPLINE_CURVE_WITH_KNOTS('',1,(#2077,#2078),.UNSPECIFIED.,.F.,
  .F.,(2,2),(-7.125,21.375),.PIECEWISE_BEZIER_KNOTS.);
#2077 = CARTESIAN_POINT('',(1.008373779777E-02,0.));
#2078 = CARTESIAN_POINT('',(1.008373779777E-02,28.5));
#2079 = ( GEOMETRIC_REPRESENTATION_CONTEXT(2) 
PARAMETRIC_REPRESENTATION_CONTEXT() REPRESENTATION_CONTEXT('2D SPACE',''
  ) );
#2080 = ORIENTED_EDGE('',*,*,#2081,.F.);
#2081 = EDGE_CURVE('',#2004,#2056,#2082,.T.);
#2082 = SURFACE_CURVE('',#2083,(#2087,#2093),.PCURVE_S1.);
#2083 = LINE('',#2084,#2085);
#2084 = CARTESIAN_POINT('',(14.248703170029,-23.125,40.5));
#2085 = VECTOR('',#2086,1.);
#2086 = DIRECTION('',(-0.,1.,0.));
#2087 = PCURVE('',#516,#2088);
#2088 = DEFINITIONAL_REPRESENTATION('',(#2089),#2092);
#2089 = B_SPLINE_CURVE_WITH_KNOTS('',1,(#2090,#2091),.UNSPECIFIED.,.F.,
  .F.,(2,2),(-23.125,3.375),.PIECEWISE_BEZIER_KNOTS.);
#2090 = CARTESIAN_POINT('',(14.248703170029,-46.25));
#2091 = CARTESIAN_POINT('',(14.248703170029,-19.75));
#2092 = ( GEOMETRIC_REPRESENTATION_CONTEXT(2) 
PARAMETRIC_REPRESENTATION_CONTEXT() REPRESENTATION_CONTEXT('2D SPACE',''
  ) );
#2093 = PCURVE('',#2094,#2099);
#2094 = PLANE('',#2095);
#2095 = AXIS2_PLACEMENT_3D('',#2096,#2097,#2098);
#2096 = CARTESIAN_POINT('',(14.25,-46.25,40.51));
#2097 = DIRECTION('',(0.991695758116,0.,-0.128606078142));
#2098 = DIRECTION('',(-0.128606078142,0.,-0.991695758116));
#2099 = DEFINITIONAL_REPRESENTATION('',(#2100),#2103);
#2100 = B_SPLINE_CURVE_WITH_KNOTS('',1,(#2101,#2102),.UNSPECIFIED.,.F.,
  .F.,(2,2),(-23.125,3.375),.PIECEWISE_BEZIER_KNOTS.);
#2101 = CARTESIAN_POINT('',(1.008373779777E-02,0.));
#2102 = CARTESIAN_POINT('',(1.008373779777E-02,26.5));
#2103 = ( GEOMETRIC_REPRESENTATION_CONTEXT(2) 
PARAMETRIC_REPRESENTATION_CONTEXT() REPRESENTATION_CONTEXT('2D SPACE',''
  ) );
#2104 = FACE_BOUND('',#2105,.T.);
#2105 = EDGE_LOOP('',(#2106,#2134,#2160,#2186));
#2106 = ORIENTED_EDGE('',*,*,#2107,.F.);
#2107 = EDGE_CURVE('',#2108,#2110,#2112,.T.);
#2108 = VERTEX_POINT('',#2109);
#2109 = CARTESIAN_POINT('',(20.751296829971,-46.24870317002,40.5));
#2110 = VERTEX_POINT('',#2111);
#2111 = CARTESIAN_POINT('',(49.248703170029,-46.24870317002,40.5));
#2112 = SURFACE_CURVE('',#2113,(#2117,#2123),.PCURVE_S1.);
#2113 = LINE('',#2114,#2115);
#2114 = CARTESIAN_POINT('',(10.375,-46.24870317002,40.5));
#2115 = VECTOR('',#2116,1.);
#2116 = DIRECTION('',(1.,0.,-0.));
#2117 = PCURVE('',#516,#2118);
#2118 = DEFINITIONAL_REPRESENTATION('',(#2119),#2122);
#2119 = B_SPLINE_CURVE_WITH_KNOTS('',1,(#2120,#2121),.UNSPECIFIED.,.F.,
  .F.,(2,2),(10.375,38.875),.PIECEWISE_BEZIER_KNOTS.);
#2120 = CARTESIAN_POINT('',(20.75,-46.24870317002));
#2121 = CARTESIAN_POINT('',(49.25,-46.24870317002));
#2122 = ( GEOMETRIC_REPRESENTATION_CONTEXT(2) 
PARAMETRIC_REPRESENTATION_CONTEXT() REPRESENTATION_CONTEXT('2D SPACE',''
  ) );
#2123 = PCURVE('',#2124,#2129);
#2124 = PLANE('',#2125);
#2125 = AXIS2_PLACEMENT_3D('',#2126,#2127,#2128);
#2126 = CARTESIAN_POINT('',(20.75,-46.25,40.51));
#2127 = DIRECTION('',(0.,-0.991695758116,-0.128606078142));
#2128 = DIRECTION('',(0.,0.128606078142,-0.991695758116));
#2129 = DEFINITIONAL_REPRESENTATION('',(#2130),#2133);
#2130 = B_SPLINE_CURVE_WITH_KNOTS('',1,(#2131,#2132),.UNSPECIFIED.,.F.,
  .F.,(2,2),(10.375,38.875),.PIECEWISE_BEZIER_KNOTS.);
#2131 = CARTESIAN_POINT('',(1.008373779777E-02,0.));
#2132 = CARTESIAN_POINT('',(1.008373779777E-02,28.5));
#2133 = ( GEOMETRIC_REPRESENTATION_CONTEXT(2) 
PARAMETRIC_REPRESENTATION_CONTEXT() REPRESENTATION_CONTEXT('2D SPACE',''
  ) );
#2134 = ORIENTED_EDGE('',*,*,#2135,.F.);
#2135 = EDGE_CURVE('',#2136,#2108,#2138,.T.);
#2136 = VERTEX_POINT('',#2137);
#2137 = CARTESIAN_POINT('',(20.751296829971,-19.75129682997,40.5));
#2138 = SURFACE_CURVE('',#2139,(#2143,#2149),.PCURVE_S1.);
#2139 = LINE('',#2140,#2141);
#2140 = CARTESIAN_POINT('',(20.751296829971,-9.875,40.5));
#2141 = VECTOR('',#2142,1.);
#2142 = DIRECTION('',(0.,-1.,0.));
#2143 = PCURVE('',#516,#2144);
#2144 = DEFINITIONAL_REPRESENTATION('',(#2145),#2148);
#2145 = B_SPLINE_CURVE_WITH_KNOTS('',1,(#2146,#2147),.UNSPECIFIED.,.F.,
  .F.,(2,2),(9.875,36.375),.PIECEWISE_BEZIER_KNOTS.);
#2146 = CARTESIAN_POINT('',(20.751296829971,-19.75));
#2147 = CARTESIAN_POINT('',(20.751296829971,-46.25));
#2148 = ( GEOMETRIC_REPRESENTATION_CONTEXT(2) 
PARAMETRIC_REPRESENTATION_CONTEXT() REPRESENTATION_CONTEXT('2D SPACE',''
  ) );
#2149 = PCURVE('',#2150,#2155);
#2150 = PLANE('',#2151);
#2151 = AXIS2_PLACEMENT_3D('',#2152,#2153,#2154);
#2152 = CARTESIAN_POINT('',(20.75,-19.75,40.51));
#2153 = DIRECTION('',(-0.991695758116,-0.,-0.128606078142));
#2154 = DIRECTION('',(0.128606078142,0.,-0.991695758116));
#2155 = DEFINITIONAL_REPRESENTATION('',(#2156),#2159);
#2156 = B_SPLINE_CURVE_WITH_KNOTS('',1,(#2157,#2158),.UNSPECIFIED.,.F.,
  .F.,(2,2),(9.875,36.375),.PIECEWISE_BEZIER_KNOTS.);
#2157 = CARTESIAN_POINT('',(1.008373779777E-02,0.));
#2158 = CARTESIAN_POINT('',(1.008373779777E-02,26.5));
#2159 = ( GEOMETRIC_REPRESENTATION_CONTEXT(2) 
PARAMETRIC_REPRESENTATION_CONTEXT() REPRESENTATION_CONTEXT('2D SPACE',''
  ) );
#2160 = ORIENTED_EDGE('',*,*,#2161,.F.);
#2161 = EDGE_CURVE('',#2162,#2136,#2164,.T.);
#2162 = VERTEX_POINT('',#2163);
#2163 = CARTESIAN_POINT('',(49.248703170029,-19.75129682997,40.5));
#2164 = SURFACE_CURVE('',#2165,(#2169,#2175),.PCURVE_S1.);
#2165 = LINE('',#2166,#2167);
#2166 = CARTESIAN_POINT('',(24.625,-19.75129682997,40.5));
#2167 = VECTOR('',#2168,1.);
#2168 = DIRECTION('',(-1.,0.,0.));
#2169 = PCURVE('',#516,#2170);
#2170 = DEFINITIONAL_REPRESENTATION('',(#2171),#2174);
#2171 = B_SPLINE_CURVE_WITH_KNOTS('',1,(#2172,#2173),.UNSPECIFIED.,.F.,
  .F.,(2,2),(-24.625,3.875),.PIECEWISE_BEZIER_KNOTS.);
#2172 = CARTESIAN_POINT('',(49.25,-19.75129682997));
#2173 = CARTESIAN_POINT('',(20.75,-19.75129682997));
#2174 = ( GEOMETRIC_REPRESENTATION_CONTEXT(2) 
PARAMETRIC_REPRESENTATION_CONTEXT() REPRESENTATION_CONTEXT('2D SPACE',''
  ) );
#2175 = PCURVE('',#2176,#2181);
#2176 = PLANE('',#2177);
#2177 = AXIS2_PLACEMENT_3D('',#2178,#2179,#2180);
#2178 = CARTESIAN_POINT('',(49.25,-19.75,40.51));
#2179 = DIRECTION('',(0.,0.991695758116,-0.128606078142));
#2180 = DIRECTION('',(0.,-0.128606078142,-0.991695758116));
#2181 = DEFINITIONAL_REPRESENTATION('',(#2182),#2185);
#2182 = B_SPLINE_CURVE_WITH_KNOTS('',1,(#2183,#2184),.UNSPECIFIED.,.F.,
  .F.,(2,2),(-24.625,3.875),.PIECEWISE_BEZIER_KNOTS.);
#2183 = CARTESIAN_POINT('',(1.008373779777E-02,0.));
#2184 = CARTESIAN_POINT('',(1.008373779777E-02,28.5));
#2185 = ( GEOMETRIC_REPRESENTATION_CONTEXT(2) 
PARAMETRIC_REPRESENTATION_CONTEXT() REPRESENTATION_CONTEXT('2D SPACE',''
  ) );
#2186 = ORIENTED_EDGE('',*,*,#2187,.F.);
#2187 = EDGE_CURVE('',#2110,#2162,#2188,.T.);
#2188 = SURFACE_CURVE('',#2189,(#2193,#2199),.PCURVE_S1.);
#2189 = LINE('',#2190,#2191);
#2190 = CARTESIAN_POINT('',(49.248703170029,-23.125,40.5));
#2191 = VECTOR('',#2192,1.);
#2192 = DIRECTION('',(-0.,1.,0.));
#2193 = PCURVE('',#516,#2194);
#2194 = DEFINITIONAL_REPRESENTATION('',(#2195),#2198);
#2195 = B_SPLINE_CURVE_WITH_KNOTS('',1,(#2196,#2197),.UNSPECIFIED.,.F.,
  .F.,(2,2),(-23.125,3.375),.PIECEWISE_BEZIER_KNOTS.);
#2196 = CARTESIAN_POINT('',(49.248703170029,-46.25));
#2197 = CARTESIAN_POINT('',(49.248703170029,-19.75));
#2198 = ( GEOMETRIC_REPRESENTATION_CONTEXT(2) 
PARAMETRIC_REPRESENTATION_CONTEXT() REPRESENTATION_CONTEXT('2D SPACE',''
  ) );
#2199 = PCURVE('',#2200,#2205);
#2200 = PLANE('',#2201);
#2201 = AXIS2_PLACEMENT_3D('',#2202,#2203,#2204);
#2202 = CARTESIAN_POINT('',(49.25,-46.25,40.51));
#2203 = DIRECTION('',(0.991695758116,0.,-0.128606078142));
#2204 = DIRECTION('',(-0.128606078142,0.,-0.991695758116));
#2205 = DEFINITIONAL_REPRESENTATION('',(#2206),#2209);
#2206 = B_SPLINE_CURVE_WITH_KNOTS('',1,(#2207,#2208),.UNSPECIFIED.,.F.,
  .F.,(2,2),(-23.125,3.375),.PIECEWISE_BEZIER_KNOTS.);
#2207 = CARTESIAN_POINT('',(1.008373779777E-02,0.));
#2208 = CARTESIAN_POINT('',(1.008373779777E-02,26.5));
#2209 = ( GEOMETRIC_REPRESENTATION_CONTEXT(2) 
PARAMETRIC_REPRESENTATION_CONTEXT() REPRESENTATION_CONTEXT('2D SPACE',''
  ) );
#2210 = FACE_BOUND('',#2211,.T.);
#2211 = EDGE_LOOP('',(#2212,#2240,#2266,#2292));
#2212 = ORIENTED_EDGE('',*,*,#2213,.F.);
#2213 = EDGE_CURVE('',#2214,#2216,#2218,.T.);
#2214 = VERTEX_POINT('',#2215);
#2215 = CARTESIAN_POINT('',(55.751296829971,-46.24870317002,40.5));
#2216 = VERTEX_POINT('',#2217);
#2217 = CARTESIAN_POINT('',(84.248703170029,-46.24870317002,40.5));
#2218 = SURFACE_CURVE('',#2219,(#2223,#2229),.PCURVE_S1.);
#2219 = LINE('',#2220,#2221);
#2220 = CARTESIAN_POINT('',(27.875,-46.24870317002,40.5));
#2221 = VECTOR('',#2222,1.);
#2222 = DIRECTION('',(1.,0.,-0.));
#2223 = PCURVE('',#516,#2224);
#2224 = DEFINITIONAL_REPRESENTATION('',(#2225),#2228);
#2225 = B_SPLINE_CURVE_WITH_KNOTS('',1,(#2226,#2227),.UNSPECIFIED.,.F.,
  .F.,(2,2),(27.875,56.375),.PIECEWISE_BEZIER_KNOTS.);
#2226 = CARTESIAN_POINT('',(55.75,-46.24870317002));
#2227 = CARTESIAN_POINT('',(84.25,-46.24870317002));
#2228 = ( GEOMETRIC_REPRESENTATION_CONTEXT(2) 
PARAMETRIC_REPRESENTATION_CONTEXT() REPRESENTATION_CONTEXT('2D SPACE',''
  ) );
#2229 = PCURVE('',#2230,#2235);
#2230 = PLANE('',#2231);
#2231 = AXIS2_PLACEMENT_3D('',#2232,#2233,#2234);
#2232 = CARTESIAN_POINT('',(55.75,-46.25,40.51));
#2233 = DIRECTION('',(0.,-0.991695758116,-0.128606078142));
#2234 = DIRECTION('',(0.,0.128606078142,-0.991695758116));
#2235 = DEFINITIONAL_REPRESENTATION('',(#2236),#2239);
#2236 = B_SPLINE_CURVE_WITH_KNOTS('',1,(#2237,#2238),.UNSPECIFIED.,.F.,
  .F.,(2,2),(27.875,56.375),.PIECEWISE_BEZIER_KNOTS.);
#2237 = CARTESIAN_POINT('',(1.008373779777E-02,0.));
#2238 = CARTESIAN_POINT('',(1.008373779777E-02,28.5));
#2239 = ( GEOMETRIC_REPRESENTATION_CONTEXT(2) 
PARAMETRIC_REPRESENTATION_CONTEXT() REPRESENTATION_CONTEXT('2D SPACE',''
  ) );
#2240 = ORIENTED_EDGE('',*,*,#2241,.F.);
#2241 = EDGE_CURVE('',#2242,#2214,#2244,.T.);
#2242 = VERTEX_POINT('',#2243);
#2243 = CARTESIAN_POINT('',(55.751296829971,-19.75129682997,40.5));
#2244 = SURFACE_CURVE('',#2245,(#2249,#2255),.PCURVE_S1.);
#2245 = LINE('',#2246,#2247);
#2246 = CARTESIAN_POINT('',(55.751296829971,-9.875,40.5));
#2247 = VECTOR('',#2248,1.);
#2248 = DIRECTION('',(0.,-1.,0.));
#2249 = PCURVE('',#516,#2250);
#2250 = DEFINITIONAL_REPRESENTATION('',(#2251),#2254);
#2251 = B_SPLINE_CURVE_WITH_KNOTS('',1,(#2252,#2253),.UNSPECIFIED.,.F.,
  .F.,(2,2),(9.875,36.375),.PIECEWISE_BEZIER_KNOTS.);
#2252 = CARTESIAN_POINT('',(55.751296829971,-19.75));
#2253 = CARTESIAN_POINT('',(55.751296829971,-46.25));
#2254 = ( GEOMETRIC_REPRESENTATION_CONTEXT(2) 
PARAMETRIC_REPRESENTATION_CONTEXT() REPRESENTATION_CONTEXT('2D SPACE',''
  ) );
#2255 = PCURVE('',#2256,#2261);
#2256 = PLANE('',#2257);
#2257 = AXIS2_PLACEMENT_3D('',#2258,#2259,#2260);
#2258 = CARTESIAN_POINT('',(55.75,-19.75,40.51));
#2259 = DIRECTION('',(-0.991695758116,-0.,-0.128606078142));
#2260 = DIRECTION('',(0.128606078142,0.,-0.991695758116));
#2261 = DEFINITIONAL_REPRESENTATION('',(#2262),#2265);
#2262 = B_SPLINE_CURVE_WITH_KNOTS('',1,(#2263,#2264),.UNSPECIFIED.,.F.,
  .F.,(2,2),(9.875,36.375),.PIECEWISE_BEZIER_KNOTS.);
#2263 = CARTESIAN_POINT('',(1.008373779777E-02,0.));
#2264 = CARTESIAN_POINT('',(1.008373779777E-02,26.5));
#2265 = ( GEOMETRIC_REPRESENTATION_CONTEXT(2) 
PARAMETRIC_REPRESENTATION_CONTEXT() REPRESENTATION_CONTEXT('2D SPACE',''
  ) );
#2266 = ORIENTED_EDGE('',*,*,#2267,.F.);
#2267 = EDGE_CURVE('',#2268,#2242,#2270,.T.);
#2268 = VERTEX_POINT('',#2269);
#2269 = CARTESIAN_POINT('',(84.248703170029,-19.75129682997,40.5));
#2270 = SURFACE_CURVE('',#2271,(#2275,#2281),.PCURVE_S1.);
#2271 = LINE('',#2272,#2273);
#2272 = CARTESIAN_POINT('',(42.125,-19.75129682997,40.5));
#2273 = VECTOR('',#2274,1.);
#2274 = DIRECTION('',(-1.,0.,0.));
#2275 = PCURVE('',#516,#2276);
#2276 = DEFINITIONAL_REPRESENTATION('',(#2277),#2280);
#2277 = B_SPLINE_CURVE_WITH_KNOTS('',1,(#2278,#2279),.UNSPECIFIED.,.F.,
  .F.,(2,2),(-42.125,-13.625),.PIECEWISE_BEZIER_KNOTS.);
#2278 = CARTESIAN_POINT('',(84.25,-19.75129682997));
#2279 = CARTESIAN_POINT('',(55.75,-19.75129682997));
#2280 = ( GEOMETRIC_REPRESENTATION_CONTEXT(2) 
PARAMETRIC_REPRESENTATION_CONTEXT() REPRESENTATION_CONTEXT('2D SPACE',''
  ) );
#2281 = PCURVE('',#2282,#2287);
#2282 = PLANE('',#2283);
#2283 = AXIS2_PLACEMENT_3D('',#2284,#2285,#2286);
#2284 = CARTESIAN_POINT('',(84.25,-19.75,40.51));
#2285 = DIRECTION('',(0.,0.991695758116,-0.128606078142));
#2286 = DIRECTION('',(0.,-0.128606078142,-0.991695758116));
#2287 = DEFINITIONAL_REPRESENTATION('',(#2288),#2291);
#2288 = B_SPLINE_CURVE_WITH_KNOTS('',1,(#2289,#2290),.UNSPECIFIED.,.F.,
  .F.,(2,2),(-42.125,-13.625),.PIECEWISE_BEZIER_KNOTS.);
#2289 = CARTESIAN_POINT('',(1.008373779777E-02,0.));
#2290 = CARTESIAN_POINT('',(1.008373779777E-02,28.5));
#2291 = ( GEOMETRIC_REPRESENTATION_CONTEXT(2) 
PARAMETRIC_REPRESENTATION_CONTEXT() REPRESENTATION_CONTEXT('2D SPACE',''
  ) );
#2292 = ORIENTED_EDGE('',*,*,#2293,.F.);
#2293 = EDGE_CURVE('',#2216,#2268,#2294,.T.);
#2294 = SURFACE_CURVE('',#2295,(#2299,#2305),.PCURVE_S1.);
#2295 = LINE('',#2296,#2297);
#2296 = CARTESIAN_POINT('',(84.248703170029,-23.125,40.5));
#2297 = VECTOR('',#2298,1.);
#2298 = DIRECTION('',(-0.,1.,0.));
#2299 = PCURVE('',#516,#2300);
#2300 = DEFINITIONAL_REPRESENTATION('',(#2301),#2304);
#2301 = B_SPLINE_CURVE_WITH_KNOTS('',1,(#2302,#2303),.UNSPECIFIED.,.F.,
  .F.,(2,2),(-23.125,3.375),.PIECEWISE_BEZIER_KNOTS.);
#2302 = CARTESIAN_POINT('',(84.248703170029,-46.25));
#2303 = CARTESIAN_POINT('',(84.248703170029,-19.75));
#2304 = ( GEOMETRIC_REPRESENTATION_CONTEXT(2) 
PARAMETRIC_REPRESENTATION_CONTEXT() REPRESENTATION_CONTEXT('2D SPACE',''
  ) );
#2305 = PCURVE('',#2306,#2311);
#2306 = PLANE('',#2307);
#2307 = AXIS2_PLACEMENT_3D('',#2308,#2309,#2310);
#2308 = CARTESIAN_POINT('',(84.25,-46.25,40.51));
#2309 = DIRECTION('',(0.991695758116,0.,-0.128606078142));
#2310 = DIRECTION('',(-0.128606078142,0.,-0.991695758116));
#2311 = DEFINITIONAL_REPRESENTATION('',(#2312),#2315);
#2312 = B_SPLINE_CURVE_WITH_KNOTS('',1,(#2313,#2314),.UNSPECIFIED.,.F.,
  .F.,(2,2),(-23.125,3.375),.PIECEWISE_BEZIER_KNOTS.);
#2313 = CARTESIAN_POINT('',(1.008373779777E-02,0.));
#2314 = CARTESIAN_POINT('',(1.008373779777E-02,26.5));
#2315 = ( GEOMETRIC_REPRESENTATION_CONTEXT(2) 
PARAMETRIC_REPRESENTATION_CONTEXT() REPRESENTATION_CONTEXT('2D SPACE',''
  ) );
#2316 = FACE_BOUND('',#2317,.T.);
#2317 = EDGE_LOOP('',(#2318,#2346,#2372,#2398));
#2318 = ORIENTED_EDGE('',*,*,#2319,.F.);
#2319 = EDGE_CURVE('',#2320,#2322,#2324,.T.);
#2320 = VERTEX_POINT('',#2321);
#2321 = CARTESIAN_POINT('',(-84.24870317002,-13.24870317002,40.5));
#2322 = VERTEX_POINT('',#2323);
#2323 = CARTESIAN_POINT('',(-55.75129682997,-13.24870317002,40.5));
#2324 = SURFACE_CURVE('',#2325,(#2329,#2335),.PCURVE_S1.);
#2325 = LINE('',#2326,#2327);
#2326 = CARTESIAN_POINT('',(-42.125,-13.24870317002,40.5));
#2327 = VECTOR('',#2328,1.);
#2328 = DIRECTION('',(1.,0.,-0.));
#2329 = PCURVE('',#516,#2330);
#2330 = DEFINITIONAL_REPRESENTATION('',(#2331),#2334);
#2331 = B_SPLINE_CURVE_WITH_KNOTS('',1,(#2332,#2333),.UNSPECIFIED.,.F.,
  .F.,(2,2),(-42.125,-13.625),.PIECEWISE_BEZIER_KNOTS.);
#2332 = CARTESIAN_POINT('',(-84.25,-13.24870317002));
#2333 = CARTESIAN_POINT('',(-55.75,-13.24870317002));
#2334 = ( GEOMETRIC_REPRESENTATION_CONTEXT(2) 
PARAMETRIC_REPRESENTATION_CONTEXT() REPRESENTATION_CONTEXT('2D SPACE',''
  ) );
#2335 = PCURVE('',#2336,#2341);
#2336 = PLANE('',#2337);
#2337 = AXIS2_PLACEMENT_3D('',#2338,#2339,#2340);
#2338 = CARTESIAN_POINT('',(-84.25,-13.25,40.51));
#2339 = DIRECTION('',(0.,-0.991695758116,-0.128606078142));
#2340 = DIRECTION('',(0.,0.128606078142,-0.991695758116));
#2341 = DEFINITIONAL_REPRESENTATION('',(#2342),#2345);
#2342 = B_SPLINE_CURVE_WITH_KNOTS('',1,(#2343,#2344),.UNSPECIFIED.,.F.,
  .F.,(2,2),(-42.125,-13.625),.PIECEWISE_BEZIER_KNOTS.);
#2343 = CARTESIAN_POINT('',(1.008373779777E-02,0.));
#2344 = CARTESIAN_POINT('',(1.008373779777E-02,28.5));
#2345 = ( GEOMETRIC_REPRESENTATION_CONTEXT(2) 
PARAMETRIC_REPRESENTATION_CONTEXT() REPRESENTATION_CONTEXT('2D SPACE',''
  ) );
#2346 = ORIENTED_EDGE('',*,*,#2347,.F.);
#2347 = EDGE_CURVE('',#2348,#2320,#2350,.T.);
#2348 = VERTEX_POINT('',#2349);
#2349 = CARTESIAN_POINT('',(-84.24870317002,13.248703170029,40.5));
#2350 = SURFACE_CURVE('',#2351,(#2355,#2361),.PCURVE_S1.);
#2351 = LINE('',#2352,#2353);
#2352 = CARTESIAN_POINT('',(-84.24870317002,6.625,40.5));
#2353 = VECTOR('',#2354,1.);
#2354 = DIRECTION('',(0.,-1.,0.));
#2355 = PCURVE('',#516,#2356);
#2356 = DEFINITIONAL_REPRESENTATION('',(#2357),#2360);
#2357 = B_SPLINE_CURVE_WITH_KNOTS('',1,(#2358,#2359),.UNSPECIFIED.,.F.,
  .F.,(2,2),(-6.625,19.875),.PIECEWISE_BEZIER_KNOTS.);
#2358 = CARTESIAN_POINT('',(-84.24870317002,13.25));
#2359 = CARTESIAN_POINT('',(-84.24870317002,-13.25));
#2360 = ( GEOMETRIC_REPRESENTATION_CONTEXT(2) 
PARAMETRIC_REPRESENTATION_CONTEXT() REPRESENTATION_CONTEXT('2D SPACE',''
  ) );
#2361 = PCURVE('',#2362,#2367);
#2362 = PLANE('',#2363);
#2363 = AXIS2_PLACEMENT_3D('',#2364,#2365,#2366);
#2364 = CARTESIAN_POINT('',(-84.25,13.25,40.51));
#2365 = DIRECTION('',(-0.991695758116,-0.,-0.128606078142));
#2366 = DIRECTION('',(0.128606078142,0.,-0.991695758116));
#2367 = DEFINITIONAL_REPRESENTATION('',(#2368),#2371);
#2368 = B_SPLINE_CURVE_WITH_KNOTS('',1,(#2369,#2370),.UNSPECIFIED.,.F.,
  .F.,(2,2),(-6.625,19.875),.PIECEWISE_BEZIER_KNOTS.);
#2369 = CARTESIAN_POINT('',(1.008373779777E-02,0.));
#2370 = CARTESIAN_POINT('',(1.008373779777E-02,26.5));
#2371 = ( GEOMETRIC_REPRESENTATION_CONTEXT(2) 
PARAMETRIC_REPRESENTATION_CONTEXT() REPRESENTATION_CONTEXT('2D SPACE',''
  ) );
#2372 = ORIENTED_EDGE('',*,*,#2373,.F.);
#2373 = EDGE_CURVE('',#2374,#2348,#2376,.T.);
#2374 = VERTEX_POINT('',#2375);
#2375 = CARTESIAN_POINT('',(-55.75129682997,13.248703170029,40.5));
#2376 = SURFACE_CURVE('',#2377,(#2381,#2387),.PCURVE_S1.);
#2377 = LINE('',#2378,#2379);
#2378 = CARTESIAN_POINT('',(-27.875,13.248703170029,40.5));
#2379 = VECTOR('',#2380,1.);
#2380 = DIRECTION('',(-1.,0.,0.));
#2381 = PCURVE('',#516,#2382);
#2382 = DEFINITIONAL_REPRESENTATION('',(#2383),#2386);
#2383 = B_SPLINE_CURVE_WITH_KNOTS('',1,(#2384,#2385),.UNSPECIFIED.,.F.,
  .F.,(2,2),(27.875,56.375),.PIECEWISE_BEZIER_KNOTS.);
#2384 = CARTESIAN_POINT('',(-55.75,13.248703170029));
#2385 = CARTESIAN_POINT('',(-84.25,13.248703170029));
#2386 = ( GEOMETRIC_REPRESENTATION_CONTEXT(2) 
PARAMETRIC_REPRESENTATION_CONTEXT() REPRESENTATION_CONTEXT('2D SPACE',''
  ) );
#2387 = PCURVE('',#2388,#2393);
#2388 = PLANE('',#2389);
#2389 = AXIS2_PLACEMENT_3D('',#2390,#2391,#2392);
#2390 = CARTESIAN_POINT('',(-55.75,13.25,40.51));
#2391 = DIRECTION('',(0.,0.991695758116,-0.128606078142));
#2392 = DIRECTION('',(0.,-0.128606078142,-0.991695758116));
#2393 = DEFINITIONAL_REPRESENTATION('',(#2394),#2397);
#2394 = B_SPLINE_CURVE_WITH_KNOTS('',1,(#2395,#2396),.UNSPECIFIED.,.F.,
  .F.,(2,2),(27.875,56.375),.PIECEWISE_BEZIER_KNOTS.);
#2395 = CARTESIAN_POINT('',(1.008373779777E-02,0.));
#2396 = CARTESIAN_POINT('',(1.008373779777E-02,28.5));
#2397 = ( GEOMETRIC_REPRESENTATION_CONTEXT(2) 
PARAMETRIC_REPRESENTATION_CONTEXT() REPRESENTATION_CONTEXT('2D SPACE',''
  ) );
#2398 = ORIENTED_EDGE('',*,*,#2399,.F.);
#2399 = EDGE_CURVE('',#2322,#2374,#2400,.T.);
#2400 = SURFACE_CURVE('',#2401,(#2405,#2411),.PCURVE_S1.);
#2401 = LINE('',#2402,#2403);
#2402 = CARTESIAN_POINT('',(-55.75129682997,-6.625,40.5));
#2403 = VECTOR('',#2404,1.);
#2404 = DIRECTION('',(-0.,1.,0.));
#2405 = PCURVE('',#516,#2406);
#2406 = DEFINITIONAL_REPRESENTATION('',(#2407),#2410);
#2407 = B_SPLINE_CURVE_WITH_KNOTS('',1,(#2408,#2409),.UNSPECIFIED.,.F.,
  .F.,(2,2),(-6.625,19.875),.PIECEWISE_BEZIER_KNOTS.);
#2408 = CARTESIAN_POINT('',(-55.75129682997,-13.25));
#2409 = CARTESIAN_POINT('',(-55.75129682997,13.25));
#2410 = ( GEOMETRIC_REPRESENTATION_CONTEXT(2) 
PARAMETRIC_REPRESENTATION_CONTEXT() REPRESENTATION_CONTEXT('2D SPACE',''
  ) );
#2411 = PCURVE('',#2412,#2417);
#2412 = PLANE('',#2413);
#2413 = AXIS2_PLACEMENT_3D('',#2414,#2415,#2416);
#2414 = CARTESIAN_POINT('',(-55.75,-13.25,40.51));
#2415 = DIRECTION('',(0.991695758116,0.,-0.128606078142));
#2416 = DIRECTION('',(-0.128606078142,0.,-0.991695758116));
#2417 = DEFINITIONAL_REPRESENTATION('',(#2418),#2421);
#2418 = B_SPLINE_CURVE_WITH_KNOTS('',1,(#2419,#2420),.UNSPECIFIED.,.F.,
  .F.,(2,2),(-6.625,19.875),.PIECEWISE_BEZIER_KNOTS.);
#2419 = CARTESIAN_POINT('',(1.008373779777E-02,0.));
#2420 = CARTESIAN_POINT('',(1.008373779777E-02,26.5));
#2421 = ( GEOMETRIC_REPRESENTATION_CONTEXT(2) 
PARAMETRIC_REPRESENTATION_CONTEXT() REPRESENTATION_CONTEXT('2D SPACE',''
  ) );
#2422 = FACE_BOUND('',#2423,.T.);
#2423 = EDGE_LOOP('',(#2424,#2452,#2478,#2504));
#2424 = ORIENTED_EDGE('',*,*,#2425,.F.);
#2425 = EDGE_CURVE('',#2426,#2428,#2430,.T.);
#2426 = VERTEX_POINT('',#2427);
#2427 = CARTESIAN_POINT('',(-84.24870317002,19.751296829971,40.5));
#2428 = VERTEX_POINT('',#2429);
#2429 = CARTESIAN_POINT('',(-55.75129682997,19.751296829971,40.5));
#2430 = SURFACE_CURVE('',#2431,(#2435,#2441),.PCURVE_S1.);
#2431 = LINE('',#2432,#2433);
#2432 = CARTESIAN_POINT('',(-42.125,19.751296829971,40.5));
#2433 = VECTOR('',#2434,1.);
#2434 = DIRECTION('',(1.,0.,-0.));
#2435 = PCURVE('',#516,#2436);
#2436 = DEFINITIONAL_REPRESENTATION('',(#2437),#2440);
#2437 = B_SPLINE_CURVE_WITH_KNOTS('',1,(#2438,#2439),.UNSPECIFIED.,.F.,
  .F.,(2,2),(-42.125,-13.625),.PIECEWISE_BEZIER_KNOTS.);
#2438 = CARTESIAN_POINT('',(-84.25,19.751296829971));
#2439 = CARTESIAN_POINT('',(-55.75,19.751296829971));
#2440 = ( GEOMETRIC_REPRESENTATION_CONTEXT(2) 
PARAMETRIC_REPRESENTATION_CONTEXT() REPRESENTATION_CONTEXT('2D SPACE',''
  ) );
#2441 = PCURVE('',#2442,#2447);
#2442 = PLANE('',#2443);
#2443 = AXIS2_PLACEMENT_3D('',#2444,#2445,#2446);
#2444 = CARTESIAN_POINT('',(-84.25,19.75,40.51));
#2445 = DIRECTION('',(0.,-0.991695758116,-0.128606078142));
#2446 = DIRECTION('',(0.,0.128606078142,-0.991695758116));
#2447 = DEFINITIONAL_REPRESENTATION('',(#2448),#2451);
#2448 = B_SPLINE_CURVE_WITH_KNOTS('',1,(#2449,#2450),.UNSPECIFIED.,.F.,
  .F.,(2,2),(-42.125,-13.625),.PIECEWISE_BEZIER_KNOTS.);
#2449 = CARTESIAN_POINT('',(1.008373779777E-02,0.));
#2450 = CARTESIAN_POINT('',(1.008373779777E-02,28.5));
#2451 = ( GEOMETRIC_REPRESENTATION_CONTEXT(2) 
PARAMETRIC_REPRESENTATION_CONTEXT() REPRESENTATION_CONTEXT('2D SPACE',''
  ) );
#2452 = ORIENTED_EDGE('',*,*,#2453,.F.);
#2453 = EDGE_CURVE('',#2454,#2426,#2456,.T.);
#2454 = VERTEX_POINT('',#2455);
#2455 = CARTESIAN_POINT('',(-84.24870317002,46.248703170029,40.5));
#2456 = SURFACE_CURVE('',#2457,(#2461,#2467),.PCURVE_S1.);
#2457 = LINE('',#2458,#2459);
#2458 = CARTESIAN_POINT('',(-84.24870317002,23.125,40.5));
#2459 = VECTOR('',#2460,1.);
#2460 = DIRECTION('',(0.,-1.,0.));
#2461 = PCURVE('',#516,#2462);
#2462 = DEFINITIONAL_REPRESENTATION('',(#2463),#2466);
#2463 = B_SPLINE_CURVE_WITH_KNOTS('',1,(#2464,#2465),.UNSPECIFIED.,.F.,
  .F.,(2,2),(-23.125,3.375),.PIECEWISE_BEZIER_KNOTS.);
#2464 = CARTESIAN_POINT('',(-84.24870317002,46.25));
#2465 = CARTESIAN_POINT('',(-84.24870317002,19.75));
#2466 = ( GEOMETRIC_REPRESENTATION_CONTEXT(2) 
PARAMETRIC_REPRESENTATION_CONTEXT() REPRESENTATION_CONTEXT('2D SPACE',''
  ) );
#2467 = PCURVE('',#2468,#2473);
#2468 = PLANE('',#2469);
#2469 = AXIS2_PLACEMENT_3D('',#2470,#2471,#2472);
#2470 = CARTESIAN_POINT('',(-84.25,46.25,40.51));
#2471 = DIRECTION('',(-0.991695758116,-0.,-0.128606078142));
#2472 = DIRECTION('',(0.128606078142,0.,-0.991695758116));
#2473 = DEFINITIONAL_REPRESENTATION('',(#2474),#2477);
#2474 = B_SPLINE_CURVE_WITH_KNOTS('',1,(#2475,#2476),.UNSPECIFIED.,.F.,
  .F.,(2,2),(-23.125,3.375),.PIECEWISE_BEZIER_KNOTS.);
#2475 = CARTESIAN_POINT('',(1.008373779777E-02,0.));
#2476 = CARTESIAN_POINT('',(1.008373779777E-02,26.5));
#2477 = ( GEOMETRIC_REPRESENTATION_CONTEXT(2) 
PARAMETRIC_REPRESENTATION_CONTEXT() REPRESENTATION_CONTEXT('2D SPACE',''
  ) );
#2478 = ORIENTED_EDGE('',*,*,#2479,.F.);
#2479 = EDGE_CURVE('',#2480,#2454,#2482,.T.);
#2480 = VERTEX_POINT('',#2481);
#2481 = CARTESIAN_POINT('',(-55.75129682997,46.248703170029,40.5));
#2482 = SURFACE_CURVE('',#2483,(#2487,#2493),.PCURVE_S1.);
#2483 = LINE('',#2484,#2485);
#2484 = CARTESIAN_POINT('',(-27.875,46.248703170029,40.5));
#2485 = VECTOR('',#2486,1.);
#2486 = DIRECTION('',(-1.,0.,0.));
#2487 = PCURVE('',#516,#2488);
#2488 = DEFINITIONAL_REPRESENTATION('',(#2489),#2492);
#2489 = B_SPLINE_CURVE_WITH_KNOTS('',1,(#2490,#2491),.UNSPECIFIED.,.F.,
  .F.,(2,2),(27.875,56.375),.PIECEWISE_BEZIER_KNOTS.);
#2490 = CARTESIAN_POINT('',(-55.75,46.248703170029));
#2491 = CARTESIAN_POINT('',(-84.25,46.248703170029));
#2492 = ( GEOMETRIC_REPRESENTATION_CONTEXT(2) 
PARAMETRIC_REPRESENTATION_CONTEXT() REPRESENTATION_CONTEXT('2D SPACE',''
  ) );
#2493 = PCURVE('',#2494,#2499);
#2494 = PLANE('',#2495);
#2495 = AXIS2_PLACEMENT_3D('',#2496,#2497,#2498);
#2496 = CARTESIAN_POINT('',(-55.75,46.25,40.51));
#2497 = DIRECTION('',(0.,0.991695758116,-0.128606078142));
#2498 = DIRECTION('',(0.,-0.128606078142,-0.991695758116));
#2499 = DEFINITIONAL_REPRESENTATION('',(#2500),#2503);
#2500 = B_SPLINE_CURVE_WITH_KNOTS('',1,(#2501,#2502),.UNSPECIFIED.,.F.,
  .F.,(2,2),(27.875,56.375),.PIECEWISE_BEZIER_KNOTS.);
#2501 = CARTESIAN_POINT('',(1.008373779777E-02,0.));
#2502 = CARTESIAN_POINT('',(1.008373779777E-02,28.5));
#2503 = ( GEOMETRIC_REPRESENTATION_CONTEXT(2) 
PARAMETRIC_REPRESENTATION_CONTEXT() REPRESENTATION_CONTEXT('2D SPACE',''
  ) );
#2504 = ORIENTED_EDGE('',*,*,#2505,.F.);
#2505 = EDGE_CURVE('',#2428,#2480,#2506,.T.);
#2506 = SURFACE_CURVE('',#2507,(#2511,#2517),.PCURVE_S1.);
#2507 = LINE('',#2508,#2509);
#2508 = CARTESIAN_POINT('',(-55.75129682997,9.875,40.5));
#2509 = VECTOR('',#2510,1.);
#2510 = DIRECTION('',(-0.,1.,0.));
#2511 = PCURVE('',#516,#2512);
#2512 = DEFINITIONAL_REPRESENTATION('',(#2513),#2516);
#2513 = B_SPLINE_CURVE_WITH_KNOTS('',1,(#2514,#2515),.UNSPECIFIED.,.F.,
  .F.,(2,2),(9.875,36.375),.PIECEWISE_BEZIER_KNOTS.);
#2514 = CARTESIAN_POINT('',(-55.75129682997,19.75));
#2515 = CARTESIAN_POINT('',(-55.75129682997,46.25));
#2516 = ( GEOMETRIC_REPRESENTATION_CONTEXT(2) 
PARAMETRIC_REPRESENTATION_CONTEXT() REPRESENTATION_CONTEXT('2D SPACE',''
  ) );
#2517 = PCURVE('',#2518,#2523);
#2518 = PLANE('',#2519);
#2519 = AXIS2_PLACEMENT_3D('',#2520,#2521,#2522);
#2520 = CARTESIAN_POINT('',(-55.75,19.75,40.51));
#2521 = DIRECTION('',(0.991695758116,0.,-0.128606078142));
#2522 = DIRECTION('',(-0.128606078142,0.,-0.991695758116));
#2523 = DEFINITIONAL_REPRESENTATION('',(#2524),#2527);
#2524 = B_SPLINE_CURVE_WITH_KNOTS('',1,(#2525,#2526),.UNSPECIFIED.,.F.,
  .F.,(2,2),(9.875,36.375),.PIECEWISE_BEZIER_KNOTS.);
#2525 = CARTESIAN_POINT('',(1.008373779777E-02,0.));
#2526 = CARTESIAN_POINT('',(1.008373779777E-02,26.5));
#2527 = ( GEOMETRIC_REPRESENTATION_CONTEXT(2) 
PARAMETRIC_REPRESENTATION_CONTEXT() REPRESENTATION_CONTEXT('2D SPACE',''
  ) );
#2528 = FACE_BOUND('',#2529,.T.);
#2529 = EDGE_LOOP('',(#2530,#2558,#2584,#2610));
#2530 = ORIENTED_EDGE('',*,*,#2531,.F.);
#2531 = EDGE_CURVE('',#2532,#2534,#2536,.T.);
#2532 = VERTEX_POINT('',#2533);
#2533 = CARTESIAN_POINT('',(-49.24870317002,-13.24870317002,40.5));
#2534 = VERTEX_POINT('',#2535);
#2535 = CARTESIAN_POINT('',(-20.75129682997,-13.24870317002,40.5));
#2536 = SURFACE_CURVE('',#2537,(#2541,#2547),.PCURVE_S1.);
#2537 = LINE('',#2538,#2539);
#2538 = CARTESIAN_POINT('',(-24.625,-13.24870317002,40.5));
#2539 = VECTOR('',#2540,1.);
#2540 = DIRECTION('',(1.,0.,-0.));
#2541 = PCURVE('',#516,#2542);
#2542 = DEFINITIONAL_REPRESENTATION('',(#2543),#2546);
#2543 = B_SPLINE_CURVE_WITH_KNOTS('',1,(#2544,#2545),.UNSPECIFIED.,.F.,
  .F.,(2,2),(-24.625,3.875),.PIECEWISE_BEZIER_KNOTS.);
#2544 = CARTESIAN_POINT('',(-49.25,-13.24870317002));
#2545 = CARTESIAN_POINT('',(-20.75,-13.24870317002));
#2546 = ( GEOMETRIC_REPRESENTATION_CONTEXT(2) 
PARAMETRIC_REPRESENTATION_CONTEXT() REPRESENTATION_CONTEXT('2D SPACE',''
  ) );
#2547 = PCURVE('',#2548,#2553);
#2548 = PLANE('',#2549);
#2549 = AXIS2_PLACEMENT_3D('',#2550,#2551,#2552);
#2550 = CARTESIAN_POINT('',(-49.25,-13.25,40.51));
#2551 = DIRECTION('',(0.,-0.991695758116,-0.128606078142));
#2552 = DIRECTION('',(0.,0.128606078142,-0.991695758116));
#2553 = DEFINITIONAL_REPRESENTATION('',(#2554),#2557);
#2554 = B_SPLINE_CURVE_WITH_KNOTS('',1,(#2555,#2556),.UNSPECIFIED.,.F.,
  .F.,(2,2),(-24.625,3.875),.PIECEWISE_BEZIER_KNOTS.);
#2555 = CARTESIAN_POINT('',(1.008373779777E-02,0.));
#2556 = CARTESIAN_POINT('',(1.008373779777E-02,28.5));
#2557 = ( GEOMETRIC_REPRESENTATION_CONTEXT(2) 
PARAMETRIC_REPRESENTATION_CONTEXT() REPRESENTATION_CONTEXT('2D SPACE',''
  ) );
#2558 = ORIENTED_EDGE('',*,*,#2559,.F.);
#2559 = EDGE_CURVE('',#2560,#2532,#2562,.T.);
#2560 = VERTEX_POINT('',#2561);
#2561 = CARTESIAN_POINT('',(-49.24870317002,13.248703170029,40.5));
#2562 = SURFACE_CURVE('',#2563,(#2567,#2573),.PCURVE_S1.);
#2563 = LINE('',#2564,#2565);
#2564 = CARTESIAN_POINT('',(-49.24870317002,6.625,40.5));
#2565 = VECTOR('',#2566,1.);
#2566 = DIRECTION('',(0.,-1.,0.));
#2567 = PCURVE('',#516,#2568);
#2568 = DEFINITIONAL_REPRESENTATION('',(#2569),#2572);
#2569 = B_SPLINE_CURVE_WITH_KNOTS('',1,(#2570,#2571),.UNSPECIFIED.,.F.,
  .F.,(2,2),(-6.625,19.875),.PIECEWISE_BEZIER_KNOTS.);
#2570 = CARTESIAN_POINT('',(-49.24870317002,13.25));
#2571 = CARTESIAN_POINT('',(-49.24870317002,-13.25));
#2572 = ( GEOMETRIC_REPRESENTATION_CONTEXT(2) 
PARAMETRIC_REPRESENTATION_CONTEXT() REPRESENTATION_CONTEXT('2D SPACE',''
  ) );
#2573 = PCURVE('',#2574,#2579);
#2574 = PLANE('',#2575);
#2575 = AXIS2_PLACEMENT_3D('',#2576,#2577,#2578);
#2576 = CARTESIAN_POINT('',(-49.25,13.25,40.51));
#2577 = DIRECTION('',(-0.991695758116,-0.,-0.128606078142));
#2578 = DIRECTION('',(0.128606078142,0.,-0.991695758116));
#2579 = DEFINITIONAL_REPRESENTATION('',(#2580),#2583);
#2580 = B_SPLINE_CURVE_WITH_KNOTS('',1,(#2581,#2582),.UNSPECIFIED.,.F.,
  .F.,(2,2),(-6.625,19.875),.PIECEWISE_BEZIER_KNOTS.);
#2581 = CARTESIAN_POINT('',(1.008373779777E-02,0.));
#2582 = CARTESIAN_POINT('',(1.008373779777E-02,26.5));
#2583 = ( GEOMETRIC_REPRESENTATION_CONTEXT(2) 
PARAMETRIC_REPRESENTATION_CONTEXT() REPRESENTATION_CONTEXT('2D SPACE',''
  ) );
#2584 = ORIENTED_EDGE('',*,*,#2585,.F.);
#2585 = EDGE_CURVE('',#2586,#2560,#2588,.T.);
#2586 = VERTEX_POINT('',#2587);
#2587 = CARTESIAN_POINT('',(-20.75129682997,13.248703170029,40.5));
#2588 = SURFACE_CURVE('',#2589,(#2593,#2599),.PCURVE_S1.);
#2589 = LINE('',#2590,#2591);
#2590 = CARTESIAN_POINT('',(-10.375,13.248703170029,40.5));
#2591 = VECTOR('',#2592,1.);
#2592 = DIRECTION('',(-1.,0.,0.));
#2593 = PCURVE('',#516,#2594);
#2594 = DEFINITIONAL_REPRESENTATION('',(#2595),#2598);
#2595 = B_SPLINE_CURVE_WITH_KNOTS('',1,(#2596,#2597),.UNSPECIFIED.,.F.,
  .F.,(2,2),(10.375,38.875),.PIECEWISE_BEZIER_KNOTS.);
#2596 = CARTESIAN_POINT('',(-20.75,13.248703170029));
#2597 = CARTESIAN_POINT('',(-49.25,13.248703170029));
#2598 = ( GEOMETRIC_REPRESENTATION_CONTEXT(2) 
PARAMETRIC_REPRESENTATION_CONTEXT() REPRESENTATION_CONTEXT('2D SPACE',''
  ) );
#2599 = PCURVE('',#2600,#2605);
#2600 = PLANE('',#2601);
#2601 = AXIS2_PLACEMENT_3D('',#2602,#2603,#2604);
#2602 = CARTESIAN_POINT('',(-20.75,13.25,40.51));
#2603 = DIRECTION('',(0.,0.991695758116,-0.128606078142));
#2604 = DIRECTION('',(0.,-0.128606078142,-0.991695758116));
#2605 = DEFINITIONAL_REPRESENTATION('',(#2606),#2609);
#2606 = B_SPLINE_CURVE_WITH_KNOTS('',1,(#2607,#2608),.UNSPECIFIED.,.F.,
  .F.,(2,2),(10.375,38.875),.PIECEWISE_BEZIER_KNOTS.);
#2607 = CARTESIAN_POINT('',(1.008373779777E-02,0.));
#2608 = CARTESIAN_POINT('',(1.008373779777E-02,28.5));
#2609 = ( GEOMETRIC_REPRESENTATION_CONTEXT(2) 
PARAMETRIC_REPRESENTATION_CONTEXT() REPRESENTATION_CONTEXT('2D SPACE',''
  ) );
#2610 = ORIENTED_EDGE('',*,*,#2611,.F.);
#2611 = EDGE_CURVE('',#2534,#2586,#2612,.T.);
#2612 = SURFACE_CURVE('',#2613,(#2617,#2623),.PCURVE_S1.);
#2613 = LINE('',#2614,#2615);
#2614 = CARTESIAN_POINT('',(-20.75129682997,-6.625,40.5));
#2615 = VECTOR('',#2616,1.);
#2616 = DIRECTION('',(-0.,1.,0.));
#2617 = PCURVE('',#516,#2618);
#2618 = DEFINITIONAL_REPRESENTATION('',(#2619),#2622);
#2619 = B_SPLINE_CURVE_WITH_KNOTS('',1,(#2620,#2621),.UNSPECIFIED.,.F.,
  .F.,(2,2),(-6.625,19.875),.PIECEWISE_BEZIER_KNOTS.);
#2620 = CARTESIAN_POINT('',(-20.75129682997,-13.25));
#2621 = CARTESIAN_POINT('',(-20.75129682997,13.25));
#2622 = ( GEOMETRIC_REPRESENTATION_CONTEXT(2) 
PARAMETRIC_REPRESENTATION_CONTEXT() REPRESENTATION_CONTEXT('2D SPACE',''
  ) );
#2623 = PCURVE('',#2624,#2629);
#2624 = PLANE('',#2625);
#2625 = AXIS2_PLACEMENT_3D('',#2626,#2627,#2628);
#2626 = CARTESIAN_POINT('',(-20.75,-13.25,40.51));
#2627 = DIRECTION('',(0.991695758116,0.,-0.128606078142));
#2628 = DIRECTION('',(-0.128606078142,0.,-0.991695758116));
#2629 = DEFINITIONAL_REPRESENTATION('',(#2630),#2633);
#2630 = B_SPLINE_CURVE_WITH_KNOTS('',1,(#2631,#2632),.UNSPECIFIED.,.F.,
  .F.,(2,2),(-6.625,19.875),.PIECEWISE_BEZIER_KNOTS.);
#2631 = CARTESIAN_POINT('',(1.008373779777E-02,0.));
#2632 = CARTESIAN_POINT('',(1.008373779777E-02,26.5));
#2633 = ( GEOMETRIC_REPRESENTATION_CONTEXT(2) 
PARAMETRIC_REPRESENTATION_CONTEXT() REPRESENTATION_CONTEXT('2D SPACE',''
  ) );
#2634 = FACE_BOUND('',#2635,.T.);
#2635 = EDGE_LOOP('',(#2636,#2664,#2690,#2716));
#2636 = ORIENTED_EDGE('',*,*,#2637,.F.);
#2637 = EDGE_CURVE('',#2638,#2640,#2642,.T.);
#2638 = VERTEX_POINT('',#2639);
#2639 = CARTESIAN_POINT('',(-49.24870317002,19.751296829971,40.5));
#2640 = VERTEX_POINT('',#2641);
#2641 = CARTESIAN_POINT('',(-20.75129682997,19.751296829971,40.5));
#2642 = SURFACE_CURVE('',#2643,(#2647,#2653),.PCURVE_S1.);
#2643 = LINE('',#2644,#2645);
#2644 = CARTESIAN_POINT('',(-24.625,19.751296829971,40.5));
#2645 = VECTOR('',#2646,1.);
#2646 = DIRECTION('',(1.,0.,-0.));
#2647 = PCURVE('',#516,#2648);
#2648 = DEFINITIONAL_REPRESENTATION('',(#2649),#2652);
#2649 = B_SPLINE_CURVE_WITH_KNOTS('',1,(#2650,#2651),.UNSPECIFIED.,.F.,
  .F.,(2,2),(-24.625,3.875),.PIECEWISE_BEZIER_KNOTS.);
#2650 = CARTESIAN_POINT('',(-49.25,19.751296829971));
#2651 = CARTESIAN_POINT('',(-20.75,19.751296829971));
#2652 = ( GEOMETRIC_REPRESENTATION_CONTEXT(2) 
PARAMETRIC_REPRESENTATION_CONTEXT() REPRESENTATION_CONTEXT('2D SPACE',''
  ) );
#2653 = PCURVE('',#2654,#2659);
#2654 = PLANE('',#2655);
#2655 = AXIS2_PLACEMENT_3D('',#2656,#2657,#2658);
#2656 = CARTESIAN_POINT('',(-49.25,19.75,40.51));
#2657 = DIRECTION('',(0.,-0.991695758116,-0.128606078142));
#2658 = DIRECTION('',(0.,0.128606078142,-0.991695758116));
#2659 = DEFINITIONAL_REPRESENTATION('',(#2660),#2663);
#2660 = B_SPLINE_CURVE_WITH_KNOTS('',1,(#2661,#2662),.UNSPECIFIED.,.F.,
  .F.,(2,2),(-24.625,3.875),.PIECEWISE_BEZIER_KNOTS.);
#2661 = CARTESIAN_POINT('',(1.008373779777E-02,0.));
#2662 = CARTESIAN_POINT('',(1.008373779777E-02,28.5));
#2663 = ( GEOMETRIC_REPRESENTATION_CONTEXT(2) 
PARAMETRIC_REPRESENTATION_CONTEXT() REPRESENTATION_CONTEXT('2D SPACE',''
  ) );
#2664 = ORIENTED_EDGE('',*,*,#2665,.F.);
#2665 = EDGE_CURVE('',#2666,#2638,#2668,.T.);
#2666 = VERTEX_POINT('',#2667);
#2667 = CARTESIAN_POINT('',(-49.24870317002,46.248703170029,40.5));
#2668 = SURFACE_CURVE('',#2669,(#2673,#2679),.PCURVE_S1.);
#2669 = LINE('',#2670,#2671);
#2670 = CARTESIAN_POINT('',(-49.24870317002,23.125,40.5));
#2671 = VECTOR('',#2672,1.);
#2672 = DIRECTION('',(0.,-1.,0.));
#2673 = PCURVE('',#516,#2674);
#2674 = DEFINITIONAL_REPRESENTATION('',(#2675),#2678);
#2675 = B_SPLINE_CURVE_WITH_KNOTS('',1,(#2676,#2677),.UNSPECIFIED.,.F.,
  .F.,(2,2),(-23.125,3.375),.PIECEWISE_BEZIER_KNOTS.);
#2676 = CARTESIAN_POINT('',(-49.24870317002,46.25));
#2677 = CARTESIAN_POINT('',(-49.24870317002,19.75));
#2678 = ( GEOMETRIC_REPRESENTATION_CONTEXT(2) 
PARAMETRIC_REPRESENTATION_CONTEXT() REPRESENTATION_CONTEXT('2D SPACE',''
  ) );
#2679 = PCURVE('',#2680,#2685);
#2680 = PLANE('',#2681);
#2681 = AXIS2_PLACEMENT_3D('',#2682,#2683,#2684);
#2682 = CARTESIAN_POINT('',(-49.25,46.25,40.51));
#2683 = DIRECTION('',(-0.991695758116,-0.,-0.128606078142));
#2684 = DIRECTION('',(0.128606078142,0.,-0.991695758116));
#2685 = DEFINITIONAL_REPRESENTATION('',(#2686),#2689);
#2686 = B_SPLINE_CURVE_WITH_KNOTS('',1,(#2687,#2688),.UNSPECIFIED.,.F.,
  .F.,(2,2),(-23.125,3.375),.PIECEWISE_BEZIER_KNOTS.);
#2687 = CARTESIAN_POINT('',(1.008373779777E-02,0.));
#2688 = CARTESIAN_POINT('',(1.008373779777E-02,26.5));
#2689 = ( GEOMETRIC_REPRESENTATION_CONTEXT(2) 
PARAMETRIC_REPRESENTATION_CONTEXT() REPRESENTATION_CONTEXT('2D SPACE',''
  ) );
#2690 = ORIENTED_EDGE('',*,*,#2691,.F.);
#2691 = EDGE_CURVE('',#2692,#2666,#2694,.T.);
#2692 = VERTEX_POINT('',#2693);
#2693 = CARTESIAN_POINT('',(-20.75129682997,46.248703170029,40.5));
#2694 = SURFACE_CURVE('',#2695,(#2699,#2705),.PCURVE_S1.);
#2695 = LINE('',#2696,#2697);
#2696 = CARTESIAN_POINT('',(-10.375,46.248703170029,40.5));
#2697 = VECTOR('',#2698,1.);
#2698 = DIRECTION('',(-1.,0.,0.));
#2699 = PCURVE('',#516,#2700);
#2700 = DEFINITIONAL_REPRESENTATION('',(#2701),#2704);
#2701 = B_SPLINE_CURVE_WITH_KNOTS('',1,(#2702,#2703),.UNSPECIFIED.,.F.,
  .F.,(2,2),(10.375,38.875),.PIECEWISE_BEZIER_KNOTS.);
#2702 = CARTESIAN_POINT('',(-20.75,46.248703170029));
#2703 = CARTESIAN_POINT('',(-49.25,46.248703170029));
#2704 = ( GEOMETRIC_REPRESENTATION_CONTEXT(2) 
PARAMETRIC_REPRESENTATION_CONTEXT() REPRESENTATION_CONTEXT('2D SPACE',''
  ) );
#2705 = PCURVE('',#2706,#2711);
#2706 = PLANE('',#2707);
#2707 = AXIS2_PLACEMENT_3D('',#2708,#2709,#2710);
#2708 = CARTESIAN_POINT('',(-20.75,46.25,40.51));
#2709 = DIRECTION('',(0.,0.991695758116,-0.128606078142));
#2710 = DIRECTION('',(0.,-0.128606078142,-0.991695758116));
#2711 = DEFINITIONAL_REPRESENTATION('',(#2712),#2715);
#2712 = B_SPLINE_CURVE_WITH_KNOTS('',1,(#2713,#2714),.UNSPECIFIED.,.F.,
  .F.,(2,2),(10.375,38.875),.PIECEWISE_BEZIER_KNOTS.);
#2713 = CARTESIAN_POINT('',(1.008373779777E-02,0.));
#2714 = CARTESIAN_POINT('',(1.008373779777E-02,28.5));
#2715 = ( GEOMETRIC_REPRESENTATION_CONTEXT(2) 
PARAMETRIC_REPRESENTATION_CONTEXT() REPRESENTATION_CONTEXT('2D SPACE',''
  ) );
#2716 = ORIENTED_EDGE('',*,*,#2717,.F.);
#2717 = EDGE_CURVE('',#2640,#2692,#2718,.T.);
#2718 = SURFACE_CURVE('',#2719,(#2723,#2729),.PCURVE_S1.);
#2719 = LINE('',#2720,#2721);
#2720 = CARTESIAN_POINT('',(-20.75129682997,9.875,40.5));
#2721 = VECTOR('',#2722,1.);
#2722 = DIRECTION('',(-0.,1.,0.));
#2723 = PCURVE('',#516,#2724);
#2724 = DEFINITIONAL_REPRESENTATION('',(#2725),#2728);
#2725 = B_SPLINE_CURVE_WITH_KNOTS('',1,(#2726,#2727),.UNSPECIFIED.,.F.,
  .F.,(2,2),(9.875,36.375),.PIECEWISE_BEZIER_KNOTS.);
#2726 = CARTESIAN_POINT('',(-20.75129682997,19.75));
#2727 = CARTESIAN_POINT('',(-20.75129682997,46.25));
#2728 = ( GEOMETRIC_REPRESENTATION_CONTEXT(2) 
PARAMETRIC_REPRESENTATION_CONTEXT() REPRESENTATION_CONTEXT('2D SPACE',''
  ) );
#2729 = PCURVE('',#2730,#2735);
#2730 = PLANE('',#2731);
#2731 = AXIS2_PLACEMENT_3D('',#2732,#2733,#2734);
#2732 = CARTESIAN_POINT('',(-20.75,19.75,40.51));
#2733 = DIRECTION('',(0.991695758116,0.,-0.128606078142));
#2734 = DIRECTION('',(-0.128606078142,0.,-0.991695758116));
#2735 = DEFINITIONAL_REPRESENTATION('',(#2736),#2739);
#2736 = B_SPLINE_CURVE_WITH_KNOTS('',1,(#2737,#2738),.UNSPECIFIED.,.F.,
  .F.,(2,2),(9.875,36.375),.PIECEWISE_BEZIER_KNOTS.);
#2737 = CARTESIAN_POINT('',(1.008373779777E-02,0.));
#2738 = CARTESIAN_POINT('',(1.008373779777E-02,26.5));
#2739 = ( GEOMETRIC_REPRESENTATION_CONTEXT(2) 
PARAMETRIC_REPRESENTATION_CONTEXT() REPRESENTATION_CONTEXT('2D SPACE',''
  ) );
#2740 = FACE_BOUND('',#2741,.T.);
#2741 = EDGE_LOOP('',(#2742,#2770,#2796,#2822));
#2742 = ORIENTED_EDGE('',*,*,#2743,.F.);
#2743 = EDGE_CURVE('',#2744,#2746,#2748,.T.);
#2744 = VERTEX_POINT('',#2745);
#2745 = CARTESIAN_POINT('',(-84.24870317002,52.751296829971,40.5));
#2746 = VERTEX_POINT('',#2747);
#2747 = CARTESIAN_POINT('',(-55.75129682997,52.751296829971,40.5));
#2748 = SURFACE_CURVE('',#2749,(#2753,#2759),.PCURVE_S1.);
#2749 = LINE('',#2750,#2751);
#2750 = CARTESIAN_POINT('',(-42.125,52.751296829971,40.5));
#2751 = VECTOR('',#2752,1.);
#2752 = DIRECTION('',(1.,0.,-0.));
#2753 = PCURVE('',#516,#2754);
#2754 = DEFINITIONAL_REPRESENTATION('',(#2755),#2758);
#2755 = B_SPLINE_CURVE_WITH_KNOTS('',1,(#2756,#2757),.UNSPECIFIED.,.F.,
  .F.,(2,2),(-42.125,-13.625),.PIECEWISE_BEZIER_KNOTS.);
#2756 = CARTESIAN_POINT('',(-84.25,52.751296829971));
#2757 = CARTESIAN_POINT('',(-55.75,52.751296829971));
#2758 = ( GEOMETRIC_REPRESENTATION_CONTEXT(2) 
PARAMETRIC_REPRESENTATION_CONTEXT() REPRESENTATION_CONTEXT('2D SPACE',''
  ) );
#2759 = PCURVE('',#2760,#2765);
#2760 = PLANE('',#2761);
#2761 = AXIS2_PLACEMENT_3D('',#2762,#2763,#2764);
#2762 = CARTESIAN_POINT('',(-84.25,52.75,40.51));
#2763 = DIRECTION('',(0.,-0.991695758116,-0.128606078142));
#2764 = DIRECTION('',(0.,0.128606078142,-0.991695758116));
#2765 = DEFINITIONAL_REPRESENTATION('',(#2766),#2769);
#2766 = B_SPLINE_CURVE_WITH_KNOTS('',1,(#2767,#2768),.UNSPECIFIED.,.F.,
  .F.,(2,2),(-42.125,-13.625),.PIECEWISE_BEZIER_KNOTS.);
#2767 = CARTESIAN_POINT('',(1.008373779777E-02,0.));
#2768 = CARTESIAN_POINT('',(1.008373779777E-02,28.5));
#2769 = ( GEOMETRIC_REPRESENTATION_CONTEXT(2) 
PARAMETRIC_REPRESENTATION_CONTEXT() REPRESENTATION_CONTEXT('2D SPACE',''
  ) );
#2770 = ORIENTED_EDGE('',*,*,#2771,.F.);
#2771 = EDGE_CURVE('',#2772,#2744,#2774,.T.);
#2772 = VERTEX_POINT('',#2773);
#2773 = CARTESIAN_POINT('',(-84.24870317002,79.248703170029,40.5));
#2774 = SURFACE_CURVE('',#2775,(#2779,#2785),.PCURVE_S1.);
#2775 = LINE('',#2776,#2777);
#2776 = CARTESIAN_POINT('',(-84.24870317002,39.625,40.5));
#2777 = VECTOR('',#2778,1.);
#2778 = DIRECTION('',(0.,-1.,0.));
#2779 = PCURVE('',#516,#2780);
#2780 = DEFINITIONAL_REPRESENTATION('',(#2781),#2784);
#2781 = B_SPLINE_CURVE_WITH_KNOTS('',1,(#2782,#2783),.UNSPECIFIED.,.F.,
  .F.,(2,2),(-39.625,-13.125),.PIECEWISE_BEZIER_KNOTS.);
#2782 = CARTESIAN_POINT('',(-84.24870317002,79.25));
#2783 = CARTESIAN_POINT('',(-84.24870317002,52.75));
#2784 = ( GEOMETRIC_REPRESENTATION_CONTEXT(2) 
PARAMETRIC_REPRESENTATION_CONTEXT() REPRESENTATION_CONTEXT('2D SPACE',''
  ) );
#2785 = PCURVE('',#2786,#2791);
#2786 = PLANE('',#2787);
#2787 = AXIS2_PLACEMENT_3D('',#2788,#2789,#2790);
#2788 = CARTESIAN_POINT('',(-84.25,79.25,40.51));
#2789 = DIRECTION('',(-0.991695758116,-0.,-0.128606078142));
#2790 = DIRECTION('',(0.128606078142,0.,-0.991695758116));
#2791 = DEFINITIONAL_REPRESENTATION('',(#2792),#2795);
#2792 = B_SPLINE_CURVE_WITH_KNOTS('',1,(#2793,#2794),.UNSPECIFIED.,.F.,
  .F.,(2,2),(-39.625,-13.125),.PIECEWISE_BEZIER_KNOTS.);
#2793 = CARTESIAN_POINT('',(1.008373779777E-02,0.));
#2794 = CARTESIAN_POINT('',(1.008373779777E-02,26.5));
#2795 = ( GEOMETRIC_REPRESENTATION_CONTEXT(2) 
PARAMETRIC_REPRESENTATION_CONTEXT() REPRESENTATION_CONTEXT('2D SPACE',''
  ) );
#2796 = ORIENTED_EDGE('',*,*,#2797,.F.);
#2797 = EDGE_CURVE('',#2798,#2772,#2800,.T.);
#2798 = VERTEX_POINT('',#2799);
#2799 = CARTESIAN_POINT('',(-55.75129682997,79.248703170029,40.5));
#2800 = SURFACE_CURVE('',#2801,(#2805,#2811),.PCURVE_S1.);
#2801 = LINE('',#2802,#2803);
#2802 = CARTESIAN_POINT('',(-27.875,79.248703170029,40.5));
#2803 = VECTOR('',#2804,1.);
#2804 = DIRECTION('',(-1.,0.,0.));
#2805 = PCURVE('',#516,#2806);
#2806 = DEFINITIONAL_REPRESENTATION('',(#2807),#2810);
#2807 = B_SPLINE_CURVE_WITH_KNOTS('',1,(#2808,#2809),.UNSPECIFIED.,.F.,
  .F.,(2,2),(27.875,56.375),.PIECEWISE_BEZIER_KNOTS.);
#2808 = CARTESIAN_POINT('',(-55.75,79.248703170029));
#2809 = CARTESIAN_POINT('',(-84.25,79.248703170029));
#2810 = ( GEOMETRIC_REPRESENTATION_CONTEXT(2) 
PARAMETRIC_REPRESENTATION_CONTEXT() REPRESENTATION_CONTEXT('2D SPACE',''
  ) );
#2811 = PCURVE('',#2812,#2817);
#2812 = PLANE('',#2813);
#2813 = AXIS2_PLACEMENT_3D('',#2814,#2815,#2816);
#2814 = CARTESIAN_POINT('',(-55.75,79.25,40.51));
#2815 = DIRECTION('',(0.,0.991695758116,-0.128606078142));
#2816 = DIRECTION('',(0.,-0.128606078142,-0.991695758116));
#2817 = DEFINITIONAL_REPRESENTATION('',(#2818),#2821);
#2818 = B_SPLINE_CURVE_WITH_KNOTS('',1,(#2819,#2820),.UNSPECIFIED.,.F.,
  .F.,(2,2),(27.875,56.375),.PIECEWISE_BEZIER_KNOTS.);
#2819 = CARTESIAN_POINT('',(1.008373779777E-02,0.));
#2820 = CARTESIAN_POINT('',(1.008373779777E-02,28.5));
#2821 = ( GEOMETRIC_REPRESENTATION_CONTEXT(2) 
PARAMETRIC_REPRESENTATION_CONTEXT() REPRESENTATION_CONTEXT('2D SPACE',''
  ) );
#2822 = ORIENTED_EDGE('',*,*,#2823,.F.);
#2823 = EDGE_CURVE('',#2746,#2798,#2824,.T.);
#2824 = SURFACE_CURVE('',#2825,(#2829,#2835),.PCURVE_S1.);
#2825 = LINE('',#2826,#2827);
#2826 = CARTESIAN_POINT('',(-55.75129682997,26.375,40.5));
#2827 = VECTOR('',#2828,1.);
#2828 = DIRECTION('',(-0.,1.,0.));
#2829 = PCURVE('',#516,#2830);
#2830 = DEFINITIONAL_REPRESENTATION('',(#2831),#2834);
#2831 = B_SPLINE_CURVE_WITH_KNOTS('',1,(#2832,#2833),.UNSPECIFIED.,.F.,
  .F.,(2,2),(26.375,52.875),.PIECEWISE_BEZIER_KNOTS.);
#2832 = CARTESIAN_POINT('',(-55.75129682997,52.75));
#2833 = CARTESIAN_POINT('',(-55.75129682997,79.25));
#2834 = ( GEOMETRIC_REPRESENTATION_CONTEXT(2) 
PARAMETRIC_REPRESENTATION_CONTEXT() REPRESENTATION_CONTEXT('2D SPACE',''
  ) );
#2835 = PCURVE('',#2836,#2841);
#2836 = PLANE('',#2837);
#2837 = AXIS2_PLACEMENT_3D('',#2838,#2839,#2840);
#2838 = CARTESIAN_POINT('',(-55.75,52.75,40.51));
#2839 = DIRECTION('',(0.991695758116,0.,-0.128606078142));
#2840 = DIRECTION('',(-0.128606078142,0.,-0.991695758116));
#2841 = DEFINITIONAL_REPRESENTATION('',(#2842),#2845);
#2842 = B_SPLINE_CURVE_WITH_KNOTS('',1,(#2843,#2844),.UNSPECIFIED.,.F.,
  .F.,(2,2),(26.375,52.875),.PIECEWISE_BEZIER_KNOTS.);
#2843 = CARTESIAN_POINT('',(1.008373779777E-02,0.));
#2844 = CARTESIAN_POINT('',(1.008373779777E-02,26.5));
#2845 = ( GEOMETRIC_REPRESENTATION_CONTEXT(2) 
PARAMETRIC_REPRESENTATION_CONTEXT() REPRESENTATION_CONTEXT('2D SPACE',''
  ) );
#2846 = FACE_BOUND('',#2847,.T.);
#2847 = EDGE_LOOP('',(#2848,#2876,#2902,#2928));
#2848 = ORIENTED_EDGE('',*,*,#2849,.F.);
#2849 = EDGE_CURVE('',#2850,#2852,#2854,.T.);
#2850 = VERTEX_POINT('',#2851);
#2851 = CARTESIAN_POINT('',(-49.24870317002,52.751296829971,40.5));
#2852 = VERTEX_POINT('',#2853);
#2853 = CARTESIAN_POINT('',(-20.75129682997,52.751296829971,40.5));
#2854 = SURFACE_CURVE('',#2855,(#2859,#2865),.PCURVE_S1.);
#2855 = LINE('',#2856,#2857);
#2856 = CARTESIAN_POINT('',(-24.625,52.751296829971,40.5));
#2857 = VECTOR('',#2858,1.);
#2858 = DIRECTION('',(1.,0.,-0.));
#2859 = PCURVE('',#516,#2860);
#2860 = DEFINITIONAL_REPRESENTATION('',(#2861),#2864);
#2861 = B_SPLINE_CURVE_WITH_KNOTS('',1,(#2862,#2863),.UNSPECIFIED.,.F.,
  .F.,(2,2),(-24.625,3.875),.PIECEWISE_BEZIER_KNOTS.);
#2862 = CARTESIAN_POINT('',(-49.25,52.751296829971));
#2863 = CARTESIAN_POINT('',(-20.75,52.751296829971));
#2864 = ( GEOMETRIC_REPRESENTATION_CONTEXT(2) 
PARAMETRIC_REPRESENTATION_CONTEXT() REPRESENTATION_CONTEXT('2D SPACE',''
  ) );
#2865 = PCURVE('',#2866,#2871);
#2866 = PLANE('',#2867);
#2867 = AXIS2_PLACEMENT_3D('',#2868,#2869,#2870);
#2868 = CARTESIAN_POINT('',(-49.25,52.75,40.51));
#2869 = DIRECTION('',(0.,-0.991695758116,-0.128606078142));
#2870 = DIRECTION('',(0.,0.128606078142,-0.991695758116));
#2871 = DEFINITIONAL_REPRESENTATION('',(#2872),#2875);
#2872 = B_SPLINE_CURVE_WITH_KNOTS('',1,(#2873,#2874),.UNSPECIFIED.,.F.,
  .F.,(2,2),(-24.625,3.875),.PIECEWISE_BEZIER_KNOTS.);
#2873 = CARTESIAN_POINT('',(1.008373779777E-02,0.));
#2874 = CARTESIAN_POINT('',(1.008373779777E-02,28.5));
#2875 = ( GEOMETRIC_REPRESENTATION_CONTEXT(2) 
PARAMETRIC_REPRESENTATION_CONTEXT() REPRESENTATION_CONTEXT('2D SPACE',''
  ) );
#2876 = ORIENTED_EDGE('',*,*,#2877,.F.);
#2877 = EDGE_CURVE('',#2878,#2850,#2880,.T.);
#2878 = VERTEX_POINT('',#2879);
#2879 = CARTESIAN_POINT('',(-49.24870317002,79.248703170029,40.5));
#2880 = SURFACE_CURVE('',#2881,(#2885,#2891),.PCURVE_S1.);
#2881 = LINE('',#2882,#2883);
#2882 = CARTESIAN_POINT('',(-49.24870317002,39.625,40.5));
#2883 = VECTOR('',#2884,1.);
#2884 = DIRECTION('',(0.,-1.,0.));
#2885 = PCURVE('',#516,#2886);
#2886 = DEFINITIONAL_REPRESENTATION('',(#2887),#2890);
#2887 = B_SPLINE_CURVE_WITH_KNOTS('',1,(#2888,#2889),.UNSPECIFIED.,.F.,
  .F.,(2,2),(-39.625,-13.125),.PIECEWISE_BEZIER_KNOTS.);
#2888 = CARTESIAN_POINT('',(-49.24870317002,79.25));
#2889 = CARTESIAN_POINT('',(-49.24870317002,52.75));
#2890 = ( GEOMETRIC_REPRESENTATION_CONTEXT(2) 
PARAMETRIC_REPRESENTATION_CONTEXT() REPRESENTATION_CONTEXT('2D SPACE',''
  ) );
#2891 = PCURVE('',#2892,#2897);
#2892 = PLANE('',#2893);
#2893 = AXIS2_PLACEMENT_3D('',#2894,#2895,#2896);
#2894 = CARTESIAN_POINT('',(-49.25,79.25,40.51));
#2895 = DIRECTION('',(-0.991695758116,-0.,-0.128606078142));
#2896 = DIRECTION('',(0.128606078142,0.,-0.991695758116));
#2897 = DEFINITIONAL_REPRESENTATION('',(#2898),#2901);
#2898 = B_SPLINE_CURVE_WITH_KNOTS('',1,(#2899,#2900),.UNSPECIFIED.,.F.,
  .F.,(2,2),(-39.625,-13.125),.PIECEWISE_BEZIER_KNOTS.);
#2899 = CARTESIAN_POINT('',(1.008373779777E-02,0.));
#2900 = CARTESIAN_POINT('',(1.008373779777E-02,26.5));
#2901 = ( GEOMETRIC_REPRESENTATION_CONTEXT(2) 
PARAMETRIC_REPRESENTATION_CONTEXT() REPRESENTATION_CONTEXT('2D SPACE',''
  ) );
#2902 = ORIENTED_EDGE('',*,*,#2903,.F.);
#2903 = EDGE_CURVE('',#2904,#2878,#2906,.T.);
#2904 = VERTEX_POINT('',#2905);
#2905 = CARTESIAN_POINT('',(-20.75129682997,79.248703170029,40.5));
#2906 = SURFACE_CURVE('',#2907,(#2911,#2917),.PCURVE_S1.);
#2907 = LINE('',#2908,#2909);
#2908 = CARTESIAN_POINT('',(-10.375,79.248703170029,40.5));
#2909 = VECTOR('',#2910,1.);
#2910 = DIRECTION('',(-1.,0.,0.));
#2911 = PCURVE('',#516,#2912);
#2912 = DEFINITIONAL_REPRESENTATION('',(#2913),#2916);
#2913 = B_SPLINE_CURVE_WITH_KNOTS('',1,(#2914,#2915),.UNSPECIFIED.,.F.,
  .F.,(2,2),(10.375,38.875),.PIECEWISE_BEZIER_KNOTS.);
#2914 = CARTESIAN_POINT('',(-20.75,79.248703170029));
#2915 = CARTESIAN_POINT('',(-49.25,79.248703170029));
#2916 = ( GEOMETRIC_REPRESENTATION_CONTEXT(2) 
PARAMETRIC_REPRESENTATION_CONTEXT() REPRESENTATION_CONTEXT('2D SPACE',''
  ) );
#2917 = PCURVE('',#2918,#2923);
#2918 = PLANE('',#2919);
#2919 = AXIS2_PLACEMENT_3D('',#2920,#2921,#2922);
#2920 = CARTESIAN_POINT('',(-20.75,79.25,40.51));
#2921 = DIRECTION('',(0.,0.991695758116,-0.128606078142));
#2922 = DIRECTION('',(0.,-0.128606078142,-0.991695758116));
#2923 = DEFINITIONAL_REPRESENTATION('',(#2924),#2927);
#2924 = B_SPLINE_CURVE_WITH_KNOTS('',1,(#2925,#2926),.UNSPECIFIED.,.F.,
  .F.,(2,2),(10.375,38.875),.PIECEWISE_BEZIER_KNOTS.);
#2925 = CARTESIAN_POINT('',(1.008373779777E-02,0.));
#2926 = CARTESIAN_POINT('',(1.008373779777E-02,28.5));
#2927 = ( GEOMETRIC_REPRESENTATION_CONTEXT(2) 
PARAMETRIC_REPRESENTATION_CONTEXT() REPRESENTATION_CONTEXT('2D SPACE',''
  ) );
#2928 = ORIENTED_EDGE('',*,*,#2929,.F.);
#2929 = EDGE_CURVE('',#2852,#2904,#2930,.T.);
#2930 = SURFACE_CURVE('',#2931,(#2935,#2941),.PCURVE_S1.);
#2931 = LINE('',#2932,#2933);
#2932 = CARTESIAN_POINT('',(-20.75129682997,26.375,40.5));
#2933 = VECTOR('',#2934,1.);
#2934 = DIRECTION('',(-0.,1.,0.));
#2935 = PCURVE('',#516,#2936);
#2936 = DEFINITIONAL_REPRESENTATION('',(#2937),#2940);
#2937 = B_SPLINE_CURVE_WITH_KNOTS('',1,(#2938,#2939),.UNSPECIFIED.,.F.,
  .F.,(2,2),(26.375,52.875),.PIECEWISE_BEZIER_KNOTS.);
#2938 = CARTESIAN_POINT('',(-20.75129682997,52.75));
#2939 = CARTESIAN_POINT('',(-20.75129682997,79.25));
#2940 = ( GEOMETRIC_REPRESENTATION_CONTEXT(2) 
PARAMETRIC_REPRESENTATION_CONTEXT() REPRESENTATION_CONTEXT('2D SPACE',''
  ) );
#2941 = PCURVE('',#2942,#2947);
#2942 = PLANE('',#2943);
#2943 = AXIS2_PLACEMENT_3D('',#2944,#2945,#2946);
#2944 = CARTESIAN_POINT('',(-20.75,52.75,40.51));
#2945 = DIRECTION('',(0.991695758116,0.,-0.128606078142));
#2946 = DIRECTION('',(-0.128606078142,0.,-0.991695758116));
#2947 = DEFINITIONAL_REPRESENTATION('',(#2948),#2951);
#2948 = B_SPLINE_CURVE_WITH_KNOTS('',1,(#2949,#2950),.UNSPECIFIED.,.F.,
  .F.,(2,2),(26.375,52.875),.PIECEWISE_BEZIER_KNOTS.);
#2949 = CARTESIAN_POINT('',(1.008373779777E-02,0.));
#2950 = CARTESIAN_POINT('',(1.008373779777E-02,26.5));
#2951 = ( GEOMETRIC_REPRESENTATION_CONTEXT(2) 
PARAMETRIC_REPRESENTATION_CONTEXT() REPRESENTATION_CONTEXT('2D SPACE',''
  ) );
#2952 = FACE_BOUND('',#2953,.T.);
#2953 = EDGE_LOOP('',(#2954,#2982,#3008,#3034));
#2954 = ORIENTED_EDGE('',*,*,#2955,.F.);
#2955 = EDGE_CURVE('',#2956,#2958,#2960,.T.);
#2956 = VERTEX_POINT('',#2957);
#2957 = CARTESIAN_POINT('',(-14.24870317002,-13.24870317002,40.5));
#2958 = VERTEX_POINT('',#2959);
#2959 = CARTESIAN_POINT('',(14.248703170029,-13.24870317002,40.5));
#2960 = SURFACE_CURVE('',#2961,(#2965,#2971),.PCURVE_S1.);
#2961 = LINE('',#2962,#2963);
#2962 = CARTESIAN_POINT('',(-7.125,-13.24870317002,40.5));
#2963 = VECTOR('',#2964,1.);
#2964 = DIRECTION('',(1.,0.,-0.));
#2965 = PCURVE('',#516,#2966);
#2966 = DEFINITIONAL_REPRESENTATION('',(#2967),#2970);
#2967 = B_SPLINE_CURVE_WITH_KNOTS('',1,(#2968,#2969),.UNSPECIFIED.,.F.,
  .F.,(2,2),(-7.125,21.375),.PIECEWISE_BEZIER_KNOTS.);
#2968 = CARTESIAN_POINT('',(-14.25,-13.24870317002));
#2969 = CARTESIAN_POINT('',(14.25,-13.24870317002));
#2970 = ( GEOMETRIC_REPRESENTATION_CONTEXT(2) 
PARAMETRIC_REPRESENTATION_CONTEXT() REPRESENTATION_CONTEXT('2D SPACE',''
  ) );
#2971 = PCURVE('',#2972,#2977);
#2972 = PLANE('',#2973);
#2973 = AXIS2_PLACEMENT_3D('',#2974,#2975,#2976);
#2974 = CARTESIAN_POINT('',(-14.25,-13.25,40.51));
#2975 = DIRECTION('',(0.,-0.991695758116,-0.128606078142));
#2976 = DIRECTION('',(0.,0.128606078142,-0.991695758116));
#2977 = DEFINITIONAL_REPRESENTATION('',(#2978),#2981);
#2978 = B_SPLINE_CURVE_WITH_KNOTS('',1,(#2979,#2980),.UNSPECIFIED.,.F.,
  .F.,(2,2),(-7.125,21.375),.PIECEWISE_BEZIER_KNOTS.);
#2979 = CARTESIAN_POINT('',(1.008373779777E-02,0.));
#2980 = CARTESIAN_POINT('',(1.008373779777E-02,28.5));
#2981 = ( GEOMETRIC_REPRESENTATION_CONTEXT(2) 
PARAMETRIC_REPRESENTATION_CONTEXT() REPRESENTATION_CONTEXT('2D SPACE',''
  ) );
#2982 = ORIENTED_EDGE('',*,*,#2983,.F.);
#2983 = EDGE_CURVE('',#2984,#2956,#2986,.T.);
#2984 = VERTEX_POINT('',#2985);
#2985 = CARTESIAN_POINT('',(-14.24870317002,13.248703170029,40.5));
#2986 = SURFACE_CURVE('',#2987,(#2991,#2997),.PCURVE_S1.);
#2987 = LINE('',#2988,#2989);
#2988 = CARTESIAN_POINT('',(-14.24870317002,6.625,40.5));
#2989 = VECTOR('',#2990,1.);
#2990 = DIRECTION('',(0.,-1.,0.));
#2991 = PCURVE('',#516,#2992);
#2992 = DEFINITIONAL_REPRESENTATION('',(#2993),#2996);
#2993 = B_SPLINE_CURVE_WITH_KNOTS('',1,(#2994,#2995),.UNSPECIFIED.,.F.,
  .F.,(2,2),(-6.625,19.875),.PIECEWISE_BEZIER_KNOTS.);
#2994 = CARTESIAN_POINT('',(-14.24870317002,13.25));
#2995 = CARTESIAN_POINT('',(-14.24870317002,-13.25));
#2996 = ( GEOMETRIC_REPRESENTATION_CONTEXT(2) 
PARAMETRIC_REPRESENTATION_CONTEXT() REPRESENTATION_CONTEXT('2D SPACE',''
  ) );
#2997 = PCURVE('',#2998,#3003);
#2998 = PLANE('',#2999);
#2999 = AXIS2_PLACEMENT_3D('',#3000,#3001,#3002);
#3000 = CARTESIAN_POINT('',(-14.25,13.25,40.51));
#3001 = DIRECTION('',(-0.991695758116,-0.,-0.128606078142));
#3002 = DIRECTION('',(0.128606078142,0.,-0.991695758116));
#3003 = DEFINITIONAL_REPRESENTATION('',(#3004),#3007);
#3004 = B_SPLINE_CURVE_WITH_KNOTS('',1,(#3005,#3006),.UNSPECIFIED.,.F.,
  .F.,(2,2),(-6.625,19.875),.PIECEWISE_BEZIER_KNOTS.);
#3005 = CARTESIAN_POINT('',(1.008373779777E-02,0.));
#3006 = CARTESIAN_POINT('',(1.008373779777E-02,26.5));
#3007 = ( GEOMETRIC_REPRESENTATION_CONTEXT(2) 
PARAMETRIC_REPRESENTATION_CONTEXT() REPRESENTATION_CONTEXT('2D SPACE',''
  ) );
#3008 = ORIENTED_EDGE('',*,*,#3009,.F.);
#3009 = EDGE_CURVE('',#3010,#2984,#3012,.T.);
#3010 = VERTEX_POINT('',#3011);
#3011 = CARTESIAN_POINT('',(14.248703170029,13.248703170029,40.5));
#3012 = SURFACE_CURVE('',#3013,(#3017,#3023),.PCURVE_S1.);
#3013 = LINE('',#3014,#3015);
#3014 = CARTESIAN_POINT('',(7.125,13.248703170029,40.5));
#3015 = VECTOR('',#3016,1.);
#3016 = DIRECTION('',(-1.,0.,0.));
#3017 = PCURVE('',#516,#3018);
#3018 = DEFINITIONAL_REPRESENTATION('',(#3019),#3022);
#3019 = B_SPLINE_CURVE_WITH_KNOTS('',1,(#3020,#3021),.UNSPECIFIED.,.F.,
  .F.,(2,2),(-7.125,21.375),.PIECEWISE_BEZIER_KNOTS.);
#3020 = CARTESIAN_POINT('',(14.25,13.248703170029));
#3021 = CARTESIAN_POINT('',(-14.25,13.248703170029));
#3022 = ( GEOMETRIC_REPRESENTATION_CONTEXT(2) 
PARAMETRIC_REPRESENTATION_CONTEXT() REPRESENTATION_CONTEXT('2D SPACE',''
  ) );
#3023 = PCURVE('',#3024,#3029);
#3024 = PLANE('',#3025);
#3025 = AXIS2_PLACEMENT_3D('',#3026,#3027,#3028);
#3026 = CARTESIAN_POINT('',(14.25,13.25,40.51));
#3027 = DIRECTION('',(0.,0.991695758116,-0.128606078142));
#3028 = DIRECTION('',(0.,-0.128606078142,-0.991695758116));
#3029 = DEFINITIONAL_REPRESENTATION('',(#3030),#3033);
#3030 = B_SPLINE_CURVE_WITH_KNOTS('',1,(#3031,#3032),.UNSPECIFIED.,.F.,
  .F.,(2,2),(-7.125,21.375),.PIECEWISE_BEZIER_KNOTS.);
#3031 = CARTESIAN_POINT('',(1.008373779777E-02,0.));
#3032 = CARTESIAN_POINT('',(1.008373779777E-02,28.5));
#3033 = ( GEOMETRIC_REPRESENTATION_CONTEXT(2) 
PARAMETRIC_REPRESENTATION_CONTEXT() REPRESENTATION_CONTEXT('2D SPACE',''
  ) );
#3034 = ORIENTED_EDGE('',*,*,#3035,.F.);
#3035 = EDGE_CURVE('',#2958,#3010,#3036,.T.);
#3036 = SURFACE_CURVE('',#3037,(#3041,#3047),.PCURVE_S1.);
#3037 = LINE('',#3038,#3039);
#3038 = CARTESIAN_POINT('',(14.248703170029,-6.625,40.5));
#3039 = VECTOR('',#3040,1.);
#3040 = DIRECTION('',(-0.,1.,0.));
#3041 = PCURVE('',#516,#3042);
#3042 = DEFINITIONAL_REPRESENTATION('',(#3043),#3046);
#3043 = B_SPLINE_CURVE_WITH_KNOTS('',1,(#3044,#3045),.UNSPECIFIED.,.F.,
  .F.,(2,2),(-6.625,19.875),.PIECEWISE_BEZIER_KNOTS.);
#3044 = CARTESIAN_POINT('',(14.248703170029,-13.25));
#3045 = CARTESIAN_POINT('',(14.248703170029,13.25));
#3046 = ( GEOMETRIC_REPRESENTATION_CONTEXT(2) 
PARAMETRIC_REPRESENTATION_CONTEXT() REPRESENTATION_CONTEXT('2D SPACE',''
  ) );
#3047 = PCURVE('',#3048,#3053);
#3048 = PLANE('',#3049);
#3049 = AXIS2_PLACEMENT_3D('',#3050,#3051,#3052);
#3050 = CARTESIAN_POINT('',(14.25,-13.25,40.51));
#3051 = DIRECTION('',(0.991695758116,0.,-0.128606078142));
#3052 = DIRECTION('',(-0.128606078142,0.,-0.991695758116));
#3053 = DEFINITIONAL_REPRESENTATION('',(#3054),#3057);
#3054 = B_SPLINE_CURVE_WITH_KNOTS('',1,(#3055,#3056),.UNSPECIFIED.,.F.,
  .F.,(2,2),(-6.625,19.875),.PIECEWISE_BEZIER_KNOTS.);
#3055 = CARTESIAN_POINT('',(1.008373779777E-02,0.));
#3056 = CARTESIAN_POINT('',(1.008373779777E-02,26.5));
#3057 = ( GEOMETRIC_REPRESENTATION_CONTEXT(2) 
PARAMETRIC_REPRESENTATION_CONTEXT() REPRESENTATION_CONTEXT('2D SPACE',''
  ) );
#3058 = FACE_BOUND('',#3059,.T.);
#3059 = EDGE_LOOP('',(#3060,#3088,#3114,#3140));
#3060 = ORIENTED_EDGE('',*,*,#3061,.F.);
#3061 = EDGE_CURVE('',#3062,#3064,#3066,.T.);
#3062 = VERTEX_POINT('',#3063);
#3063 = CARTESIAN_POINT('',(20.751296829971,-13.24870317002,40.5));
#3064 = VERTEX_POINT('',#3065);
#3065 = CARTESIAN_POINT('',(49.248703170029,-13.24870317002,40.5));
#3066 = SURFACE_CURVE('',#3067,(#3071,#3077),.PCURVE_S1.);
#3067 = LINE('',#3068,#3069);
#3068 = CARTESIAN_POINT('',(10.375,-13.24870317002,40.5));
#3069 = VECTOR('',#3070,1.);
#3070 = DIRECTION('',(1.,0.,-0.));
#3071 = PCURVE('',#516,#3072);
#3072 = DEFINITIONAL_REPRESENTATION('',(#3073),#3076);
#3073 = B_SPLINE_CURVE_WITH_KNOTS('',1,(#3074,#3075),.UNSPECIFIED.,.F.,
  .F.,(2,2),(10.375,38.875),.PIECEWISE_BEZIER_KNOTS.);
#3074 = CARTESIAN_POINT('',(20.75,-13.24870317002));
#3075 = CARTESIAN_POINT('',(49.25,-13.24870317002));
#3076 = ( GEOMETRIC_REPRESENTATION_CONTEXT(2) 
PARAMETRIC_REPRESENTATION_CONTEXT() REPRESENTATION_CONTEXT('2D SPACE',''
  ) );
#3077 = PCURVE('',#3078,#3083);
#3078 = PLANE('',#3079);
#3079 = AXIS2_PLACEMENT_3D('',#3080,#3081,#3082);
#3080 = CARTESIAN_POINT('',(20.75,-13.25,40.51));
#3081 = DIRECTION('',(0.,-0.991695758116,-0.128606078142));
#3082 = DIRECTION('',(0.,0.128606078142,-0.991695758116));
#3083 = DEFINITIONAL_REPRESENTATION('',(#3084),#3087);
#3084 = B_SPLINE_CURVE_WITH_KNOTS('',1,(#3085,#3086),.UNSPECIFIED.,.F.,
  .F.,(2,2),(10.375,38.875),.PIECEWISE_BEZIER_KNOTS.);
#3085 = CARTESIAN_POINT('',(1.008373779777E-02,0.));
#3086 = CARTESIAN_POINT('',(1.008373779777E-02,28.5));
#3087 = ( GEOMETRIC_REPRESENTATION_CONTEXT(2) 
PARAMETRIC_REPRESENTATION_CONTEXT() REPRESENTATION_CONTEXT('2D SPACE',''
  ) );
#3088 = ORIENTED_EDGE('',*,*,#3089,.F.);
#3089 = EDGE_CURVE('',#3090,#3062,#3092,.T.);
#3090 = VERTEX_POINT('',#3091);
#3091 = CARTESIAN_POINT('',(20.751296829971,13.248703170029,40.5));
#3092 = SURFACE_CURVE('',#3093,(#3097,#3103),.PCURVE_S1.);
#3093 = LINE('',#3094,#3095);
#3094 = CARTESIAN_POINT('',(20.751296829971,6.625,40.5));
#3095 = VECTOR('',#3096,1.);
#3096 = DIRECTION('',(0.,-1.,0.));
#3097 = PCURVE('',#516,#3098);
#3098 = DEFINITIONAL_REPRESENTATION('',(#3099),#3102);
#3099 = B_SPLINE_CURVE_WITH_KNOTS('',1,(#3100,#3101),.UNSPECIFIED.,.F.,
  .F.,(2,2),(-6.625,19.875),.PIECEWISE_BEZIER_KNOTS.);
#3100 = CARTESIAN_POINT('',(20.751296829971,13.25));
#3101 = CARTESIAN_POINT('',(20.751296829971,-13.25));
#3102 = ( GEOMETRIC_REPRESENTATION_CONTEXT(2) 
PARAMETRIC_REPRESENTATION_CONTEXT() REPRESENTATION_CONTEXT('2D SPACE',''
  ) );
#3103 = PCURVE('',#3104,#3109);
#3104 = PLANE('',#3105);
#3105 = AXIS2_PLACEMENT_3D('',#3106,#3107,#3108);
#3106 = CARTESIAN_POINT('',(20.75,13.25,40.51));
#3107 = DIRECTION('',(-0.991695758116,-0.,-0.128606078142));
#3108 = DIRECTION('',(0.128606078142,0.,-0.991695758116));
#3109 = DEFINITIONAL_REPRESENTATION('',(#3110),#3113);
#3110 = B_SPLINE_CURVE_WITH_KNOTS('',1,(#3111,#3112),.UNSPECIFIED.,.F.,
  .F.,(2,2),(-6.625,19.875),.PIECEWISE_BEZIER_KNOTS.);
#3111 = CARTESIAN_POINT('',(1.008373779777E-02,0.));
#3112 = CARTESIAN_POINT('',(1.008373779777E-02,26.5));
#3113 = ( GEOMETRIC_REPRESENTATION_CONTEXT(2) 
PARAMETRIC_REPRESENTATION_CONTEXT() REPRESENTATION_CONTEXT('2D SPACE',''
  ) );
#3114 = ORIENTED_EDGE('',*,*,#3115,.F.);
#3115 = EDGE_CURVE('',#3116,#3090,#3118,.T.);
#3116 = VERTEX_POINT('',#3117);
#3117 = CARTESIAN_POINT('',(49.248703170029,13.248703170029,40.5));
#3118 = SURFACE_CURVE('',#3119,(#3123,#3129),.PCURVE_S1.);
#3119 = LINE('',#3120,#3121);
#3120 = CARTESIAN_POINT('',(24.625,13.248703170029,40.5));
#3121 = VECTOR('',#3122,1.);
#3122 = DIRECTION('',(-1.,0.,0.));
#3123 = PCURVE('',#516,#3124);
#3124 = DEFINITIONAL_REPRESENTATION('',(#3125),#3128);
#3125 = B_SPLINE_CURVE_WITH_KNOTS('',1,(#3126,#3127),.UNSPECIFIED.,.F.,
  .F.,(2,2),(-24.625,3.875),.PIECEWISE_BEZIER_KNOTS.);
#3126 = CARTESIAN_POINT('',(49.25,13.248703170029));
#3127 = CARTESIAN_POINT('',(20.75,13.248703170029));
#3128 = ( GEOMETRIC_REPRESENTATION_CONTEXT(2) 
PARAMETRIC_REPRESENTATION_CONTEXT() REPRESENTATION_CONTEXT('2D SPACE',''
  ) );
#3129 = PCURVE('',#3130,#3135);
#3130 = PLANE('',#3131);
#3131 = AXIS2_PLACEMENT_3D('',#3132,#3133,#3134);
#3132 = CARTESIAN_POINT('',(49.25,13.25,40.51));
#3133 = DIRECTION('',(0.,0.991695758116,-0.128606078142));
#3134 = DIRECTION('',(0.,-0.128606078142,-0.991695758116));
#3135 = DEFINITIONAL_REPRESENTATION('',(#3136),#3139);
#3136 = B_SPLINE_CURVE_WITH_KNOTS('',1,(#3137,#3138),.UNSPECIFIED.,.F.,
  .F.,(2,2),(-24.625,3.875),.PIECEWISE_BEZIER_KNOTS.);
#3137 = CARTESIAN_POINT('',(1.008373779777E-02,0.));
#3138 = CARTESIAN_POINT('',(1.008373779777E-02,28.5));
#3139 = ( GEOMETRIC_REPRESENTATION_CONTEXT(2) 
PARAMETRIC_REPRESENTATION_CONTEXT() REPRESENTATION_CONTEXT('2D SPACE',''
  ) );
#3140 = ORIENTED_EDGE('',*,*,#3141,.F.);
#3141 = EDGE_CURVE('',#3064,#3116,#3142,.T.);
#3142 = SURFACE_CURVE('',#3143,(#3147,#3153),.PCURVE_S1.);
#3143 = LINE('',#3144,#3145);
#3144 = CARTESIAN_POINT('',(49.248703170029,-6.625,40.5));
#3145 = VECTOR('',#3146,1.);
#3146 = DIRECTION('',(-0.,1.,0.));
#3147 = PCURVE('',#516,#3148);
#3148 = DEFINITIONAL_REPRESENTATION('',(#3149),#3152);
#3149 = B_SPLINE_CURVE_WITH_KNOTS('',1,(#3150,#3151),.UNSPECIFIED.,.F.,
  .F.,(2,2),(-6.625,19.875),.PIECEWISE_BEZIER_KNOTS.);
#3150 = CARTESIAN_POINT('',(49.248703170029,-13.25));
#3151 = CARTESIAN_POINT('',(49.248703170029,13.25));
#3152 = ( GEOMETRIC_REPRESENTATION_CONTEXT(2) 
PARAMETRIC_REPRESENTATION_CONTEXT() REPRESENTATION_CONTEXT('2D SPACE',''
  ) );
#3153 = PCURVE('',#3154,#3159);
#3154 = PLANE('',#3155);
#3155 = AXIS2_PLACEMENT_3D('',#3156,#3157,#3158);
#3156 = CARTESIAN_POINT('',(49.25,-13.25,40.51));
#3157 = DIRECTION('',(0.991695758116,0.,-0.128606078142));
#3158 = DIRECTION('',(-0.128606078142,0.,-0.991695758116));
#3159 = DEFINITIONAL_REPRESENTATION('',(#3160),#3163);
#3160 = B_SPLINE_CURVE_WITH_KNOTS('',1,(#3161,#3162),.UNSPECIFIED.,.F.,
  .F.,(2,2),(-6.625,19.875),.PIECEWISE_BEZIER_KNOTS.);
#3161 = CARTESIAN_POINT('',(1.008373779777E-02,0.));
#3162 = CARTESIAN_POINT('',(1.008373779777E-02,26.5));
#3163 = ( GEOMETRIC_REPRESENTATION_CONTEXT(2) 
PARAMETRIC_REPRESENTATION_CONTEXT() REPRESENTATION_CONTEXT('2D SPACE',''
  ) );
#3164 = FACE_BOUND('',#3165,.T.);
#3165 = EDGE_LOOP('',(#3166,#3194,#3220,#3246));
#3166 = ORIENTED_EDGE('',*,*,#3167,.F.);
#3167 = EDGE_CURVE('',#3168,#3170,#3172,.T.);
#3168 = VERTEX_POINT('',#3169);
#3169 = CARTESIAN_POINT('',(-14.24870317002,19.751296829971,40.5));
#3170 = VERTEX_POINT('',#3171);
#3171 = CARTESIAN_POINT('',(14.248703170029,19.751296829971,40.5));
#3172 = SURFACE_CURVE('',#3173,(#3177,#3183),.PCURVE_S1.);
#3173 = LINE('',#3174,#3175);
#3174 = CARTESIAN_POINT('',(-7.125,19.751296829971,40.5));
#3175 = VECTOR('',#3176,1.);
#3176 = DIRECTION('',(1.,0.,-0.));
#3177 = PCURVE('',#516,#3178);
#3178 = DEFINITIONAL_REPRESENTATION('',(#3179),#3182);
#3179 = B_SPLINE_CURVE_WITH_KNOTS('',1,(#3180,#3181),.UNSPECIFIED.,.F.,
  .F.,(2,2),(-7.125,21.375),.PIECEWISE_BEZIER_KNOTS.);
#3180 = CARTESIAN_POINT('',(-14.25,19.751296829971));
#3181 = CARTESIAN_POINT('',(14.25,19.751296829971));
#3182 = ( GEOMETRIC_REPRESENTATION_CONTEXT(2) 
PARAMETRIC_REPRESENTATION_CONTEXT() REPRESENTATION_CONTEXT('2D SPACE',''
  ) );
#3183 = PCURVE('',#3184,#3189);
#3184 = PLANE('',#3185);
#3185 = AXIS2_PLACEMENT_3D('',#3186,#3187,#3188);
#3186 = CARTESIAN_POINT('',(-14.25,19.75,40.51));
#3187 = DIRECTION('',(0.,-0.991695758116,-0.128606078142));
#3188 = DIRECTION('',(0.,0.128606078142,-0.991695758116));
#3189 = DEFINITIONAL_REPRESENTATION('',(#3190),#3193);
#3190 = B_SPLINE_CURVE_WITH_KNOTS('',1,(#3191,#3192),.UNSPECIFIED.,.F.,
  .F.,(2,2),(-7.125,21.375),.PIECEWISE_BEZIER_KNOTS.);
#3191 = CARTESIAN_POINT('',(1.008373779777E-02,0.));
#3192 = CARTESIAN_POINT('',(1.008373779777E-02,28.5));
#3193 = ( GEOMETRIC_REPRESENTATION_CONTEXT(2) 
PARAMETRIC_REPRESENTATION_CONTEXT() REPRESENTATION_CONTEXT('2D SPACE',''
  ) );
#3194 = ORIENTED_EDGE('',*,*,#3195,.F.);
#3195 = EDGE_CURVE('',#3196,#3168,#3198,.T.);
#3196 = VERTEX_POINT('',#3197);
#3197 = CARTESIAN_POINT('',(-14.24870317002,46.248703170029,40.5));
#3198 = SURFACE_CURVE('',#3199,(#3203,#3209),.PCURVE_S1.);
#3199 = LINE('',#3200,#3201);
#3200 = CARTESIAN_POINT('',(-14.24870317002,23.125,40.5));
#3201 = VECTOR('',#3202,1.);
#3202 = DIRECTION('',(0.,-1.,0.));
#3203 = PCURVE('',#516,#3204);
#3204 = DEFINITIONAL_REPRESENTATION('',(#3205),#3208);
#3205 = B_SPLINE_CURVE_WITH_KNOTS('',1,(#3206,#3207),.UNSPECIFIED.,.F.,
  .F.,(2,2),(-23.125,3.375),.PIECEWISE_BEZIER_KNOTS.);
#3206 = CARTESIAN_POINT('',(-14.24870317002,46.25));
#3207 = CARTESIAN_POINT('',(-14.24870317002,19.75));
#3208 = ( GEOMETRIC_REPRESENTATION_CONTEXT(2) 
PARAMETRIC_REPRESENTATION_CONTEXT() REPRESENTATION_CONTEXT('2D SPACE',''
  ) );
#3209 = PCURVE('',#3210,#3215);
#3210 = PLANE('',#3211);
#3211 = AXIS2_PLACEMENT_3D('',#3212,#3213,#3214);
#3212 = CARTESIAN_POINT('',(-14.25,46.25,40.51));
#3213 = DIRECTION('',(-0.991695758116,-0.,-0.128606078142));
#3214 = DIRECTION('',(0.128606078142,0.,-0.991695758116));
#3215 = DEFINITIONAL_REPRESENTATION('',(#3216),#3219);
#3216 = B_SPLINE_CURVE_WITH_KNOTS('',1,(#3217,#3218),.UNSPECIFIED.,.F.,
  .F.,(2,2),(-23.125,3.375),.PIECEWISE_BEZIER_KNOTS.);
#3217 = CARTESIAN_POINT('',(1.008373779777E-02,0.));
#3218 = CARTESIAN_POINT('',(1.008373779777E-02,26.5));
#3219 = ( GEOMETRIC_REPRESENTATION_CONTEXT(2) 
PARAMETRIC_REPRESENTATION_CONTEXT() REPRESENTATION_CONTEXT('2D SPACE',''
  ) );
#3220 = ORIENTED_EDGE('',*,*,#3221,.F.);
#3221 = EDGE_CURVE('',#3222,#3196,#3224,.T.);
#3222 = VERTEX_POINT('',#3223);
#3223 = CARTESIAN_POINT('',(14.248703170029,46.248703170029,40.5));
#3224 = SURFACE_CURVE('',#3225,(#3229,#3235),.PCURVE_S1.);
#3225 = LINE('',#3226,#3227);
#3226 = CARTESIAN_POINT('',(7.125,46.248703170029,40.5));
#3227 = VECTOR('',#3228,1.);
#3228 = DIRECTION('',(-1.,0.,0.));
#3229 = PCURVE('',#516,#3230);
#3230 = DEFINITIONAL_REPRESENTATION('',(#3231),#3234);
#3231 = B_SPLINE_CURVE_WITH_KNOTS('',1,(#3232,#3233),.UNSPECIFIED.,.F.,
  .F.,(2,2),(-7.125,21.375),.PIECEWISE_BEZIER_KNOTS.);
#3232 = CARTESIAN_POINT('',(14.25,46.248703170029));
#3233 = CARTESIAN_POINT('',(-14.25,46.248703170029));
#3234 = ( GEOMETRIC_REPRESENTATION_CONTEXT(2) 
PARAMETRIC_REPRESENTATION_CONTEXT() REPRESENTATION_CONTEXT('2D SPACE',''
  ) );
#3235 = PCURVE('',#3236,#3241);
#3236 = PLANE('',#3237);
#3237 = AXIS2_PLACEMENT_3D('',#3238,#3239,#3240);
#3238 = CARTESIAN_POINT('',(14.25,46.25,40.51));
#3239 = DIRECTION('',(0.,0.991695758116,-0.128606078142));
#3240 = DIRECTION('',(0.,-0.128606078142,-0.991695758116));
#3241 = DEFINITIONAL_REPRESENTATION('',(#3242),#3245);
#3242 = B_SPLINE_CURVE_WITH_KNOTS('',1,(#3243,#3244),.UNSPECIFIED.,.F.,
  .F.,(2,2),(-7.125,21.375),.PIECEWISE_BEZIER_KNOTS.);
#3243 = CARTESIAN_POINT('',(1.008373779777E-02,0.));
#3244 = CARTESIAN_POINT('',(1.008373779777E-02,28.5));
#3245 = ( GEOMETRIC_REPRESENTATION_CONTEXT(2) 
PARAMETRIC_REPRESENTATION_CONTEXT() REPRESENTATION_CONTEXT('2D SPACE',''
  ) );
#3246 = ORIENTED_EDGE('',*,*,#3247,.F.);
#3247 = EDGE_CURVE('',#3170,#3222,#3248,.T.);
#3248 = SURFACE_CURVE('',#3249,(#3253,#3259),.PCURVE_S1.);
#3249 = LINE('',#3250,#3251);
#3250 = CARTESIAN_POINT('',(14.248703170029,9.875,40.5));
#3251 = VECTOR('',#3252,1.);
#3252 = DIRECTION('',(-0.,1.,0.));
#3253 = PCURVE('',#516,#3254);
#3254 = DEFINITIONAL_REPRESENTATION('',(#3255),#3258);
#3255 = B_SPLINE_CURVE_WITH_KNOTS('',1,(#3256,#3257),.UNSPECIFIED.,.F.,
  .F.,(2,2),(9.875,36.375),.PIECEWISE_BEZIER_KNOTS.);
#3256 = CARTESIAN_POINT('',(14.248703170029,19.75));
#3257 = CARTESIAN_POINT('',(14.248703170029,46.25));
#3258 = ( GEOMETRIC_REPRESENTATION_CONTEXT(2) 
PARAMETRIC_REPRESENTATION_CONTEXT() REPRESENTATION_CONTEXT('2D SPACE',''
  ) );
#3259 = PCURVE('',#3260,#3265);
#3260 = PLANE('',#3261);
#3261 = AXIS2_PLACEMENT_3D('',#3262,#3263,#3264);
#3262 = CARTESIAN_POINT('',(14.25,19.75,40.51));
#3263 = DIRECTION('',(0.991695758116,0.,-0.128606078142));
#3264 = DIRECTION('',(-0.128606078142,0.,-0.991695758116));
#3265 = DEFINITIONAL_REPRESENTATION('',(#3266),#3269);
#3266 = B_SPLINE_CURVE_WITH_KNOTS('',1,(#3267,#3268),.UNSPECIFIED.,.F.,
  .F.,(2,2),(9.875,36.375),.PIECEWISE_BEZIER_KNOTS.);
#3267 = CARTESIAN_POINT('',(1.008373779777E-02,0.));
#3268 = CARTESIAN_POINT('',(1.008373779777E-02,26.5));
#3269 = ( GEOMETRIC_REPRESENTATION_CONTEXT(2) 
PARAMETRIC_REPRESENTATION_CONTEXT() REPRESENTATION_CONTEXT('2D SPACE',''
  ) );
#3270 = FACE_BOUND('',#3271,.T.);
#3271 = EDGE_LOOP('',(#3272,#3300,#3326,#3352));
#3272 = ORIENTED_EDGE('',*,*,#3273,.F.);
#3273 = EDGE_CURVE('',#3274,#3276,#3278,.T.);
#3274 = VERTEX_POINT('',#3275);
#3275 = CARTESIAN_POINT('',(20.751296829971,19.751296829971,40.5));
#3276 = VERTEX_POINT('',#3277);
#3277 = CARTESIAN_POINT('',(49.248703170029,19.751296829971,40.5));
#3278 = SURFACE_CURVE('',#3279,(#3283,#3289),.PCURVE_S1.);
#3279 = LINE('',#3280,#3281);
#3280 = CARTESIAN_POINT('',(10.375,19.751296829971,40.5));
#3281 = VECTOR('',#3282,1.);
#3282 = DIRECTION('',(1.,0.,-0.));
#3283 = PCURVE('',#516,#3284);
#3284 = DEFINITIONAL_REPRESENTATION('',(#3285),#3288);
#3285 = B_SPLINE_CURVE_WITH_KNOTS('',1,(#3286,#3287),.UNSPECIFIED.,.F.,
  .F.,(2,2),(10.375,38.875),.PIECEWISE_BEZIER_KNOTS.);
#3286 = CARTESIAN_POINT('',(20.75,19.751296829971));
#3287 = CARTESIAN_POINT('',(49.25,19.751296829971));
#3288 = ( GEOMETRIC_REPRESENTATION_CONTEXT(2) 
PARAMETRIC_REPRESENTATION_CONTEXT() REPRESENTATION_CONTEXT('2D SPACE',''
  ) );
#3289 = PCURVE('',#3290,#3295);
#3290 = PLANE('',#3291);
#3291 = AXIS2_PLACEMENT_3D('',#3292,#3293,#3294);
#3292 = CARTESIAN_POINT('',(20.75,19.75,40.51));
#3293 = DIRECTION('',(0.,-0.991695758116,-0.128606078142));
#3294 = DIRECTION('',(0.,0.128606078142,-0.991695758116));
#3295 = DEFINITIONAL_REPRESENTATION('',(#3296),#3299);
#3296 = B_SPLINE_CURVE_WITH_KNOTS('',1,(#3297,#3298),.UNSPECIFIED.,.F.,
  .F.,(2,2),(10.375,38.875),.PIECEWISE_BEZIER_KNOTS.);
#3297 = CARTESIAN_POINT('',(1.008373779777E-02,0.));
#3298 = CARTESIAN_POINT('',(1.008373779777E-02,28.5));
#3299 = ( GEOMETRIC_REPRESENTATION_CONTEXT(2) 
PARAMETRIC_REPRESENTATION_CONTEXT() REPRESENTATION_CONTEXT('2D SPACE',''
  ) );
#3300 = ORIENTED_EDGE('',*,*,#3301,.F.);
#3301 = EDGE_CURVE('',#3302,#3274,#3304,.T.);
#3302 = VERTEX_POINT('',#3303);
#3303 = CARTESIAN_POINT('',(20.751296829971,46.248703170029,40.5));
#3304 = SURFACE_CURVE('',#3305,(#3309,#3315),.PCURVE_S1.);
#3305 = LINE('',#3306,#3307);
#3306 = CARTESIAN_POINT('',(20.751296829971,23.125,40.5));
#3307 = VECTOR('',#3308,1.);
#3308 = DIRECTION('',(0.,-1.,0.));
#3309 = PCURVE('',#516,#3310);
#3310 = DEFINITIONAL_REPRESENTATION('',(#3311),#3314);
#3311 = B_SPLINE_CURVE_WITH_KNOTS('',1,(#3312,#3313),.UNSPECIFIED.,.F.,
  .F.,(2,2),(-23.125,3.375),.PIECEWISE_BEZIER_KNOTS.);
#3312 = CARTESIAN_POINT('',(20.751296829971,46.25));
#3313 = CARTESIAN_POINT('',(20.751296829971,19.75));
#3314 = ( GEOMETRIC_REPRESENTATION_CONTEXT(2) 
PARAMETRIC_REPRESENTATION_CONTEXT() REPRESENTATION_CONTEXT('2D SPACE',''
  ) );
#3315 = PCURVE('',#3316,#3321);
#3316 = PLANE('',#3317);
#3317 = AXIS2_PLACEMENT_3D('',#3318,#3319,#3320);
#3318 = CARTESIAN_POINT('',(20.75,46.25,40.51));
#3319 = DIRECTION('',(-0.991695758116,-0.,-0.128606078142));
#3320 = DIRECTION('',(0.128606078142,0.,-0.991695758116));
#3321 = DEFINITIONAL_REPRESENTATION('',(#3322),#3325);
#3322 = B_SPLINE_CURVE_WITH_KNOTS('',1,(#3323,#3324),.UNSPECIFIED.,.F.,
  .F.,(2,2),(-23.125,3.375),.PIECEWISE_BEZIER_KNOTS.);
#3323 = CARTESIAN_POINT('',(1.008373779777E-02,0.));
#3324 = CARTESIAN_POINT('',(1.008373779777E-02,26.5));
#3325 = ( GEOMETRIC_REPRESENTATION_CONTEXT(2) 
PARAMETRIC_REPRESENTATION_CONTEXT() REPRESENTATION_CONTEXT('2D SPACE',''
  ) );
#3326 = ORIENTED_EDGE('',*,*,#3327,.F.);
#3327 = EDGE_CURVE('',#3328,#3302,#3330,.T.);
#3328 = VERTEX_POINT('',#3329);
#3329 = CARTESIAN_POINT('',(49.248703170029,46.248703170029,40.5));
#3330 = SURFACE_CURVE('',#3331,(#3335,#3341),.PCURVE_S1.);
#3331 = LINE('',#3332,#3333);
#3332 = CARTESIAN_POINT('',(24.625,46.248703170029,40.5));
#3333 = VECTOR('',#3334,1.);
#3334 = DIRECTION('',(-1.,0.,0.));
#3335 = PCURVE('',#516,#3336);
#3336 = DEFINITIONAL_REPRESENTATION('',(#3337),#3340);
#3337 = B_SPLINE_CURVE_WITH_KNOTS('',1,(#3338,#3339),.UNSPECIFIED.,.F.,
  .F.,(2,2),(-24.625,3.875),.PIECEWISE_BEZIER_KNOTS.);
#3338 = CARTESIAN_POINT('',(49.25,46.248703170029));
#3339 = CARTESIAN_POINT('',(20.75,46.248703170029));
#3340 = ( GEOMETRIC_REPRESENTATION_CONTEXT(2) 
PARAMETRIC_REPRESENTATION_CONTEXT() REPRESENTATION_CONTEXT('2D SPACE',''
  ) );
#3341 = PCURVE('',#3342,#3347);
#3342 = PLANE('',#3343);
#3343 = AXIS2_PLACEMENT_3D('',#3344,#3345,#3346);
#3344 = CARTESIAN_POINT('',(49.25,46.25,40.51));
#3345 = DIRECTION('',(0.,0.991695758116,-0.128606078142));
#3346 = DIRECTION('',(0.,-0.128606078142,-0.991695758116));
#3347 = DEFINITIONAL_REPRESENTATION('',(#3348),#3351);
#3348 = B_SPLINE_CURVE_WITH_KNOTS('',1,(#3349,#3350),.UNSPECIFIED.,.F.,
  .F.,(2,2),(-24.625,3.875),.PIECEWISE_BEZIER_KNOTS.);
#3349 = CARTESIAN_POINT('',(1.008373779777E-02,0.));
#3350 = CARTESIAN_POINT('',(1.008373779777E-02,28.5));
#3351 = ( GEOMETRIC_REPRESENTATION_CONTEXT(2) 
PARAMETRIC_REPRESENTATION_CONTEXT() REPRESENTATION_CONTEXT('2D SPACE',''
  ) );
#3352 = ORIENTED_EDGE('',*,*,#3353,.F.);
#3353 = EDGE_CURVE('',#3276,#3328,#3354,.T.);
#3354 = SURFACE_CURVE('',#3355,(#3359,#3365),.PCURVE_S1.);
#3355 = LINE('',#3356,#3357);
#3356 = CARTESIAN_POINT('',(49.248703170029,9.875,40.5));
#3357 = VECTOR('',#3358,1.);
#3358 = DIRECTION('',(-0.,1.,0.));
#3359 = PCURVE('',#516,#3360);
#3360 = DEFINITIONAL_REPRESENTATION('',(#3361),#3364);
#3361 = B_SPLINE_CURVE_WITH_KNOTS('',1,(#3362,#3363),.UNSPECIFIED.,.F.,
  .F.,(2,2),(9.875,36.375),.PIECEWISE_BEZIER_KNOTS.);
#3362 = CARTESIAN_POINT('',(49.248703170029,19.75));
#3363 = CARTESIAN_POINT('',(49.248703170029,46.25));
#3364 = ( GEOMETRIC_REPRESENTATION_CONTEXT(2) 
PARAMETRIC_REPRESENTATION_CONTEXT() REPRESENTATION_CONTEXT('2D SPACE',''
  ) );
#3365 = PCURVE('',#3366,#3371);
#3366 = PLANE('',#3367);
#3367 = AXIS2_PLACEMENT_3D('',#3368,#3369,#3370);
#3368 = CARTESIAN_POINT('',(49.25,19.75,40.51));
#3369 = DIRECTION('',(0.991695758116,0.,-0.128606078142));
#3370 = DIRECTION('',(-0.128606078142,0.,-0.991695758116));
#3371 = DEFINITIONAL_REPRESENTATION('',(#3372),#3375);
#3372 = B_SPLINE_CURVE_WITH_KNOTS('',1,(#3373,#3374),.UNSPECIFIED.,.F.,
  .F.,(2,2),(9.875,36.375),.PIECEWISE_BEZIER_KNOTS.);
#3373 = CARTESIAN_POINT('',(1.008373779777E-02,0.));
#3374 = CARTESIAN_POINT('',(1.008373779777E-02,26.5));
#3375 = ( GEOMETRIC_REPRESENTATION_CONTEXT(2) 
PARAMETRIC_REPRESENTATION_CONTEXT() REPRESENTATION_CONTEXT('2D SPACE',''
  ) );
#3376 = FACE_BOUND('',#3377,.T.);
#3377 = EDGE_LOOP('',(#3378,#3406,#3432,#3458));
#3378 = ORIENTED_EDGE('',*,*,#3379,.F.);
#3379 = EDGE_CURVE('',#3380,#3382,#3384,.T.);
#3380 = VERTEX_POINT('',#3381);
#3381 = CARTESIAN_POINT('',(55.751296829971,-13.24870317002,40.5));
#3382 = VERTEX_POINT('',#3383);
#3383 = CARTESIAN_POINT('',(84.248703170029,-13.24870317002,40.5));
#3384 = SURFACE_CURVE('',#3385,(#3389,#3395),.PCURVE_S1.);
#3385 = LINE('',#3386,#3387);
#3386 = CARTESIAN_POINT('',(27.875,-13.24870317002,40.5));
#3387 = VECTOR('',#3388,1.);
#3388 = DIRECTION('',(1.,0.,-0.));
#3389 = PCURVE('',#516,#3390);
#3390 = DEFINITIONAL_REPRESENTATION('',(#3391),#3394);
#3391 = B_SPLINE_CURVE_WITH_KNOTS('',1,(#3392,#3393),.UNSPECIFIED.,.F.,
  .F.,(2,2),(27.875,56.375),.PIECEWISE_BEZIER_KNOTS.);
#3392 = CARTESIAN_POINT('',(55.75,-13.24870317002));
#3393 = CARTESIAN_POINT('',(84.25,-13.24870317002));
#3394 = ( GEOMETRIC_REPRESENTATION_CONTEXT(2) 
PARAMETRIC_REPRESENTATION_CONTEXT() REPRESENTATION_CONTEXT('2D SPACE',''
  ) );
#3395 = PCURVE('',#3396,#3401);
#3396 = PLANE('',#3397);
#3397 = AXIS2_PLACEMENT_3D('',#3398,#3399,#3400);
#3398 = CARTESIAN_POINT('',(55.75,-13.25,40.51));
#3399 = DIRECTION('',(0.,-0.991695758116,-0.128606078142));
#3400 = DIRECTION('',(0.,0.128606078142,-0.991695758116));
#3401 = DEFINITIONAL_REPRESENTATION('',(#3402),#3405);
#3402 = B_SPLINE_CURVE_WITH_KNOTS('',1,(#3403,#3404),.UNSPECIFIED.,.F.,
  .F.,(2,2),(27.875,56.375),.PIECEWISE_BEZIER_KNOTS.);
#3403 = CARTESIAN_POINT('',(1.008373779777E-02,0.));
#3404 = CARTESIAN_POINT('',(1.008373779777E-02,28.5));
#3405 = ( GEOMETRIC_REPRESENTATION_CONTEXT(2) 
PARAMETRIC_REPRESENTATION_CONTEXT() REPRESENTATION_CONTEXT('2D SPACE',''
  ) );
#3406 = ORIENTED_EDGE('',*,*,#3407,.F.);
#3407 = EDGE_CURVE('',#3408,#3380,#3410,.T.);
#3408 = VERTEX_POINT('',#3409);
#3409 = CARTESIAN_POINT('',(55.751296829971,13.248703170029,40.5));
#3410 = SURFACE_CURVE('',#3411,(#3415,#3421),.PCURVE_S1.);
#3411 = LINE('',#3412,#3413);
#3412 = CARTESIAN_POINT('',(55.751296829971,6.625,40.5));
#3413 = VECTOR('',#3414,1.);
#3414 = DIRECTION('',(0.,-1.,0.));
#3415 = PCURVE('',#516,#3416);
#3416 = DEFINITIONAL_REPRESENTATION('',(#3417),#3420);
#3417 = B_SPLINE_CURVE_WITH_KNOTS('',1,(#3418,#3419),.UNSPECIFIED.,.F.,
  .F.,(2,2),(-6.625,19.875),.PIECEWISE_BEZIER_KNOTS.);
#3418 = CARTESIAN_POINT('',(55.751296829971,13.25));
#3419 = CARTESIAN_POINT('',(55.751296829971,-13.25));
#3420 = ( GEOMETRIC_REPRESENTATION_CONTEXT(2) 
PARAMETRIC_REPRESENTATION_CONTEXT() REPRESENTATION_CONTEXT('2D SPACE',''
  ) );
#3421 = PCURVE('',#3422,#3427);
#3422 = PLANE('',#3423);
#3423 = AXIS2_PLACEMENT_3D('',#3424,#3425,#3426);
#3424 = CARTESIAN_POINT('',(55.75,13.25,40.51));
#3425 = DIRECTION('',(-0.991695758116,-0.,-0.128606078142));
#3426 = DIRECTION('',(0.128606078142,0.,-0.991695758116));
#3427 = DEFINITIONAL_REPRESENTATION('',(#3428),#3431);
#3428 = B_SPLINE_CURVE_WITH_KNOTS('',1,(#3429,#3430),.UNSPECIFIED.,.F.,
  .F.,(2,2),(-6.625,19.875),.PIECEWISE_BEZIER_KNOTS.);
#3429 = CARTESIAN_POINT('',(1.008373779777E-02,0.));
#3430 = CARTESIAN_POINT('',(1.008373779777E-02,26.5));
#3431 = ( GEOMETRIC_REPRESENTATION_CONTEXT(2) 
PARAMETRIC_REPRESENTATION_CONTEXT() REPRESENTATION_CONTEXT('2D SPACE',''
  ) );
#3432 = ORIENTED_EDGE('',*,*,#3433,.F.);
#3433 = EDGE_CURVE('',#3434,#3408,#3436,.T.);
#3434 = VERTEX_POINT('',#3435);
#3435 = CARTESIAN_POINT('',(84.248703170029,13.248703170029,40.5));
#3436 = SURFACE_CURVE('',#3437,(#3441,#3447),.PCURVE_S1.);
#3437 = LINE('',#3438,#3439);
#3438 = CARTESIAN_POINT('',(42.125,13.248703170029,40.5));
#3439 = VECTOR('',#3440,1.);
#3440 = DIRECTION('',(-1.,0.,0.));
#3441 = PCURVE('',#516,#3442);
#3442 = DEFINITIONAL_REPRESENTATION('',(#3443),#3446);
#3443 = B_SPLINE_CURVE_WITH_KNOTS('',1,(#3444,#3445),.UNSPECIFIED.,.F.,
  .F.,(2,2),(-42.125,-13.625),.PIECEWISE_BEZIER_KNOTS.);
#3444 = CARTESIAN_POINT('',(84.25,13.248703170029));
#3445 = CARTESIAN_POINT('',(55.75,13.248703170029));
#3446 = ( GEOMETRIC_REPRESENTATION_CONTEXT(2) 
PARAMETRIC_REPRESENTATION_CONTEXT() REPRESENTATION_CONTEXT('2D SPACE',''
  ) );
#3447 = PCURVE('',#3448,#3453);
#3448 = PLANE('',#3449);
#3449 = AXIS2_PLACEMENT_3D('',#3450,#3451,#3452);
#3450 = CARTESIAN_POINT('',(84.25,13.25,40.51));
#3451 = DIRECTION('',(0.,0.991695758116,-0.128606078142));
#3452 = DIRECTION('',(0.,-0.128606078142,-0.991695758116));
#3453 = DEFINITIONAL_REPRESENTATION('',(#3454),#3457);
#3454 = B_SPLINE_CURVE_WITH_KNOTS('',1,(#3455,#3456),.UNSPECIFIED.,.F.,
  .F.,(2,2),(-42.125,-13.625),.PIECEWISE_BEZIER_KNOTS.);
#3455 = CARTESIAN_POINT('',(1.008373779777E-02,0.));
#3456 = CARTESIAN_POINT('',(1.008373779777E-02,28.5));
#3457 = ( GEOMETRIC_REPRESENTATION_CONTEXT(2) 
PARAMETRIC_REPRESENTATION_CONTEXT() REPRESENTATION_CONTEXT('2D SPACE',''
  ) );
#3458 = ORIENTED_EDGE('',*,*,#3459,.F.);
#3459 = EDGE_CURVE('',#3382,#3434,#3460,.T.);
#3460 = SURFACE_CURVE('',#3461,(#3465,#3471),.PCURVE_S1.);
#3461 = LINE('',#3462,#3463);
#3462 = CARTESIAN_POINT('',(84.248703170029,-6.625,40.5));
#3463 = VECTOR('',#3464,1.);
#3464 = DIRECTION('',(-0.,1.,0.));
#3465 = PCURVE('',#516,#3466);
#3466 = DEFINITIONAL_REPRESENTATION('',(#3467),#3470);
#3467 = B_SPLINE_CURVE_WITH_KNOTS('',1,(#3468,#3469),.UNSPECIFIED.,.F.,
  .F.,(2,2),(-6.625,19.875),.PIECEWISE_BEZIER_KNOTS.);
#3468 = CARTESIAN_POINT('',(84.248703170029,-13.25));
#3469 = CARTESIAN_POINT('',(84.248703170029,13.25));
#3470 = ( GEOMETRIC_REPRESENTATION_CONTEXT(2) 
PARAMETRIC_REPRESENTATION_CONTEXT() REPRESENTATION_CONTEXT('2D SPACE',''
  ) );
#3471 = PCURVE('',#3472,#3477);
#3472 = PLANE('',#3473);
#3473 = AXIS2_PLACEMENT_3D('',#3474,#3475,#3476);
#3474 = CARTESIAN_POINT('',(84.25,-13.25,40.51));
#3475 = DIRECTION('',(0.991695758116,0.,-0.128606078142));
#3476 = DIRECTION('',(-0.128606078142,0.,-0.991695758116));
#3477 = DEFINITIONAL_REPRESENTATION('',(#3478),#3481);
#3478 = B_SPLINE_CURVE_WITH_KNOTS('',1,(#3479,#3480),.UNSPECIFIED.,.F.,
  .F.,(2,2),(-6.625,19.875),.PIECEWISE_BEZIER_KNOTS.);
#3479 = CARTESIAN_POINT('',(1.008373779777E-02,0.));
#3480 = CARTESIAN_POINT('',(1.008373779777E-02,26.5));
#3481 = ( GEOMETRIC_REPRESENTATION_CONTEXT(2) 
PARAMETRIC_REPRESENTATION_CONTEXT() REPRESENTATION_CONTEXT('2D SPACE',''
  ) );
#3482 = FACE_BOUND('',#3483,.T.);
#3483 = EDGE_LOOP('',(#3484,#3512,#3538,#3564));
#3484 = ORIENTED_EDGE('',*,*,#3485,.F.);
#3485 = EDGE_CURVE('',#3486,#3488,#3490,.T.);
#3486 = VERTEX_POINT('',#3487);
#3487 = CARTESIAN_POINT('',(55.751296829971,19.751296829971,40.5));
#3488 = VERTEX_POINT('',#3489);
#3489 = CARTESIAN_POINT('',(84.248703170029,19.751296829971,40.5));
#3490 = SURFACE_CURVE('',#3491,(#3495,#3501),.PCURVE_S1.);
#3491 = LINE('',#3492,#3493);
#3492 = CARTESIAN_POINT('',(27.875,19.751296829971,40.5));
#3493 = VECTOR('',#3494,1.);
#3494 = DIRECTION('',(1.,0.,-0.));
#3495 = PCURVE('',#516,#3496);
#3496 = DEFINITIONAL_REPRESENTATION('',(#3497),#3500);
#3497 = B_SPLINE_CURVE_WITH_KNOTS('',1,(#3498,#3499),.UNSPECIFIED.,.F.,
  .F.,(2,2),(27.875,56.375),.PIECEWISE_BEZIER_KNOTS.);
#3498 = CARTESIAN_POINT('',(55.75,19.751296829971));
#3499 = CARTESIAN_POINT('',(84.25,19.751296829971));
#3500 = ( GEOMETRIC_REPRESENTATION_CONTEXT(2) 
PARAMETRIC_REPRESENTATION_CONTEXT() REPRESENTATION_CONTEXT('2D SPACE',''
  ) );
#3501 = PCURVE('',#3502,#3507);
#3502 = PLANE('',#3503);
#3503 = AXIS2_PLACEMENT_3D('',#3504,#3505,#3506);
#3504 = CARTESIAN_POINT('',(55.75,19.75,40.51));
#3505 = DIRECTION('',(0.,-0.991695758116,-0.128606078142));
#3506 = DIRECTION('',(0.,0.128606078142,-0.991695758116));
#3507 = DEFINITIONAL_REPRESENTATION('',(#3508),#3511);
#3508 = B_SPLINE_CURVE_WITH_KNOTS('',1,(#3509,#3510),.UNSPECIFIED.,.F.,
  .F.,(2,2),(27.875,56.375),.PIECEWISE_BEZIER_KNOTS.);
#3509 = CARTESIAN_POINT('',(1.008373779777E-02,0.));
#3510 = CARTESIAN_POINT('',(1.008373779777E-02,28.5));
#3511 = ( GEOMETRIC_REPRESENTATION_CONTEXT(2) 
PARAMETRIC_REPRESENTATION_CONTEXT() REPRESENTATION_CONTEXT('2D SPACE',''
  ) );
#3512 = ORIENTED_EDGE('',*,*,#3513,.F.);
#3513 = EDGE_CURVE('',#3514,#3486,#3516,.T.);
#3514 = VERTEX_POINT('',#3515);
#3515 = CARTESIAN_POINT('',(55.751296829971,46.248703170029,40.5));
#3516 = SURFACE_CURVE('',#3517,(#3521,#3527),.PCURVE_S1.);
#3517 = LINE('',#3518,#3519);
#3518 = CARTESIAN_POINT('',(55.751296829971,23.125,40.5));
#3519 = VECTOR('',#3520,1.);
#3520 = DIRECTION('',(0.,-1.,0.));
#3521 = PCURVE('',#516,#3522);
#3522 = DEFINITIONAL_REPRESENTATION('',(#3523),#3526);
#3523 = B_SPLINE_CURVE_WITH_KNOTS('',1,(#3524,#3525),.UNSPECIFIED.,.F.,
  .F.,(2,2),(-23.125,3.375),.PIECEWISE_BEZIER_KNOTS.);
#3524 = CARTESIAN_POINT('',(55.751296829971,46.25));
#3525 = CARTESIAN_POINT('',(55.751296829971,19.75));
#3526 = ( GEOMETRIC_REPRESENTATION_CONTEXT(2) 
PARAMETRIC_REPRESENTATION_CONTEXT() REPRESENTATION_CONTEXT('2D SPACE',''
  ) );
#3527 = PCURVE('',#3528,#3533);
#3528 = PLANE('',#3529);
#3529 = AXIS2_PLACEMENT_3D('',#3530,#3531,#3532);
#3530 = CARTESIAN_POINT('',(55.75,46.25,40.51));
#3531 = DIRECTION('',(-0.991695758116,-0.,-0.128606078142));
#3532 = DIRECTION('',(0.128606078142,0.,-0.991695758116));
#3533 = DEFINITIONAL_REPRESENTATION('',(#3534),#3537);
#3534 = B_SPLINE_CURVE_WITH_KNOTS('',1,(#3535,#3536),.UNSPECIFIED.,.F.,
  .F.,(2,2),(-23.125,3.375),.PIECEWISE_BEZIER_KNOTS.);
#3535 = CARTESIAN_POINT('',(1.008373779777E-02,0.));
#3536 = CARTESIAN_POINT('',(1.008373779777E-02,26.5));
#3537 = ( GEOMETRIC_REPRESENTATION_CONTEXT(2) 
PARAMETRIC_REPRESENTATION_CONTEXT() REPRESENTATION_CONTEXT('2D SPACE',''
  ) );
#3538 = ORIENTED_EDGE('',*,*,#3539,.F.);
#3539 = EDGE_CURVE('',#3540,#3514,#3542,.T.);
#3540 = VERTEX_POINT('',#3541);
#3541 = CARTESIAN_POINT('',(84.248703170029,46.248703170029,40.5));
#3542 = SURFACE_CURVE('',#3543,(#3547,#3553),.PCURVE_S1.);
#3543 = LINE('',#3544,#3545);
#3544 = CARTESIAN_POINT('',(42.125,46.248703170029,40.5));
#3545 = VECTOR('',#3546,1.);
#3546 = DIRECTION('',(-1.,0.,0.));
#3547 = PCURVE('',#516,#3548);
#3548 = DEFINITIONAL_REPRESENTATION('',(#3549),#3552);
#3549 = B_SPLINE_CURVE_WITH_KNOTS('',1,(#3550,#3551),.UNSPECIFIED.,.F.,
  .F.,(2,2),(-42.125,-13.625),.PIECEWISE_BEZIER_KNOTS.);
#3550 = CARTESIAN_POINT('',(84.25,46.248703170029));
#3551 = CARTESIAN_POINT('',(55.75,46.248703170029));
#3552 = ( GEOMETRIC_REPRESENTATION_CONTEXT(2) 
PARAMETRIC_REPRESENTATION_CONTEXT() REPRESENTATION_CONTEXT('2D SPACE',''
  ) );
#3553 = PCURVE('',#3554,#3559);
#3554 = PLANE('',#3555);
#3555 = AXIS2_PLACEMENT_3D('',#3556,#3557,#3558);
#3556 = CARTESIAN_POINT('',(84.25,46.25,40.51));
#3557 = DIRECTION('',(0.,0.991695758116,-0.128606078142));
#3558 = DIRECTION('',(0.,-0.128606078142,-0.991695758116));
#3559 = DEFINITIONAL_REPRESENTATION('',(#3560),#3563);
#3560 = B_SPLINE_CURVE_WITH_KNOTS('',1,(#3561,#3562),.UNSPECIFIED.,.F.,
  .F.,(2,2),(-42.125,-13.625),.PIECEWISE_BEZIER_KNOTS.);
#3561 = CARTESIAN_POINT('',(1.008373779777E-02,0.));
#3562 = CARTESIAN_POINT('',(1.008373779777E-02,28.5));
#3563 = ( GEOMETRIC_REPRESENTATION_CONTEXT(2) 
PARAMETRIC_REPRESENTATION_CONTEXT() REPRESENTATION_CONTEXT('2D SPACE',''
  ) );
#3564 = ORIENTED_EDGE('',*,*,#3565,.F.);
#3565 = EDGE_CURVE('',#3488,#3540,#3566,.T.);
#3566 = SURFACE_CURVE('',#3567,(#3571,#3577),.PCURVE_S1.);
#3567 = LINE('',#3568,#3569);
#3568 = CARTESIAN_POINT('',(84.248703170029,9.875,40.5));
#3569 = VECTOR('',#3570,1.);
#3570 = DIRECTION('',(-0.,1.,0.));
#3571 = PCURVE('',#516,#3572);
#3572 = DEFINITIONAL_REPRESENTATION('',(#3573),#3576);
#3573 = B_SPLINE_CURVE_WITH_KNOTS('',1,(#3574,#3575),.UNSPECIFIED.,.F.,
  .F.,(2,2),(9.875,36.375),.PIECEWISE_BEZIER_KNOTS.);
#3574 = CARTESIAN_POINT('',(84.248703170029,19.75));
#3575 = CARTESIAN_POINT('',(84.248703170029,46.25));
#3576 = ( GEOMETRIC_REPRESENTATION_CONTEXT(2) 
PARAMETRIC_REPRESENTATION_CONTEXT() REPRESENTATION_CONTEXT('2D SPACE',''
  ) );
#3577 = PCURVE('',#3578,#3583);
#3578 = PLANE('',#3579);
#3579 = AXIS2_PLACEMENT_3D('',#3580,#3581,#3582);
#3580 = CARTESIAN_POINT('',(84.25,19.75,40.51));
#3581 = DIRECTION('',(0.991695758116,0.,-0.128606078142));
#3582 = DIRECTION('',(-0.128606078142,0.,-0.991695758116));
#3583 = DEFINITIONAL_REPRESENTATION('',(#3584),#3587);
#3584 = B_SPLINE_CURVE_WITH_KNOTS('',1,(#3585,#3586),.UNSPECIFIED.,.F.,
  .F.,(2,2),(9.875,36.375),.PIECEWISE_BEZIER_KNOTS.);
#3585 = CARTESIAN_POINT('',(1.008373779777E-02,0.));
#3586 = CARTESIAN_POINT('',(1.008373779777E-02,26.5));
#3587 = ( GEOMETRIC_REPRESENTATION_CONTEXT(2) 
PARAMETRIC_REPRESENTATION_CONTEXT() REPRESENTATION_CONTEXT('2D SPACE',''
  ) );
#3588 = FACE_BOUND('',#3589,.T.);
#3589 = EDGE_LOOP('',(#3590,#3618,#3644,#3670));
#3590 = ORIENTED_EDGE('',*,*,#3591,.F.);
#3591 = EDGE_CURVE('',#3592,#3594,#3596,.T.);
#3592 = VERTEX_POINT('',#3593);
#3593 = CARTESIAN_POINT('',(-14.24870317002,52.751296829971,40.5));
#3594 = VERTEX_POINT('',#3595);
#3595 = CARTESIAN_POINT('',(14.248703170029,52.751296829971,40.5));
#3596 = SURFACE_CURVE('',#3597,(#3601,#3607),.PCURVE_S1.);
#3597 = LINE('',#3598,#3599);
#3598 = CARTESIAN_POINT('',(-7.125,52.751296829971,40.5));
#3599 = VECTOR('',#3600,1.);
#3600 = DIRECTION('',(1.,0.,-0.));
#3601 = PCURVE('',#516,#3602);
#3602 = DEFINITIONAL_REPRESENTATION('',(#3603),#3606);
#3603 = B_SPLINE_CURVE_WITH_KNOTS('',1,(#3604,#3605),.UNSPECIFIED.,.F.,
  .F.,(2,2),(-7.125,21.375),.PIECEWISE_BEZIER_KNOTS.);
#3604 = CARTESIAN_POINT('',(-14.25,52.751296829971));
#3605 = CARTESIAN_POINT('',(14.25,52.751296829971));
#3606 = ( GEOMETRIC_REPRESENTATION_CONTEXT(2) 
PARAMETRIC_REPRESENTATION_CONTEXT() REPRESENTATION_CONTEXT('2D SPACE',''
  ) );
#3607 = PCURVE('',#3608,#3613);
#3608 = PLANE('',#3609);
#3609 = AXIS2_PLACEMENT_3D('',#3610,#3611,#3612);
#3610 = CARTESIAN_POINT('',(-14.25,52.75,40.51));
#3611 = DIRECTION('',(0.,-0.991695758116,-0.128606078142));
#3612 = DIRECTION('',(0.,0.128606078142,-0.991695758116));
#3613 = DEFINITIONAL_REPRESENTATION('',(#3614),#3617);
#3614 = B_SPLINE_CURVE_WITH_KNOTS('',1,(#3615,#3616),.UNSPECIFIED.,.F.,
  .F.,(2,2),(-7.125,21.375),.PIECEWISE_BEZIER_KNOTS.);
#3615 = CARTESIAN_POINT('',(1.008373779777E-02,0.));
#3616 = CARTESIAN_POINT('',(1.008373779777E-02,28.5));
#3617 = ( GEOMETRIC_REPRESENTATION_CONTEXT(2) 
PARAMETRIC_REPRESENTATION_CONTEXT() REPRESENTATION_CONTEXT('2D SPACE',''
  ) );
#3618 = ORIENTED_EDGE('',*,*,#3619,.F.);
#3619 = EDGE_CURVE('',#3620,#3592,#3622,.T.);
#3620 = VERTEX_POINT('',#3621);
#3621 = CARTESIAN_POINT('',(-14.24870317002,79.248703170029,40.5));
#3622 = SURFACE_CURVE('',#3623,(#3627,#3633),.PCURVE_S1.);
#3623 = LINE('',#3624,#3625);
#3624 = CARTESIAN_POINT('',(-14.24870317002,39.625,40.5));
#3625 = VECTOR('',#3626,1.);
#3626 = DIRECTION('',(0.,-1.,0.));
#3627 = PCURVE('',#516,#3628);
#3628 = DEFINITIONAL_REPRESENTATION('',(#3629),#3632);
#3629 = B_SPLINE_CURVE_WITH_KNOTS('',1,(#3630,#3631),.UNSPECIFIED.,.F.,
  .F.,(2,2),(-39.625,-13.125),.PIECEWISE_BEZIER_KNOTS.);
#3630 = CARTESIAN_POINT('',(-14.24870317002,79.25));
#3631 = CARTESIAN_POINT('',(-14.24870317002,52.75));
#3632 = ( GEOMETRIC_REPRESENTATION_CONTEXT(2) 
PARAMETRIC_REPRESENTATION_CONTEXT() REPRESENTATION_CONTEXT('2D SPACE',''
  ) );
#3633 = PCURVE('',#3634,#3639);
#3634 = PLANE('',#3635);
#3635 = AXIS2_PLACEMENT_3D('',#3636,#3637,#3638);
#3636 = CARTESIAN_POINT('',(-14.25,79.25,40.51));
#3637 = DIRECTION('',(-0.991695758116,-0.,-0.128606078142));
#3638 = DIRECTION('',(0.128606078142,0.,-0.991695758116));
#3639 = DEFINITIONAL_REPRESENTATION('',(#3640),#3643);
#3640 = B_SPLINE_CURVE_WITH_KNOTS('',1,(#3641,#3642),.UNSPECIFIED.,.F.,
  .F.,(2,2),(-39.625,-13.125),.PIECEWISE_BEZIER_KNOTS.);
#3641 = CARTESIAN_POINT('',(1.008373779777E-02,0.));
#3642 = CARTESIAN_POINT('',(1.008373779777E-02,26.5));
#3643 = ( GEOMETRIC_REPRESENTATION_CONTEXT(2) 
PARAMETRIC_REPRESENTATION_CONTEXT() REPRESENTATION_CONTEXT('2D SPACE',''
  ) );
#3644 = ORIENTED_EDGE('',*,*,#3645,.F.);
#3645 = EDGE_CURVE('',#3646,#3620,#3648,.T.);
#3646 = VERTEX_POINT('',#3647);
#3647 = CARTESIAN_POINT('',(14.248703170029,79.248703170029,40.5));
#3648 = SURFACE_CURVE('',#3649,(#3653,#3659),.PCURVE_S1.);
#3649 = LINE('',#3650,#3651);
#3650 = CARTESIAN_POINT('',(7.125,79.248703170029,40.5));
#3651 = VECTOR('',#3652,1.);
#3652 = DIRECTION('',(-1.,0.,0.));
#3653 = PCURVE('',#516,#3654);
#3654 = DEFINITIONAL_REPRESENTATION('',(#3655),#3658);
#3655 = B_SPLINE_CURVE_WITH_KNOTS('',1,(#3656,#3657),.UNSPECIFIED.,.F.,
  .F.,(2,2),(-7.125,21.375),.PIECEWISE_BEZIER_KNOTS.);
#3656 = CARTESIAN_POINT('',(14.25,79.248703170029));
#3657 = CARTESIAN_POINT('',(-14.25,79.248703170029));
#3658 = ( GEOMETRIC_REPRESENTATION_CONTEXT(2) 
PARAMETRIC_REPRESENTATION_CONTEXT() REPRESENTATION_CONTEXT('2D SPACE',''
  ) );
#3659 = PCURVE('',#3660,#3665);
#3660 = PLANE('',#3661);
#3661 = AXIS2_PLACEMENT_3D('',#3662,#3663,#3664);
#3662 = CARTESIAN_POINT('',(14.25,79.25,40.51));
#3663 = DIRECTION('',(0.,0.991695758116,-0.128606078142));
#3664 = DIRECTION('',(0.,-0.128606078142,-0.991695758116));
#3665 = DEFINITIONAL_REPRESENTATION('',(#3666),#3669);
#3666 = B_SPLINE_CURVE_WITH_KNOTS('',1,(#3667,#3668),.UNSPECIFIED.,.F.,
  .F.,(2,2),(-7.125,21.375),.PIECEWISE_BEZIER_KNOTS.);
#3667 = CARTESIAN_POINT('',(1.008373779777E-02,0.));
#3668 = CARTESIAN_POINT('',(1.008373779777E-02,28.5));
#3669 = ( GEOMETRIC_REPRESENTATION_CONTEXT(2) 
PARAMETRIC_REPRESENTATION_CONTEXT() REPRESENTATION_CONTEXT('2D SPACE',''
  ) );
#3670 = ORIENTED_EDGE('',*,*,#3671,.F.);
#3671 = EDGE_CURVE('',#3594,#3646,#3672,.T.);
#3672 = SURFACE_CURVE('',#3673,(#3677,#3683),.PCURVE_S1.);
#3673 = LINE('',#3674,#3675);
#3674 = CARTESIAN_POINT('',(14.248703170029,26.375,40.5));
#3675 = VECTOR('',#3676,1.);
#3676 = DIRECTION('',(-0.,1.,0.));
#3677 = PCURVE('',#516,#3678);
#3678 = DEFINITIONAL_REPRESENTATION('',(#3679),#3682);
#3679 = B_SPLINE_CURVE_WITH_KNOTS('',1,(#3680,#3681),.UNSPECIFIED.,.F.,
  .F.,(2,2),(26.375,52.875),.PIECEWISE_BEZIER_KNOTS.);
#3680 = CARTESIAN_POINT('',(14.248703170029,52.75));
#3681 = CARTESIAN_POINT('',(14.248703170029,79.25));
#3682 = ( GEOMETRIC_REPRESENTATION_CONTEXT(2) 
PARAMETRIC_REPRESENTATION_CONTEXT() REPRESENTATION_CONTEXT('2D SPACE',''
  ) );
#3683 = PCURVE('',#3684,#3689);
#3684 = PLANE('',#3685);
#3685 = AXIS2_PLACEMENT_3D('',#3686,#3687,#3688);
#3686 = CARTESIAN_POINT('',(14.25,52.75,40.51));
#3687 = DIRECTION('',(0.991695758116,0.,-0.128606078142));
#3688 = DIRECTION('',(-0.128606078142,0.,-0.991695758116));
#3689 = DEFINITIONAL_REPRESENTATION('',(#3690),#3693);
#3690 = B_SPLINE_CURVE_WITH_KNOTS('',1,(#3691,#3692),.UNSPECIFIED.,.F.,
  .F.,(2,2),(26.375,52.875),.PIECEWISE_BEZIER_KNOTS.);
#3691 = CARTESIAN_POINT('',(1.008373779777E-02,0.));
#3692 = CARTESIAN_POINT('',(1.008373779777E-02,26.5));
#3693 = ( GEOMETRIC_REPRESENTATION_CONTEXT(2) 
PARAMETRIC_REPRESENTATION_CONTEXT() REPRESENTATION_CONTEXT('2D SPACE',''
  ) );
#3694 = FACE_BOUND('',#3695,.T.);
#3695 = EDGE_LOOP('',(#3696,#3724,#3750,#3776));
#3696 = ORIENTED_EDGE('',*,*,#3697,.F.);
#3697 = EDGE_CURVE('',#3698,#3700,#3702,.T.);
#3698 = VERTEX_POINT('',#3699);
#3699 = CARTESIAN_POINT('',(20.751296829971,52.751296829971,40.5));
#3700 = VERTEX_POINT('',#3701);
#3701 = CARTESIAN_POINT('',(49.248703170029,52.751296829971,40.5));
#3702 = SURFACE_CURVE('',#3703,(#3707,#3713),.PCURVE_S1.);
#3703 = LINE('',#3704,#3705);
#3704 = CARTESIAN_POINT('',(10.375,52.751296829971,40.5));
#3705 = VECTOR('',#3706,1.);
#3706 = DIRECTION('',(1.,0.,-0.));
#3707 = PCURVE('',#516,#3708);
#3708 = DEFINITIONAL_REPRESENTATION('',(#3709),#3712);
#3709 = B_SPLINE_CURVE_WITH_KNOTS('',1,(#3710,#3711),.UNSPECIFIED.,.F.,
  .F.,(2,2),(10.375,38.875),.PIECEWISE_BEZIER_KNOTS.);
#3710 = CARTESIAN_POINT('',(20.75,52.751296829971));
#3711 = CARTESIAN_POINT('',(49.25,52.751296829971));
#3712 = ( GEOMETRIC_REPRESENTATION_CONTEXT(2) 
PARAMETRIC_REPRESENTATION_CONTEXT() REPRESENTATION_CONTEXT('2D SPACE',''
  ) );
#3713 = PCURVE('',#3714,#3719);
#3714 = PLANE('',#3715);
#3715 = AXIS2_PLACEMENT_3D('',#3716,#3717,#3718);
#3716 = CARTESIAN_POINT('',(20.75,52.75,40.51));
#3717 = DIRECTION('',(0.,-0.991695758116,-0.128606078142));
#3718 = DIRECTION('',(0.,0.128606078142,-0.991695758116));
#3719 = DEFINITIONAL_REPRESENTATION('',(#3720),#3723);
#3720 = B_SPLINE_CURVE_WITH_KNOTS('',1,(#3721,#3722),.UNSPECIFIED.,.F.,
  .F.,(2,2),(10.375,38.875),.PIECEWISE_BEZIER_KNOTS.);
#3721 = CARTESIAN_POINT('',(1.008373779777E-02,0.));
#3722 = CARTESIAN_POINT('',(1.008373779777E-02,28.5));
#3723 = ( GEOMETRIC_REPRESENTATION_CONTEXT(2) 
PARAMETRIC_REPRESENTATION_CONTEXT() REPRESENTATION_CONTEXT('2D SPACE',''
  ) );
#3724 = ORIENTED_EDGE('',*,*,#3725,.F.);
#3725 = EDGE_CURVE('',#3726,#3698,#3728,.T.);
#3726 = VERTEX_POINT('',#3727);
#3727 = CARTESIAN_POINT('',(20.751296829971,79.248703170029,40.5));
#3728 = SURFACE_CURVE('',#3729,(#3733,#3739),.PCURVE_S1.);
#3729 = LINE('',#3730,#3731);
#3730 = CARTESIAN_POINT('',(20.751296829971,39.625,40.5));
#3731 = VECTOR('',#3732,1.);
#3732 = DIRECTION('',(0.,-1.,0.));
#3733 = PCURVE('',#516,#3734);
#3734 = DEFINITIONAL_REPRESENTATION('',(#3735),#3738);
#3735 = B_SPLINE_CURVE_WITH_KNOTS('',1,(#3736,#3737),.UNSPECIFIED.,.F.,
  .F.,(2,2),(-39.625,-13.125),.PIECEWISE_BEZIER_KNOTS.);
#3736 = CARTESIAN_POINT('',(20.751296829971,79.25));
#3737 = CARTESIAN_POINT('',(20.751296829971,52.75));
#3738 = ( GEOMETRIC_REPRESENTATION_CONTEXT(2) 
PARAMETRIC_REPRESENTATION_CONTEXT() REPRESENTATION_CONTEXT('2D SPACE',''
  ) );
#3739 = PCURVE('',#3740,#3745);
#3740 = PLANE('',#3741);
#3741 = AXIS2_PLACEMENT_3D('',#3742,#3743,#3744);
#3742 = CARTESIAN_POINT('',(20.75,79.25,40.51));
#3743 = DIRECTION('',(-0.991695758116,-0.,-0.128606078142));
#3744 = DIRECTION('',(0.128606078142,0.,-0.991695758116));
#3745 = DEFINITIONAL_REPRESENTATION('',(#3746),#3749);
#3746 = B_SPLINE_CURVE_WITH_KNOTS('',1,(#3747,#3748),.UNSPECIFIED.,.F.,
  .F.,(2,2),(-39.625,-13.125),.PIECEWISE_BEZIER_KNOTS.);
#3747 = CARTESIAN_POINT('',(1.008373779777E-02,0.));
#3748 = CARTESIAN_POINT('',(1.008373779777E-02,26.5));
#3749 = ( GEOMETRIC_REPRESENTATION_CONTEXT(2) 
PARAMETRIC_REPRESENTATION_CONTEXT() REPRESENTATION_CONTEXT('2D SPACE',''
  ) );
#3750 = ORIENTED_EDGE('',*,*,#3751,.F.);
#3751 = EDGE_CURVE('',#3752,#3726,#3754,.T.);
#3752 = VERTEX_POINT('',#3753);
#3753 = CARTESIAN_POINT('',(49.248703170029,79.248703170029,40.5));
#3754 = SURFACE_CURVE('',#3755,(#3759,#3765),.PCURVE_S1.);
#3755 = LINE('',#3756,#3757);
#3756 = CARTESIAN_POINT('',(24.625,79.248703170029,40.5));
#3757 = VECTOR('',#3758,1.);
#3758 = DIRECTION('',(-1.,0.,0.));
#3759 = PCURVE('',#516,#3760);
#3760 = DEFINITIONAL_REPRESENTATION('',(#3761),#3764);
#3761 = B_SPLINE_CURVE_WITH_KNOTS('',1,(#3762,#3763),.UNSPECIFIED.,.F.,
  .F.,(2,2),(-24.625,3.875),.PIECEWISE_BEZIER_KNOTS.);
#3762 = CARTESIAN_POINT('',(49.25,79.248703170029));
#3763 = CARTESIAN_POINT('',(20.75,79.248703170029));
#3764 = ( GEOMETRIC_REPRESENTATION_CONTEXT(2) 
PARAMETRIC_REPRESENTATION_CONTEXT() REPRESENTATION_CONTEXT('2D SPACE',''
  ) );
#3765 = PCURVE('',#3766,#3771);
#3766 = PLANE('',#3767);
#3767 = AXIS2_PLACEMENT_3D('',#3768,#3769,#3770);
#3768 = CARTESIAN_POINT('',(49.25,79.25,40.51));
#3769 = DIRECTION('',(0.,0.991695758116,-0.128606078142));
#3770 = DIRECTION('',(0.,-0.128606078142,-0.991695758116));
#3771 = DEFINITIONAL_REPRESENTATION('',(#3772),#3775);
#3772 = B_SPLINE_CURVE_WITH_KNOTS('',1,(#3773,#3774),.UNSPECIFIED.,.F.,
  .F.,(2,2),(-24.625,3.875),.PIECEWISE_BEZIER_KNOTS.);
#3773 = CARTESIAN_POINT('',(1.008373779777E-02,0.));
#3774 = CARTESIAN_POINT('',(1.008373779777E-02,28.5));
#3775 = ( GEOMETRIC_REPRESENTATION_CONTEXT(2) 
PARAMETRIC_REPRESENTATION_CONTEXT() REPRESENTATION_CONTEXT('2D SPACE',''
  ) );
#3776 = ORIENTED_EDGE('',*,*,#3777,.F.);
#3777 = EDGE_CURVE('',#3700,#3752,#3778,.T.);
#3778 = SURFACE_CURVE('',#3779,(#3783,#3789),.PCURVE_S1.);
#3779 = LINE('',#3780,#3781);
#3780 = CARTESIAN_POINT('',(49.248703170029,26.375,40.5));
#3781 = VECTOR('',#3782,1.);
#3782 = DIRECTION('',(-0.,1.,0.));
#3783 = PCURVE('',#516,#3784);
#3784 = DEFINITIONAL_REPRESENTATION('',(#3785),#3788);
#3785 = B_SPLINE_CURVE_WITH_KNOTS('',1,(#3786,#3787),.UNSPECIFIED.,.F.,
  .F.,(2,2),(26.375,52.875),.PIECEWISE_BEZIER_KNOTS.);
#3786 = CARTESIAN_POINT('',(49.248703170029,52.75));
#3787 = CARTESIAN_POINT('',(49.248703170029,79.25));
#3788 = ( GEOMETRIC_REPRESENTATION_CONTEXT(2) 
PARAMETRIC_REPRESENTATION_CONTEXT() REPRESENTATION_CONTEXT('2D SPACE',''
  ) );
#3789 = PCURVE('',#3790,#3795);
#3790 = PLANE('',#3791);
#3791 = AXIS2_PLACEMENT_3D('',#3792,#3793,#3794);
#3792 = CARTESIAN_POINT('',(49.25,52.75,40.51));
#3793 = DIRECTION('',(0.991695758116,0.,-0.128606078142));
#3794 = DIRECTION('',(-0.128606078142,0.,-0.991695758116));
#3795 = DEFINITIONAL_REPRESENTATION('',(#3796),#3799);
#3796 = B_SPLINE_CURVE_WITH_KNOTS('',1,(#3797,#3798),.UNSPECIFIED.,.F.,
  .F.,(2,2),(26.375,52.875),.PIECEWISE_BEZIER_KNOTS.);
#3797 = CARTESIAN_POINT('',(1.008373779777E-02,0.));
#3798 = CARTESIAN_POINT('',(1.008373779777E-02,26.5));
#3799 = ( GEOMETRIC_REPRESENTATION_CONTEXT(2) 
PARAMETRIC_REPRESENTATION_CONTEXT() REPRESENTATION_CONTEXT('2D SPACE',''
  ) );
#3800 = FACE_BOUND('',#3801,.T.);
#3801 = EDGE_LOOP('',(#3802,#3830,#3856,#3882));
#3802 = ORIENTED_EDGE('',*,*,#3803,.F.);
#3803 = EDGE_CURVE('',#3804,#3806,#3808,.T.);
#3804 = VERTEX_POINT('',#3805);
#3805 = CARTESIAN_POINT('',(55.751296829971,52.751296829971,40.5));
#3806 = VERTEX_POINT('',#3807);
#3807 = CARTESIAN_POINT('',(84.248703170029,52.751296829971,40.5));
#3808 = SURFACE_CURVE('',#3809,(#3813,#3819),.PCURVE_S1.);
#3809 = LINE('',#3810,#3811);
#3810 = CARTESIAN_POINT('',(27.875,52.751296829971,40.5));
#3811 = VECTOR('',#3812,1.);
#3812 = DIRECTION('',(1.,0.,-0.));
#3813 = PCURVE('',#516,#3814);
#3814 = DEFINITIONAL_REPRESENTATION('',(#3815),#3818);
#3815 = B_SPLINE_CURVE_WITH_KNOTS('',1,(#3816,#3817),.UNSPECIFIED.,.F.,
  .F.,(2,2),(27.875,56.375),.PIECEWISE_BEZIER_KNOTS.);
#3816 = CARTESIAN_POINT('',(55.75,52.751296829971));
#3817 = CARTESIAN_POINT('',(84.25,52.751296829971));
#3818 = ( GEOMETRIC_REPRESENTATION_CONTEXT(2) 
PARAMETRIC_REPRESENTATION_CONTEXT() REPRESENTATION_CONTEXT('2D SPACE',''
  ) );
#3819 = PCURVE('',#3820,#3825);
#3820 = PLANE('',#3821);
#3821 = AXIS2_PLACEMENT_3D('',#3822,#3823,#3824);
#3822 = CARTESIAN_POINT('',(55.75,52.75,40.51));
#3823 = DIRECTION('',(0.,-0.991695758116,-0.128606078142));
#3824 = DIRECTION('',(0.,0.128606078142,-0.991695758116));
#3825 = DEFINITIONAL_REPRESENTATION('',(#3826),#3829);
#3826 = B_SPLINE_CURVE_WITH_KNOTS('',1,(#3827,#3828),.UNSPECIFIED.,.F.,
  .F.,(2,2),(27.875,56.375),.PIECEWISE_BEZIER_KNOTS.);
#3827 = CARTESIAN_POINT('',(1.008373779777E-02,0.));
#3828 = CARTESIAN_POINT('',(1.008373779777E-02,28.5));
#3829 = ( GEOMETRIC_REPRESENTATION_CONTEXT(2) 
PARAMETRIC_REPRESENTATION_CONTEXT() REPRESENTATION_CONTEXT('2D SPACE',''
  ) );
#3830 = ORIENTED_EDGE('',*,*,#3831,.F.);
#3831 = EDGE_CURVE('',#3832,#3804,#3834,.T.);
#3832 = VERTEX_POINT('',#3833);
#3833 = CARTESIAN_POINT('',(55.751296829971,79.248703170029,40.5));
#3834 = SURFACE_CURVE('',#3835,(#3839,#3845),.PCURVE_S1.);
#3835 = LINE('',#3836,#3837);
#3836 = CARTESIAN_POINT('',(55.751296829971,39.625,40.5));
#3837 = VECTOR('',#3838,1.);
#3838 = DIRECTION('',(0.,-1.,0.));
#3839 = PCURVE('',#516,#3840);
#3840 = DEFINITIONAL_REPRESENTATION('',(#3841),#3844);
#3841 = B_SPLINE_CURVE_WITH_KNOTS('',1,(#3842,#3843),.UNSPECIFIED.,.F.,
  .F.,(2,2),(-39.625,-13.125),.PIECEWISE_BEZIER_KNOTS.);
#3842 = CARTESIAN_POINT('',(55.751296829971,79.25));
#3843 = CARTESIAN_POINT('',(55.751296829971,52.75));
#3844 = ( GEOMETRIC_REPRESENTATION_CONTEXT(2) 
PARAMETRIC_REPRESENTATION_CONTEXT() REPRESENTATION_CONTEXT('2D SPACE',''
  ) );
#3845 = PCURVE('',#3846,#3851);
#3846 = PLANE('',#3847);
#3847 = AXIS2_PLACEMENT_3D('',#3848,#3849,#3850);
#3848 = CARTESIAN_POINT('',(55.75,79.25,40.51));
#3849 = DIRECTION('',(-0.991695758116,-0.,-0.128606078142));
#3850 = DIRECTION('',(0.128606078142,0.,-0.991695758116));
#3851 = DEFINITIONAL_REPRESENTATION('',(#3852),#3855);
#3852 = B_SPLINE_CURVE_WITH_KNOTS('',1,(#3853,#3854),.UNSPECIFIED.,.F.,
  .F.,(2,2),(-39.625,-13.125),.PIECEWISE_BEZIER_KNOTS.);
#3853 = CARTESIAN_POINT('',(1.008373779777E-02,0.));
#3854 = CARTESIAN_POINT('',(1.008373779777E-02,26.5));
#3855 = ( GEOMETRIC_REPRESENTATION_CONTEXT(2) 
PARAMETRIC_REPRESENTATION_CONTEXT() REPRESENTATION_CONTEXT('2D SPACE',''
  ) );
#3856 = ORIENTED_EDGE('',*,*,#3857,.F.);
#3857 = EDGE_CURVE('',#3858,#3832,#3860,.T.);
#3858 = VERTEX_POINT('',#3859);
#3859 = CARTESIAN_POINT('',(84.248703170029,79.248703170029,40.5));
#3860 = SURFACE_CURVE('',#3861,(#3865,#3871),.PCURVE_S1.);
#3861 = LINE('',#3862,#3863);
#3862 = CARTESIAN_POINT('',(42.125,79.248703170029,40.5));
#3863 = VECTOR('',#3864,1.);
#3864 = DIRECTION('',(-1.,0.,0.));
#3865 = PCURVE('',#516,#3866);
#3866 = DEFINITIONAL_REPRESENTATION('',(#3867),#3870);
#3867 = B_SPLINE_CURVE_WITH_KNOTS('',1,(#3868,#3869),.UNSPECIFIED.,.F.,
  .F.,(2,2),(-42.125,-13.625),.PIECEWISE_BEZIER_KNOTS.);
#3868 = CARTESIAN_POINT('',(84.25,79.248703170029));
#3869 = CARTESIAN_POINT('',(55.75,79.248703170029));
#3870 = ( GEOMETRIC_REPRESENTATION_CONTEXT(2) 
PARAMETRIC_REPRESENTATION_CONTEXT() REPRESENTATION_CONTEXT('2D SPACE',''
  ) );
#3871 = PCURVE('',#3872,#3877);
#3872 = PLANE('',#3873);
#3873 = AXIS2_PLACEMENT_3D('',#3874,#3875,#3876);
#3874 = CARTESIAN_POINT('',(84.25,79.25,40.51));
#3875 = DIRECTION('',(0.,0.991695758116,-0.128606078142));
#3876 = DIRECTION('',(0.,-0.128606078142,-0.991695758116));
#3877 = DEFINITIONAL_REPRESENTATION('',(#3878),#3881);
#3878 = B_SPLINE_CURVE_WITH_KNOTS('',1,(#3879,#3880),.UNSPECIFIED.,.F.,
  .F.,(2,2),(-42.125,-13.625),.PIECEWISE_BEZIER_KNOTS.);
#3879 = CARTESIAN_POINT('',(1.008373779777E-02,0.));
#3880 = CARTESIAN_POINT('',(1.008373779777E-02,28.5));
#3881 = ( GEOMETRIC_REPRESENTATION_CONTEXT(2) 
PARAMETRIC_REPRESENTATION_CONTEXT() REPRESENTATION_CONTEXT('2D SPACE',''
  ) );
#3882 = ORIENTED_EDGE('',*,*,#3883,.F.);
#3883 = EDGE_CURVE('',#3806,#3858,#3884,.T.);
#3884 = SURFACE_CURVE('',#3885,(#3889,#3895),.PCURVE_S1.);
#3885 = LINE('',#3886,#3887);
#3886 = CARTESIAN_POINT('',(84.248703170029,26.375,40.5));
#3887 = VECTOR('',#3888,1.);
#3888 = DIRECTION('',(-0.,1.,0.));
#3889 = PCURVE('',#516,#3890);
#3890 = DEFINITIONAL_REPRESENTATION('',(#3891),#3894);
#3891 = B_SPLINE_CURVE_WITH_KNOTS('',1,(#3892,#3893),.UNSPECIFIED.,.F.,
  .F.,(2,2),(26.375,52.875),.PIECEWISE_BEZIER_KNOTS.);
#3892 = CARTESIAN_POINT('',(84.248703170029,52.75));
#3893 = CARTESIAN_POINT('',(84.248703170029,79.25));
#3894 = ( GEOMETRIC_REPRESENTATION_CONTEXT(2) 
PARAMETRIC_REPRESENTATION_CONTEXT() REPRESENTATION_CONTEXT('2D SPACE',''
  ) );
#3895 = PCURVE('',#3896,#3901);
#3896 = PLANE('',#3897);
#3897 = AXIS2_PLACEMENT_3D('',#3898,#3899,#3900);
#3898 = CARTESIAN_POINT('',(84.25,52.75,40.51));
#3899 = DIRECTION('',(0.991695758116,0.,-0.128606078142));
#3900 = DIRECTION('',(-0.128606078142,0.,-0.991695758116));
#3901 = DEFINITIONAL_REPRESENTATION('',(#3902),#3905);
#3902 = B_SPLINE_CURVE_WITH_KNOTS('',1,(#3903,#3904),.UNSPECIFIED.,.F.,
  .F.,(2,2),(26.375,52.875),.PIECEWISE_BEZIER_KNOTS.);
#3903 = CARTESIAN_POINT('',(1.008373779777E-02,0.));
#3904 = CARTESIAN_POINT('',(1.008373779777E-02,26.5));
#3905 = ( GEOMETRIC_REPRESENTATION_CONTEXT(2) 
PARAMETRIC_REPRESENTATION_CONTEXT() REPRESENTATION_CONTEXT('2D SPACE',''
  ) );
#3906 = ADVANCED_FACE('',(#3907,#3917,#4023,#4129,#4235,#4341,#4447,
    #4553,#4659,#4765,#4871,#4977,#5083,#5189,#5295,#5401,#5507,#5613,
    #5719,#5825,#5931,#6037,#6143,#6249,#6355,#6461),#922,.F.);
#3907 = FACE_BOUND('',#3908,.F.);
#3908 = EDGE_LOOP('',(#3909,#3910,#3911,#3912,#3913,#3914,#3915,#3916));
#3909 = ORIENTED_EDGE('',*,*,#1224,.T.);
#3910 = ORIENTED_EDGE('',*,*,#907,.T.);
#3911 = ORIENTED_EDGE('',*,*,#939,.T.);
#3912 = ORIENTED_EDGE('',*,*,#1007,.T.);
#3913 = ORIENTED_EDGE('',*,*,#1034,.T.);
#3914 = ORIENTED_EDGE('',*,*,#1102,.T.);
#3915 = ORIENTED_EDGE('',*,*,#1150,.T.);
#3916 = ORIENTED_EDGE('',*,*,#1197,.T.);
#3917 = FACE_BOUND('',#3918,.F.);
#3918 = EDGE_LOOP('',(#3919,#3947,#3973,#3999));
#3919 = ORIENTED_EDGE('',*,*,#3920,.F.);
#3920 = EDGE_CURVE('',#3921,#3923,#3925,.T.);
#3921 = VERTEX_POINT('',#3922);
#3922 = CARTESIAN_POINT('',(-85.04870317002,-80.04870317002,39.7));
#3923 = VERTEX_POINT('',#3924);
#3924 = CARTESIAN_POINT('',(-54.95129682997,-80.04870317002,39.7));
#3925 = SURFACE_CURVE('',#3926,(#3930,#3936),.PCURVE_S1.);
#3926 = LINE('',#3927,#3928);
#3927 = CARTESIAN_POINT('',(-42.525,-80.04870317002,39.7));
#3928 = VECTOR('',#3929,1.);
#3929 = DIRECTION('',(1.,0.,-0.));
#3930 = PCURVE('',#922,#3931);
#3931 = DEFINITIONAL_REPRESENTATION('',(#3932),#3935);
#3932 = B_SPLINE_CURVE_WITH_KNOTS('',1,(#3933,#3934),.UNSPECIFIED.,.F.,
  .F.,(2,2),(-42.525,-12.425),.PIECEWISE_BEZIER_KNOTS.);
#3933 = CARTESIAN_POINT('',(-85.05,-80.04870317002));
#3934 = CARTESIAN_POINT('',(-54.95,-80.04870317002));
#3935 = ( GEOMETRIC_REPRESENTATION_CONTEXT(2) 
PARAMETRIC_REPRESENTATION_CONTEXT() REPRESENTATION_CONTEXT('2D SPACE',''
  ) );
#3936 = PCURVE('',#3937,#3942);
#3937 = PLANE('',#3938);
#3938 = AXIS2_PLACEMENT_3D('',#3939,#3940,#3941);
#3939 = CARTESIAN_POINT('',(-85.05,-80.05,39.71));
#3940 = DIRECTION('',(0.,-0.991695758116,-0.128606078142));
#3941 = DIRECTION('',(0.,0.128606078142,-0.991695758116));
#3942 = DEFINITIONAL_REPRESENTATION('',(#3943),#3946);
#3943 = B_SPLINE_CURVE_WITH_KNOTS('',1,(#3944,#3945),.UNSPECIFIED.,.F.,
  .F.,(2,2),(-42.525,-12.425),.PIECEWISE_BEZIER_KNOTS.);
#3944 = CARTESIAN_POINT('',(1.008373779776E-02,0.));
#3945 = CARTESIAN_POINT('',(1.008373779776E-02,30.1));
#3946 = ( GEOMETRIC_REPRESENTATION_CONTEXT(2) 
PARAMETRIC_REPRESENTATION_CONTEXT() REPRESENTATION_CONTEXT('2D SPACE',''
  ) );
#3947 = ORIENTED_EDGE('',*,*,#3948,.F.);
#3948 = EDGE_CURVE('',#3949,#3921,#3951,.T.);
#3949 = VERTEX_POINT('',#3950);
#3950 = CARTESIAN_POINT('',(-85.04870317002,-51.95129682997,39.7));
#3951 = SURFACE_CURVE('',#3952,(#3956,#3962),.PCURVE_S1.);
#3952 = LINE('',#3953,#3954);
#3953 = CARTESIAN_POINT('',(-85.04870317002,-25.975,39.7));
#3954 = VECTOR('',#3955,1.);
#3955 = DIRECTION('',(0.,-1.,0.));
#3956 = PCURVE('',#922,#3957);
#3957 = DEFINITIONAL_REPRESENTATION('',(#3958),#3961);
#3958 = B_SPLINE_CURVE_WITH_KNOTS('',1,(#3959,#3960),.UNSPECIFIED.,.F.,
  .F.,(2,2),(25.975,54.075),.PIECEWISE_BEZIER_KNOTS.);
#3959 = CARTESIAN_POINT('',(-85.04870317002,-51.95));
#3960 = CARTESIAN_POINT('',(-85.04870317002,-80.05));
#3961 = ( GEOMETRIC_REPRESENTATION_CONTEXT(2) 
PARAMETRIC_REPRESENTATION_CONTEXT() REPRESENTATION_CONTEXT('2D SPACE',''
  ) );
#3962 = PCURVE('',#3963,#3968);
#3963 = PLANE('',#3964);
#3964 = AXIS2_PLACEMENT_3D('',#3965,#3966,#3967);
#3965 = CARTESIAN_POINT('',(-85.05,-51.95,39.71));
#3966 = DIRECTION('',(-0.991695758116,-0.,-0.128606078142));
#3967 = DIRECTION('',(0.128606078142,0.,-0.991695758116));
#3968 = DEFINITIONAL_REPRESENTATION('',(#3969),#3972);
#3969 = B_SPLINE_CURVE_WITH_KNOTS('',1,(#3970,#3971),.UNSPECIFIED.,.F.,
  .F.,(2,2),(25.975,54.075),.PIECEWISE_BEZIER_KNOTS.);
#3970 = CARTESIAN_POINT('',(1.008373779776E-02,0.));
#3971 = CARTESIAN_POINT('',(1.008373779776E-02,28.1));
#3972 = ( GEOMETRIC_REPRESENTATION_CONTEXT(2) 
PARAMETRIC_REPRESENTATION_CONTEXT() REPRESENTATION_CONTEXT('2D SPACE',''
  ) );
#3973 = ORIENTED_EDGE('',*,*,#3974,.F.);
#3974 = EDGE_CURVE('',#3975,#3949,#3977,.T.);
#3975 = VERTEX_POINT('',#3976);
#3976 = CARTESIAN_POINT('',(-54.95129682997,-51.95129682997,39.7));
#3977 = SURFACE_CURVE('',#3978,(#3982,#3988),.PCURVE_S1.);
#3978 = LINE('',#3979,#3980);
#3979 = CARTESIAN_POINT('',(-27.475,-51.95129682997,39.7));
#3980 = VECTOR('',#3981,1.);
#3981 = DIRECTION('',(-1.,0.,0.));
#3982 = PCURVE('',#922,#3983);
#3983 = DEFINITIONAL_REPRESENTATION('',(#3984),#3987);
#3984 = B_SPLINE_CURVE_WITH_KNOTS('',1,(#3985,#3986),.UNSPECIFIED.,.F.,
  .F.,(2,2),(27.475,57.575),.PIECEWISE_BEZIER_KNOTS.);
#3985 = CARTESIAN_POINT('',(-54.95,-51.95129682997));
#3986 = CARTESIAN_POINT('',(-85.05,-51.95129682997));
#3987 = ( GEOMETRIC_REPRESENTATION_CONTEXT(2) 
PARAMETRIC_REPRESENTATION_CONTEXT() REPRESENTATION_CONTEXT('2D SPACE',''
  ) );
#3988 = PCURVE('',#3989,#3994);
#3989 = PLANE('',#3990);
#3990 = AXIS2_PLACEMENT_3D('',#3991,#3992,#3993);
#3991 = CARTESIAN_POINT('',(-54.95,-51.95,39.71));
#3992 = DIRECTION('',(0.,0.991695758116,-0.128606078142));
#3993 = DIRECTION('',(0.,-0.128606078142,-0.991695758116));
#3994 = DEFINITIONAL_REPRESENTATION('',(#3995),#3998);
#3995 = B_SPLINE_CURVE_WITH_KNOTS('',1,(#3996,#3997),.UNSPECIFIED.,.F.,
  .F.,(2,2),(27.475,57.575),.PIECEWISE_BEZIER_KNOTS.);
#3996 = CARTESIAN_POINT('',(1.008373779776E-02,0.));
#3997 = CARTESIAN_POINT('',(1.008373779776E-02,30.1));
#3998 = ( GEOMETRIC_REPRESENTATION_CONTEXT(2) 
PARAMETRIC_REPRESENTATION_CONTEXT() REPRESENTATION_CONTEXT('2D SPACE',''
  ) );
#3999 = ORIENTED_EDGE('',*,*,#4000,.F.);
#4000 = EDGE_CURVE('',#3923,#3975,#4001,.T.);
#4001 = SURFACE_CURVE('',#4002,(#4006,#4012),.PCURVE_S1.);
#4002 = LINE('',#4003,#4004);
#4003 = CARTESIAN_POINT('',(-54.95129682997,-40.025,39.7));
#4004 = VECTOR('',#4005,1.);
#4005 = DIRECTION('',(-0.,1.,0.));
#4006 = PCURVE('',#922,#4007);
#4007 = DEFINITIONAL_REPRESENTATION('',(#4008),#4011);
#4008 = B_SPLINE_CURVE_WITH_KNOTS('',1,(#4009,#4010),.UNSPECIFIED.,.F.,
  .F.,(2,2),(-40.025,-11.925),.PIECEWISE_BEZIER_KNOTS.);
#4009 = CARTESIAN_POINT('',(-54.95129682997,-80.05));
#4010 = CARTESIAN_POINT('',(-54.95129682997,-51.95));
#4011 = ( GEOMETRIC_REPRESENTATION_CONTEXT(2) 
PARAMETRIC_REPRESENTATION_CONTEXT() REPRESENTATION_CONTEXT('2D SPACE',''
  ) );
#4012 = PCURVE('',#4013,#4018);
#4013 = PLANE('',#4014);
#4014 = AXIS2_PLACEMENT_3D('',#4015,#4016,#4017);
#4015 = CARTESIAN_POINT('',(-54.95,-80.05,39.71));
#4016 = DIRECTION('',(0.991695758116,0.,-0.128606078142));
#4017 = DIRECTION('',(-0.128606078142,0.,-0.991695758116));
#4018 = DEFINITIONAL_REPRESENTATION('',(#4019),#4022);
#4019 = B_SPLINE_CURVE_WITH_KNOTS('',1,(#4020,#4021),.UNSPECIFIED.,.F.,
  .F.,(2,2),(-40.025,-11.925),.PIECEWISE_BEZIER_KNOTS.);
#4020 = CARTESIAN_POINT('',(1.008373779776E-02,0.));
#4021 = CARTESIAN_POINT('',(1.008373779776E-02,28.1));
#4022 = ( GEOMETRIC_REPRESENTATION_CONTEXT(2) 
PARAMETRIC_REPRESENTATION_CONTEXT() REPRESENTATION_CONTEXT('2D SPACE',''
  ) );
#4023 = FACE_BOUND('',#4024,.F.);
#4024 = EDGE_LOOP('',(#4025,#4053,#4079,#4105));
#4025 = ORIENTED_EDGE('',*,*,#4026,.F.);
#4026 = EDGE_CURVE('',#4027,#4029,#4031,.T.);
#4027 = VERTEX_POINT('',#4028);
#4028 = CARTESIAN_POINT('',(-50.04870317002,-80.04870317002,39.7));
#4029 = VERTEX_POINT('',#4030);
#4030 = CARTESIAN_POINT('',(-19.95129682997,-80.04870317002,39.7));
#4031 = SURFACE_CURVE('',#4032,(#4036,#4042),.PCURVE_S1.);
#4032 = LINE('',#4033,#4034);
#4033 = CARTESIAN_POINT('',(-25.025,-80.04870317002,39.7));
#4034 = VECTOR('',#4035,1.);
#4035 = DIRECTION('',(1.,0.,-0.));
#4036 = PCURVE('',#922,#4037);
#4037 = DEFINITIONAL_REPRESENTATION('',(#4038),#4041);
#4038 = B_SPLINE_CURVE_WITH_KNOTS('',1,(#4039,#4040),.UNSPECIFIED.,.F.,
  .F.,(2,2),(-25.025,5.075),.PIECEWISE_BEZIER_KNOTS.);
#4039 = CARTESIAN_POINT('',(-50.05,-80.04870317002));
#4040 = CARTESIAN_POINT('',(-19.95,-80.04870317002));
#4041 = ( GEOMETRIC_REPRESENTATION_CONTEXT(2) 
PARAMETRIC_REPRESENTATION_CONTEXT() REPRESENTATION_CONTEXT('2D SPACE',''
  ) );
#4042 = PCURVE('',#4043,#4048);
#4043 = PLANE('',#4044);
#4044 = AXIS2_PLACEMENT_3D('',#4045,#4046,#4047);
#4045 = CARTESIAN_POINT('',(-50.05,-80.05,39.71));
#4046 = DIRECTION('',(0.,-0.991695758116,-0.128606078142));
#4047 = DIRECTION('',(0.,0.128606078142,-0.991695758116));
#4048 = DEFINITIONAL_REPRESENTATION('',(#4049),#4052);
#4049 = B_SPLINE_CURVE_WITH_KNOTS('',1,(#4050,#4051),.UNSPECIFIED.,.F.,
  .F.,(2,2),(-25.025,5.075),.PIECEWISE_BEZIER_KNOTS.);
#4050 = CARTESIAN_POINT('',(1.008373779777E-02,0.));
#4051 = CARTESIAN_POINT('',(1.008373779777E-02,30.1));
#4052 = ( GEOMETRIC_REPRESENTATION_CONTEXT(2) 
PARAMETRIC_REPRESENTATION_CONTEXT() REPRESENTATION_CONTEXT('2D SPACE',''
  ) );
#4053 = ORIENTED_EDGE('',*,*,#4054,.F.);
#4054 = EDGE_CURVE('',#4055,#4027,#4057,.T.);
#4055 = VERTEX_POINT('',#4056);
#4056 = CARTESIAN_POINT('',(-50.04870317002,-51.95129682997,39.7));
#4057 = SURFACE_CURVE('',#4058,(#4062,#4068),.PCURVE_S1.);
#4058 = LINE('',#4059,#4060);
#4059 = CARTESIAN_POINT('',(-50.04870317002,-25.975,39.7));
#4060 = VECTOR('',#4061,1.);
#4061 = DIRECTION('',(0.,-1.,0.));
#4062 = PCURVE('',#922,#4063);
#4063 = DEFINITIONAL_REPRESENTATION('',(#4064),#4067);
#4064 = B_SPLINE_CURVE_WITH_KNOTS('',1,(#4065,#4066),.UNSPECIFIED.,.F.,
  .F.,(2,2),(25.975,54.075),.PIECEWISE_BEZIER_KNOTS.);
#4065 = CARTESIAN_POINT('',(-50.04870317002,-51.95));
#4066 = CARTESIAN_POINT('',(-50.04870317002,-80.05));
#4067 = ( GEOMETRIC_REPRESENTATION_CONTEXT(2) 
PARAMETRIC_REPRESENTATION_CONTEXT() REPRESENTATION_CONTEXT('2D SPACE',''
  ) );
#4068 = PCURVE('',#4069,#4074);
#4069 = PLANE('',#4070);
#4070 = AXIS2_PLACEMENT_3D('',#4071,#4072,#4073);
#4071 = CARTESIAN_POINT('',(-50.05,-51.95,39.71));
#4072 = DIRECTION('',(-0.991695758116,-0.,-0.128606078142));
#4073 = DIRECTION('',(0.128606078142,0.,-0.991695758116));
#4074 = DEFINITIONAL_REPRESENTATION('',(#4075),#4078);
#4075 = B_SPLINE_CURVE_WITH_KNOTS('',1,(#4076,#4077),.UNSPECIFIED.,.F.,
  .F.,(2,2),(25.975,54.075),.PIECEWISE_BEZIER_KNOTS.);
#4076 = CARTESIAN_POINT('',(1.008373779777E-02,0.));
#4077 = CARTESIAN_POINT('',(1.008373779777E-02,28.1));
#4078 = ( GEOMETRIC_REPRESENTATION_CONTEXT(2) 
PARAMETRIC_REPRESENTATION_CONTEXT() REPRESENTATION_CONTEXT('2D SPACE',''
  ) );
#4079 = ORIENTED_EDGE('',*,*,#4080,.F.);
#4080 = EDGE_CURVE('',#4081,#4055,#4083,.T.);
#4081 = VERTEX_POINT('',#4082);
#4082 = CARTESIAN_POINT('',(-19.95129682997,-51.95129682997,39.7));
#4083 = SURFACE_CURVE('',#4084,(#4088,#4094),.PCURVE_S1.);
#4084 = LINE('',#4085,#4086);
#4085 = CARTESIAN_POINT('',(-9.975,-51.95129682997,39.7));
#4086 = VECTOR('',#4087,1.);
#4087 = DIRECTION('',(-1.,0.,0.));
#4088 = PCURVE('',#922,#4089);
#4089 = DEFINITIONAL_REPRESENTATION('',(#4090),#4093);
#4090 = B_SPLINE_CURVE_WITH_KNOTS('',1,(#4091,#4092),.UNSPECIFIED.,.F.,
  .F.,(2,2),(9.975,40.075),.PIECEWISE_BEZIER_KNOTS.);
#4091 = CARTESIAN_POINT('',(-19.95,-51.95129682997));
#4092 = CARTESIAN_POINT('',(-50.05,-51.95129682997));
#4093 = ( GEOMETRIC_REPRESENTATION_CONTEXT(2) 
PARAMETRIC_REPRESENTATION_CONTEXT() REPRESENTATION_CONTEXT('2D SPACE',''
  ) );
#4094 = PCURVE('',#4095,#4100);
#4095 = PLANE('',#4096);
#4096 = AXIS2_PLACEMENT_3D('',#4097,#4098,#4099);
#4097 = CARTESIAN_POINT('',(-19.95,-51.95,39.71));
#4098 = DIRECTION('',(0.,0.991695758116,-0.128606078142));
#4099 = DIRECTION('',(0.,-0.128606078142,-0.991695758116));
#4100 = DEFINITIONAL_REPRESENTATION('',(#4101),#4104);
#4101 = B_SPLINE_CURVE_WITH_KNOTS('',1,(#4102,#4103),.UNSPECIFIED.,.F.,
  .F.,(2,2),(9.975,40.075),.PIECEWISE_BEZIER_KNOTS.);
#4102 = CARTESIAN_POINT('',(1.008373779777E-02,0.));
#4103 = CARTESIAN_POINT('',(1.008373779777E-02,30.1));
#4104 = ( GEOMETRIC_REPRESENTATION_CONTEXT(2) 
PARAMETRIC_REPRESENTATION_CONTEXT() REPRESENTATION_CONTEXT('2D SPACE',''
  ) );
#4105 = ORIENTED_EDGE('',*,*,#4106,.F.);
#4106 = EDGE_CURVE('',#4029,#4081,#4107,.T.);
#4107 = SURFACE_CURVE('',#4108,(#4112,#4118),.PCURVE_S1.);
#4108 = LINE('',#4109,#4110);
#4109 = CARTESIAN_POINT('',(-19.95129682997,-40.025,39.7));
#4110 = VECTOR('',#4111,1.);
#4111 = DIRECTION('',(-0.,1.,0.));
#4112 = PCURVE('',#922,#4113);
#4113 = DEFINITIONAL_REPRESENTATION('',(#4114),#4117);
#4114 = B_SPLINE_CURVE_WITH_KNOTS('',1,(#4115,#4116),.UNSPECIFIED.,.F.,
  .F.,(2,2),(-40.025,-11.925),.PIECEWISE_BEZIER_KNOTS.);
#4115 = CARTESIAN_POINT('',(-19.95129682997,-80.05));
#4116 = CARTESIAN_POINT('',(-19.95129682997,-51.95));
#4117 = ( GEOMETRIC_REPRESENTATION_CONTEXT(2) 
PARAMETRIC_REPRESENTATION_CONTEXT() REPRESENTATION_CONTEXT('2D SPACE',''
  ) );
#4118 = PCURVE('',#4119,#4124);
#4119 = PLANE('',#4120);
#4120 = AXIS2_PLACEMENT_3D('',#4121,#4122,#4123);
#4121 = CARTESIAN_POINT('',(-19.95,-80.05,39.71));
#4122 = DIRECTION('',(0.991695758116,0.,-0.128606078142));
#4123 = DIRECTION('',(-0.128606078142,0.,-0.991695758116));
#4124 = DEFINITIONAL_REPRESENTATION('',(#4125),#4128);
#4125 = B_SPLINE_CURVE_WITH_KNOTS('',1,(#4126,#4127),.UNSPECIFIED.,.F.,
  .F.,(2,2),(-40.025,-11.925),.PIECEWISE_BEZIER_KNOTS.);
#4126 = CARTESIAN_POINT('',(1.008373779777E-02,0.));
#4127 = CARTESIAN_POINT('',(1.008373779777E-02,28.1));
#4128 = ( GEOMETRIC_REPRESENTATION_CONTEXT(2) 
PARAMETRIC_REPRESENTATION_CONTEXT() REPRESENTATION_CONTEXT('2D SPACE',''
  ) );
#4129 = FACE_BOUND('',#4130,.F.);
#4130 = EDGE_LOOP('',(#4131,#4159,#4185,#4211));
#4131 = ORIENTED_EDGE('',*,*,#4132,.F.);
#4132 = EDGE_CURVE('',#4133,#4135,#4137,.T.);
#4133 = VERTEX_POINT('',#4134);
#4134 = CARTESIAN_POINT('',(-85.04870317002,-47.04870317002,39.7));
#4135 = VERTEX_POINT('',#4136);
#4136 = CARTESIAN_POINT('',(-54.95129682997,-47.04870317002,39.7));
#4137 = SURFACE_CURVE('',#4138,(#4142,#4148),.PCURVE_S1.);
#4138 = LINE('',#4139,#4140);
#4139 = CARTESIAN_POINT('',(-42.525,-47.04870317002,39.7));
#4140 = VECTOR('',#4141,1.);
#4141 = DIRECTION('',(1.,0.,-0.));
#4142 = PCURVE('',#922,#4143);
#4143 = DEFINITIONAL_REPRESENTATION('',(#4144),#4147);
#4144 = B_SPLINE_CURVE_WITH_KNOTS('',1,(#4145,#4146),.UNSPECIFIED.,.F.,
  .F.,(2,2),(-42.525,-12.425),.PIECEWISE_BEZIER_KNOTS.);
#4145 = CARTESIAN_POINT('',(-85.05,-47.04870317002));
#4146 = CARTESIAN_POINT('',(-54.95,-47.04870317002));
#4147 = ( GEOMETRIC_REPRESENTATION_CONTEXT(2) 
PARAMETRIC_REPRESENTATION_CONTEXT() REPRESENTATION_CONTEXT('2D SPACE',''
  ) );
#4148 = PCURVE('',#4149,#4154);
#4149 = PLANE('',#4150);
#4150 = AXIS2_PLACEMENT_3D('',#4151,#4152,#4153);
#4151 = CARTESIAN_POINT('',(-85.05,-47.05,39.71));
#4152 = DIRECTION('',(0.,-0.991695758116,-0.128606078142));
#4153 = DIRECTION('',(0.,0.128606078142,-0.991695758116));
#4154 = DEFINITIONAL_REPRESENTATION('',(#4155),#4158);
#4155 = B_SPLINE_CURVE_WITH_KNOTS('',1,(#4156,#4157),.UNSPECIFIED.,.F.,
  .F.,(2,2),(-42.525,-12.425),.PIECEWISE_BEZIER_KNOTS.);
#4156 = CARTESIAN_POINT('',(1.008373779776E-02,0.));
#4157 = CARTESIAN_POINT('',(1.008373779776E-02,30.1));
#4158 = ( GEOMETRIC_REPRESENTATION_CONTEXT(2) 
PARAMETRIC_REPRESENTATION_CONTEXT() REPRESENTATION_CONTEXT('2D SPACE',''
  ) );
#4159 = ORIENTED_EDGE('',*,*,#4160,.F.);
#4160 = EDGE_CURVE('',#4161,#4133,#4163,.T.);
#4161 = VERTEX_POINT('',#4162);
#4162 = CARTESIAN_POINT('',(-85.04870317002,-18.95129682997,39.7));
#4163 = SURFACE_CURVE('',#4164,(#4168,#4174),.PCURVE_S1.);
#4164 = LINE('',#4165,#4166);
#4165 = CARTESIAN_POINT('',(-85.04870317002,-9.475,39.7));
#4166 = VECTOR('',#4167,1.);
#4167 = DIRECTION('',(0.,-1.,0.));
#4168 = PCURVE('',#922,#4169);
#4169 = DEFINITIONAL_REPRESENTATION('',(#4170),#4173);
#4170 = B_SPLINE_CURVE_WITH_KNOTS('',1,(#4171,#4172),.UNSPECIFIED.,.F.,
  .F.,(2,2),(9.475,37.575),.PIECEWISE_BEZIER_KNOTS.);
#4171 = CARTESIAN_POINT('',(-85.04870317002,-18.95));
#4172 = CARTESIAN_POINT('',(-85.04870317002,-47.05));
#4173 = ( GEOMETRIC_REPRESENTATION_CONTEXT(2) 
PARAMETRIC_REPRESENTATION_CONTEXT() REPRESENTATION_CONTEXT('2D SPACE',''
  ) );
#4174 = PCURVE('',#4175,#4180);
#4175 = PLANE('',#4176);
#4176 = AXIS2_PLACEMENT_3D('',#4177,#4178,#4179);
#4177 = CARTESIAN_POINT('',(-85.05,-18.95,39.71));
#4178 = DIRECTION('',(-0.991695758116,-0.,-0.128606078142));
#4179 = DIRECTION('',(0.128606078142,0.,-0.991695758116));
#4180 = DEFINITIONAL_REPRESENTATION('',(#4181),#4184);
#4181 = B_SPLINE_CURVE_WITH_KNOTS('',1,(#4182,#4183),.UNSPECIFIED.,.F.,
  .F.,(2,2),(9.475,37.575),.PIECEWISE_BEZIER_KNOTS.);
#4182 = CARTESIAN_POINT('',(1.008373779776E-02,0.));
#4183 = CARTESIAN_POINT('',(1.008373779776E-02,28.1));
#4184 = ( GEOMETRIC_REPRESENTATION_CONTEXT(2) 
PARAMETRIC_REPRESENTATION_CONTEXT() REPRESENTATION_CONTEXT('2D SPACE',''
  ) );
#4185 = ORIENTED_EDGE('',*,*,#4186,.F.);
#4186 = EDGE_CURVE('',#4187,#4161,#4189,.T.);
#4187 = VERTEX_POINT('',#4188);
#4188 = CARTESIAN_POINT('',(-54.95129682997,-18.95129682997,39.7));
#4189 = SURFACE_CURVE('',#4190,(#4194,#4200),.PCURVE_S1.);
#4190 = LINE('',#4191,#4192);
#4191 = CARTESIAN_POINT('',(-27.475,-18.95129682997,39.7));
#4192 = VECTOR('',#4193,1.);
#4193 = DIRECTION('',(-1.,0.,0.));
#4194 = PCURVE('',#922,#4195);
#4195 = DEFINITIONAL_REPRESENTATION('',(#4196),#4199);
#4196 = B_SPLINE_CURVE_WITH_KNOTS('',1,(#4197,#4198),.UNSPECIFIED.,.F.,
  .F.,(2,2),(27.475,57.575),.PIECEWISE_BEZIER_KNOTS.);
#4197 = CARTESIAN_POINT('',(-54.95,-18.95129682997));
#4198 = CARTESIAN_POINT('',(-85.05,-18.95129682997));
#4199 = ( GEOMETRIC_REPRESENTATION_CONTEXT(2) 
PARAMETRIC_REPRESENTATION_CONTEXT() REPRESENTATION_CONTEXT('2D SPACE',''
  ) );
#4200 = PCURVE('',#4201,#4206);
#4201 = PLANE('',#4202);
#4202 = AXIS2_PLACEMENT_3D('',#4203,#4204,#4205);
#4203 = CARTESIAN_POINT('',(-54.95,-18.95,39.71));
#4204 = DIRECTION('',(0.,0.991695758116,-0.128606078142));
#4205 = DIRECTION('',(0.,-0.128606078142,-0.991695758116));
#4206 = DEFINITIONAL_REPRESENTATION('',(#4207),#4210);
#4207 = B_SPLINE_CURVE_WITH_KNOTS('',1,(#4208,#4209),.UNSPECIFIED.,.F.,
  .F.,(2,2),(27.475,57.575),.PIECEWISE_BEZIER_KNOTS.);
#4208 = CARTESIAN_POINT('',(1.008373779776E-02,0.));
#4209 = CARTESIAN_POINT('',(1.008373779776E-02,30.1));
#4210 = ( GEOMETRIC_REPRESENTATION_CONTEXT(2) 
PARAMETRIC_REPRESENTATION_CONTEXT() REPRESENTATION_CONTEXT('2D SPACE',''
  ) );
#4211 = ORIENTED_EDGE('',*,*,#4212,.F.);
#4212 = EDGE_CURVE('',#4135,#4187,#4213,.T.);
#4213 = SURFACE_CURVE('',#4214,(#4218,#4224),.PCURVE_S1.);
#4214 = LINE('',#4215,#4216);
#4215 = CARTESIAN_POINT('',(-54.95129682997,-23.525,39.7));
#4216 = VECTOR('',#4217,1.);
#4217 = DIRECTION('',(-0.,1.,0.));
#4218 = PCURVE('',#922,#4219);
#4219 = DEFINITIONAL_REPRESENTATION('',(#4220),#4223);
#4220 = B_SPLINE_CURVE_WITH_KNOTS('',1,(#4221,#4222),.UNSPECIFIED.,.F.,
  .F.,(2,2),(-23.525,4.575),.PIECEWISE_BEZIER_KNOTS.);
#4221 = CARTESIAN_POINT('',(-54.95129682997,-47.05));
#4222 = CARTESIAN_POINT('',(-54.95129682997,-18.95));
#4223 = ( GEOMETRIC_REPRESENTATION_CONTEXT(2) 
PARAMETRIC_REPRESENTATION_CONTEXT() REPRESENTATION_CONTEXT('2D SPACE',''
  ) );
#4224 = PCURVE('',#4225,#4230);
#4225 = PLANE('',#4226);
#4226 = AXIS2_PLACEMENT_3D('',#4227,#4228,#4229);
#4227 = CARTESIAN_POINT('',(-54.95,-47.05,39.71));
#4228 = DIRECTION('',(0.991695758116,0.,-0.128606078142));
#4229 = DIRECTION('',(-0.128606078142,0.,-0.991695758116));
#4230 = DEFINITIONAL_REPRESENTATION('',(#4231),#4234);
#4231 = B_SPLINE_CURVE_WITH_KNOTS('',1,(#4232,#4233),.UNSPECIFIED.,.F.,
  .F.,(2,2),(-23.525,4.575),.PIECEWISE_BEZIER_KNOTS.);
#4232 = CARTESIAN_POINT('',(1.008373779776E-02,0.));
#4233 = CARTESIAN_POINT('',(1.008373779776E-02,28.1));
#4234 = ( GEOMETRIC_REPRESENTATION_CONTEXT(2) 
PARAMETRIC_REPRESENTATION_CONTEXT() REPRESENTATION_CONTEXT('2D SPACE',''
  ) );
#4235 = FACE_BOUND('',#4236,.F.);
#4236 = EDGE_LOOP('',(#4237,#4265,#4291,#4317));
#4237 = ORIENTED_EDGE('',*,*,#4238,.F.);
#4238 = EDGE_CURVE('',#4239,#4241,#4243,.T.);
#4239 = VERTEX_POINT('',#4240);
#4240 = CARTESIAN_POINT('',(-50.04870317002,-47.04870317002,39.7));
#4241 = VERTEX_POINT('',#4242);
#4242 = CARTESIAN_POINT('',(-19.95129682997,-47.04870317002,39.7));
#4243 = SURFACE_CURVE('',#4244,(#4248,#4254),.PCURVE_S1.);
#4244 = LINE('',#4245,#4246);
#4245 = CARTESIAN_POINT('',(-25.025,-47.04870317002,39.7));
#4246 = VECTOR('',#4247,1.);
#4247 = DIRECTION('',(1.,0.,-0.));
#4248 = PCURVE('',#922,#4249);
#4249 = DEFINITIONAL_REPRESENTATION('',(#4250),#4253);
#4250 = B_SPLINE_CURVE_WITH_KNOTS('',1,(#4251,#4252),.UNSPECIFIED.,.F.,
  .F.,(2,2),(-25.025,5.075),.PIECEWISE_BEZIER_KNOTS.);
#4251 = CARTESIAN_POINT('',(-50.05,-47.04870317002));
#4252 = CARTESIAN_POINT('',(-19.95,-47.04870317002));
#4253 = ( GEOMETRIC_REPRESENTATION_CONTEXT(2) 
PARAMETRIC_REPRESENTATION_CONTEXT() REPRESENTATION_CONTEXT('2D SPACE',''
  ) );
#4254 = PCURVE('',#4255,#4260);
#4255 = PLANE('',#4256);
#4256 = AXIS2_PLACEMENT_3D('',#4257,#4258,#4259);
#4257 = CARTESIAN_POINT('',(-50.05,-47.05,39.71));
#4258 = DIRECTION('',(0.,-0.991695758116,-0.128606078142));
#4259 = DIRECTION('',(0.,0.128606078142,-0.991695758116));
#4260 = DEFINITIONAL_REPRESENTATION('',(#4261),#4264);
#4261 = B_SPLINE_CURVE_WITH_KNOTS('',1,(#4262,#4263),.UNSPECIFIED.,.F.,
  .F.,(2,2),(-25.025,5.075),.PIECEWISE_BEZIER_KNOTS.);
#4262 = CARTESIAN_POINT('',(1.008373779777E-02,0.));
#4263 = CARTESIAN_POINT('',(1.008373779777E-02,30.1));
#4264 = ( GEOMETRIC_REPRESENTATION_CONTEXT(2) 
PARAMETRIC_REPRESENTATION_CONTEXT() REPRESENTATION_CONTEXT('2D SPACE',''
  ) );
#4265 = ORIENTED_EDGE('',*,*,#4266,.F.);
#4266 = EDGE_CURVE('',#4267,#4239,#4269,.T.);
#4267 = VERTEX_POINT('',#4268);
#4268 = CARTESIAN_POINT('',(-50.04870317002,-18.95129682997,39.7));
#4269 = SURFACE_CURVE('',#4270,(#4274,#4280),.PCURVE_S1.);
#4270 = LINE('',#4271,#4272);
#4271 = CARTESIAN_POINT('',(-50.04870317002,-9.475,39.7));
#4272 = VECTOR('',#4273,1.);
#4273 = DIRECTION('',(0.,-1.,0.));
#4274 = PCURVE('',#922,#4275);
#4275 = DEFINITIONAL_REPRESENTATION('',(#4276),#4279);
#4276 = B_SPLINE_CURVE_WITH_KNOTS('',1,(#4277,#4278),.UNSPECIFIED.,.F.,
  .F.,(2,2),(9.475,37.575),.PIECEWISE_BEZIER_KNOTS.);
#4277 = CARTESIAN_POINT('',(-50.04870317002,-18.95));
#4278 = CARTESIAN_POINT('',(-50.04870317002,-47.05));
#4279 = ( GEOMETRIC_REPRESENTATION_CONTEXT(2) 
PARAMETRIC_REPRESENTATION_CONTEXT() REPRESENTATION_CONTEXT('2D SPACE',''
  ) );
#4280 = PCURVE('',#4281,#4286);
#4281 = PLANE('',#4282);
#4282 = AXIS2_PLACEMENT_3D('',#4283,#4284,#4285);
#4283 = CARTESIAN_POINT('',(-50.05,-18.95,39.71));
#4284 = DIRECTION('',(-0.991695758116,-0.,-0.128606078142));
#4285 = DIRECTION('',(0.128606078142,0.,-0.991695758116));
#4286 = DEFINITIONAL_REPRESENTATION('',(#4287),#4290);
#4287 = B_SPLINE_CURVE_WITH_KNOTS('',1,(#4288,#4289),.UNSPECIFIED.,.F.,
  .F.,(2,2),(9.475,37.575),.PIECEWISE_BEZIER_KNOTS.);
#4288 = CARTESIAN_POINT('',(1.008373779777E-02,0.));
#4289 = CARTESIAN_POINT('',(1.008373779777E-02,28.1));
#4290 = ( GEOMETRIC_REPRESENTATION_CONTEXT(2) 
PARAMETRIC_REPRESENTATION_CONTEXT() REPRESENTATION_CONTEXT('2D SPACE',''
  ) );
#4291 = ORIENTED_EDGE('',*,*,#4292,.F.);
#4292 = EDGE_CURVE('',#4293,#4267,#4295,.T.);
#4293 = VERTEX_POINT('',#4294);
#4294 = CARTESIAN_POINT('',(-19.95129682997,-18.95129682997,39.7));
#4295 = SURFACE_CURVE('',#4296,(#4300,#4306),.PCURVE_S1.);
#4296 = LINE('',#4297,#4298);
#4297 = CARTESIAN_POINT('',(-9.975,-18.95129682997,39.7));
#4298 = VECTOR('',#4299,1.);
#4299 = DIRECTION('',(-1.,0.,0.));
#4300 = PCURVE('',#922,#4301);
#4301 = DEFINITIONAL_REPRESENTATION('',(#4302),#4305);
#4302 = B_SPLINE_CURVE_WITH_KNOTS('',1,(#4303,#4304),.UNSPECIFIED.,.F.,
  .F.,(2,2),(9.975,40.075),.PIECEWISE_BEZIER_KNOTS.);
#4303 = CARTESIAN_POINT('',(-19.95,-18.95129682997));
#4304 = CARTESIAN_POINT('',(-50.05,-18.95129682997));
#4305 = ( GEOMETRIC_REPRESENTATION_CONTEXT(2) 
PARAMETRIC_REPRESENTATION_CONTEXT() REPRESENTATION_CONTEXT('2D SPACE',''
  ) );
#4306 = PCURVE('',#4307,#4312);
#4307 = PLANE('',#4308);
#4308 = AXIS2_PLACEMENT_3D('',#4309,#4310,#4311);
#4309 = CARTESIAN_POINT('',(-19.95,-18.95,39.71));
#4310 = DIRECTION('',(0.,0.991695758116,-0.128606078142));
#4311 = DIRECTION('',(0.,-0.128606078142,-0.991695758116));
#4312 = DEFINITIONAL_REPRESENTATION('',(#4313),#4316);
#4313 = B_SPLINE_CURVE_WITH_KNOTS('',1,(#4314,#4315),.UNSPECIFIED.,.F.,
  .F.,(2,2),(9.975,40.075),.PIECEWISE_BEZIER_KNOTS.);
#4314 = CARTESIAN_POINT('',(1.008373779777E-02,0.));
#4315 = CARTESIAN_POINT('',(1.008373779777E-02,30.1));
#4316 = ( GEOMETRIC_REPRESENTATION_CONTEXT(2) 
PARAMETRIC_REPRESENTATION_CONTEXT() REPRESENTATION_CONTEXT('2D SPACE',''
  ) );
#4317 = ORIENTED_EDGE('',*,*,#4318,.F.);
#4318 = EDGE_CURVE('',#4241,#4293,#4319,.T.);
#4319 = SURFACE_CURVE('',#4320,(#4324,#4330),.PCURVE_S1.);
#4320 = LINE('',#4321,#4322);
#4321 = CARTESIAN_POINT('',(-19.95129682997,-23.525,39.7));
#4322 = VECTOR('',#4323,1.);
#4323 = DIRECTION('',(-0.,1.,0.));
#4324 = PCURVE('',#922,#4325);
#4325 = DEFINITIONAL_REPRESENTATION('',(#4326),#4329);
#4326 = B_SPLINE_CURVE_WITH_KNOTS('',1,(#4327,#4328),.UNSPECIFIED.,.F.,
  .F.,(2,2),(-23.525,4.575),.PIECEWISE_BEZIER_KNOTS.);
#4327 = CARTESIAN_POINT('',(-19.95129682997,-47.05));
#4328 = CARTESIAN_POINT('',(-19.95129682997,-18.95));
#4329 = ( GEOMETRIC_REPRESENTATION_CONTEXT(2) 
PARAMETRIC_REPRESENTATION_CONTEXT() REPRESENTATION_CONTEXT('2D SPACE',''
  ) );
#4330 = PCURVE('',#4331,#4336);
#4331 = PLANE('',#4332);
#4332 = AXIS2_PLACEMENT_3D('',#4333,#4334,#4335);
#4333 = CARTESIAN_POINT('',(-19.95,-47.05,39.71));
#4334 = DIRECTION('',(0.991695758116,0.,-0.128606078142));
#4335 = DIRECTION('',(-0.128606078142,0.,-0.991695758116));
#4336 = DEFINITIONAL_REPRESENTATION('',(#4337),#4340);
#4337 = B_SPLINE_CURVE_WITH_KNOTS('',1,(#4338,#4339),.UNSPECIFIED.,.F.,
  .F.,(2,2),(-23.525,4.575),.PIECEWISE_BEZIER_KNOTS.);
#4338 = CARTESIAN_POINT('',(1.008373779777E-02,0.));
#4339 = CARTESIAN_POINT('',(1.008373779777E-02,28.1));
#4340 = ( GEOMETRIC_REPRESENTATION_CONTEXT(2) 
PARAMETRIC_REPRESENTATION_CONTEXT() REPRESENTATION_CONTEXT('2D SPACE',''
  ) );
#4341 = FACE_BOUND('',#4342,.F.);
#4342 = EDGE_LOOP('',(#4343,#4371,#4397,#4423));
#4343 = ORIENTED_EDGE('',*,*,#4344,.F.);
#4344 = EDGE_CURVE('',#4345,#4347,#4349,.T.);
#4345 = VERTEX_POINT('',#4346);
#4346 = CARTESIAN_POINT('',(-15.04870317002,-80.04870317002,39.7));
#4347 = VERTEX_POINT('',#4348);
#4348 = CARTESIAN_POINT('',(15.048703170029,-80.04870317002,39.7));
#4349 = SURFACE_CURVE('',#4350,(#4354,#4360),.PCURVE_S1.);
#4350 = LINE('',#4351,#4352);
#4351 = CARTESIAN_POINT('',(-7.525,-80.04870317002,39.7));
#4352 = VECTOR('',#4353,1.);
#4353 = DIRECTION('',(1.,0.,-0.));
#4354 = PCURVE('',#922,#4355);
#4355 = DEFINITIONAL_REPRESENTATION('',(#4356),#4359);
#4356 = B_SPLINE_CURVE_WITH_KNOTS('',1,(#4357,#4358),.UNSPECIFIED.,.F.,
  .F.,(2,2),(-7.525,22.575),.PIECEWISE_BEZIER_KNOTS.);
#4357 = CARTESIAN_POINT('',(-15.05,-80.04870317002));
#4358 = CARTESIAN_POINT('',(15.05,-80.04870317002));
#4359 = ( GEOMETRIC_REPRESENTATION_CONTEXT(2) 
PARAMETRIC_REPRESENTATION_CONTEXT() REPRESENTATION_CONTEXT('2D SPACE',''
  ) );
#4360 = PCURVE('',#4361,#4366);
#4361 = PLANE('',#4362);
#4362 = AXIS2_PLACEMENT_3D('',#4363,#4364,#4365);
#4363 = CARTESIAN_POINT('',(-15.05,-80.05,39.71));
#4364 = DIRECTION('',(0.,-0.991695758116,-0.128606078142));
#4365 = DIRECTION('',(0.,0.128606078142,-0.991695758116));
#4366 = DEFINITIONAL_REPRESENTATION('',(#4367),#4370);
#4367 = B_SPLINE_CURVE_WITH_KNOTS('',1,(#4368,#4369),.UNSPECIFIED.,.F.,
  .F.,(2,2),(-7.525,22.575),.PIECEWISE_BEZIER_KNOTS.);
#4368 = CARTESIAN_POINT('',(1.008373779777E-02,0.));
#4369 = CARTESIAN_POINT('',(1.008373779777E-02,30.1));
#4370 = ( GEOMETRIC_REPRESENTATION_CONTEXT(2) 
PARAMETRIC_REPRESENTATION_CONTEXT() REPRESENTATION_CONTEXT('2D SPACE',''
  ) );
#4371 = ORIENTED_EDGE('',*,*,#4372,.F.);
#4372 = EDGE_CURVE('',#4373,#4345,#4375,.T.);
#4373 = VERTEX_POINT('',#4374);
#4374 = CARTESIAN_POINT('',(-15.04870317002,-51.95129682997,39.7));
#4375 = SURFACE_CURVE('',#4376,(#4380,#4386),.PCURVE_S1.);
#4376 = LINE('',#4377,#4378);
#4377 = CARTESIAN_POINT('',(-15.04870317002,-25.975,39.7));
#4378 = VECTOR('',#4379,1.);
#4379 = DIRECTION('',(0.,-1.,0.));
#4380 = PCURVE('',#922,#4381);
#4381 = DEFINITIONAL_REPRESENTATION('',(#4382),#4385);
#4382 = B_SPLINE_CURVE_WITH_KNOTS('',1,(#4383,#4384),.UNSPECIFIED.,.F.,
  .F.,(2,2),(25.975,54.075),.PIECEWISE_BEZIER_KNOTS.);
#4383 = CARTESIAN_POINT('',(-15.04870317002,-51.95));
#4384 = CARTESIAN_POINT('',(-15.04870317002,-80.05));
#4385 = ( GEOMETRIC_REPRESENTATION_CONTEXT(2) 
PARAMETRIC_REPRESENTATION_CONTEXT() REPRESENTATION_CONTEXT('2D SPACE',''
  ) );
#4386 = PCURVE('',#4387,#4392);
#4387 = PLANE('',#4388);
#4388 = AXIS2_PLACEMENT_3D('',#4389,#4390,#4391);
#4389 = CARTESIAN_POINT('',(-15.05,-51.95,39.71));
#4390 = DIRECTION('',(-0.991695758116,-0.,-0.128606078142));
#4391 = DIRECTION('',(0.128606078142,0.,-0.991695758116));
#4392 = DEFINITIONAL_REPRESENTATION('',(#4393),#4396);
#4393 = B_SPLINE_CURVE_WITH_KNOTS('',1,(#4394,#4395),.UNSPECIFIED.,.F.,
  .F.,(2,2),(25.975,54.075),.PIECEWISE_BEZIER_KNOTS.);
#4394 = CARTESIAN_POINT('',(1.008373779777E-02,0.));
#4395 = CARTESIAN_POINT('',(1.008373779777E-02,28.1));
#4396 = ( GEOMETRIC_REPRESENTATION_CONTEXT(2) 
PARAMETRIC_REPRESENTATION_CONTEXT() REPRESENTATION_CONTEXT('2D SPACE',''
  ) );
#4397 = ORIENTED_EDGE('',*,*,#4398,.F.);
#4398 = EDGE_CURVE('',#4399,#4373,#4401,.T.);
#4399 = VERTEX_POINT('',#4400);
#4400 = CARTESIAN_POINT('',(15.048703170029,-51.95129682997,39.7));
#4401 = SURFACE_CURVE('',#4402,(#4406,#4412),.PCURVE_S1.);
#4402 = LINE('',#4403,#4404);
#4403 = CARTESIAN_POINT('',(7.525,-51.95129682997,39.7));
#4404 = VECTOR('',#4405,1.);
#4405 = DIRECTION('',(-1.,0.,0.));
#4406 = PCURVE('',#922,#4407);
#4407 = DEFINITIONAL_REPRESENTATION('',(#4408),#4411);
#4408 = B_SPLINE_CURVE_WITH_KNOTS('',1,(#4409,#4410),.UNSPECIFIED.,.F.,
  .F.,(2,2),(-7.525,22.575),.PIECEWISE_BEZIER_KNOTS.);
#4409 = CARTESIAN_POINT('',(15.05,-51.95129682997));
#4410 = CARTESIAN_POINT('',(-15.05,-51.95129682997));
#4411 = ( GEOMETRIC_REPRESENTATION_CONTEXT(2) 
PARAMETRIC_REPRESENTATION_CONTEXT() REPRESENTATION_CONTEXT('2D SPACE',''
  ) );
#4412 = PCURVE('',#4413,#4418);
#4413 = PLANE('',#4414);
#4414 = AXIS2_PLACEMENT_3D('',#4415,#4416,#4417);
#4415 = CARTESIAN_POINT('',(15.05,-51.95,39.71));
#4416 = DIRECTION('',(0.,0.991695758116,-0.128606078142));
#4417 = DIRECTION('',(0.,-0.128606078142,-0.991695758116));
#4418 = DEFINITIONAL_REPRESENTATION('',(#4419),#4422);
#4419 = B_SPLINE_CURVE_WITH_KNOTS('',1,(#4420,#4421),.UNSPECIFIED.,.F.,
  .F.,(2,2),(-7.525,22.575),.PIECEWISE_BEZIER_KNOTS.);
#4420 = CARTESIAN_POINT('',(1.008373779777E-02,0.));
#4421 = CARTESIAN_POINT('',(1.008373779777E-02,30.1));
#4422 = ( GEOMETRIC_REPRESENTATION_CONTEXT(2) 
PARAMETRIC_REPRESENTATION_CONTEXT() REPRESENTATION_CONTEXT('2D SPACE',''
  ) );
#4423 = ORIENTED_EDGE('',*,*,#4424,.F.);
#4424 = EDGE_CURVE('',#4347,#4399,#4425,.T.);
#4425 = SURFACE_CURVE('',#4426,(#4430,#4436),.PCURVE_S1.);
#4426 = LINE('',#4427,#4428);
#4427 = CARTESIAN_POINT('',(15.048703170029,-40.025,39.7));
#4428 = VECTOR('',#4429,1.);
#4429 = DIRECTION('',(-0.,1.,0.));
#4430 = PCURVE('',#922,#4431);
#4431 = DEFINITIONAL_REPRESENTATION('',(#4432),#4435);
#4432 = B_SPLINE_CURVE_WITH_KNOTS('',1,(#4433,#4434),.UNSPECIFIED.,.F.,
  .F.,(2,2),(-40.025,-11.925),.PIECEWISE_BEZIER_KNOTS.);
#4433 = CARTESIAN_POINT('',(15.048703170029,-80.05));
#4434 = CARTESIAN_POINT('',(15.048703170029,-51.95));
#4435 = ( GEOMETRIC_REPRESENTATION_CONTEXT(2) 
PARAMETRIC_REPRESENTATION_CONTEXT() REPRESENTATION_CONTEXT('2D SPACE',''
  ) );
#4436 = PCURVE('',#4437,#4442);
#4437 = PLANE('',#4438);
#4438 = AXIS2_PLACEMENT_3D('',#4439,#4440,#4441);
#4439 = CARTESIAN_POINT('',(15.05,-80.05,39.71));
#4440 = DIRECTION('',(0.991695758116,0.,-0.128606078142));
#4441 = DIRECTION('',(-0.128606078142,0.,-0.991695758116));
#4442 = DEFINITIONAL_REPRESENTATION('',(#4443),#4446);
#4443 = B_SPLINE_CURVE_WITH_KNOTS('',1,(#4444,#4445),.UNSPECIFIED.,.F.,
  .F.,(2,2),(-40.025,-11.925),.PIECEWISE_BEZIER_KNOTS.);
#4444 = CARTESIAN_POINT('',(1.008373779777E-02,0.));
#4445 = CARTESIAN_POINT('',(1.008373779777E-02,28.1));
#4446 = ( GEOMETRIC_REPRESENTATION_CONTEXT(2) 
PARAMETRIC_REPRESENTATION_CONTEXT() REPRESENTATION_CONTEXT('2D SPACE',''
  ) );
#4447 = FACE_BOUND('',#4448,.F.);
#4448 = EDGE_LOOP('',(#4449,#4477,#4503,#4529));
#4449 = ORIENTED_EDGE('',*,*,#4450,.F.);
#4450 = EDGE_CURVE('',#4451,#4453,#4455,.T.);
#4451 = VERTEX_POINT('',#4452);
#4452 = CARTESIAN_POINT('',(19.951296829971,-80.04870317002,39.7));
#4453 = VERTEX_POINT('',#4454);
#4454 = CARTESIAN_POINT('',(50.048703170029,-80.04870317002,39.7));
#4455 = SURFACE_CURVE('',#4456,(#4460,#4466),.PCURVE_S1.);
#4456 = LINE('',#4457,#4458);
#4457 = CARTESIAN_POINT('',(9.975,-80.04870317002,39.7));
#4458 = VECTOR('',#4459,1.);
#4459 = DIRECTION('',(1.,0.,-0.));
#4460 = PCURVE('',#922,#4461);
#4461 = DEFINITIONAL_REPRESENTATION('',(#4462),#4465);
#4462 = B_SPLINE_CURVE_WITH_KNOTS('',1,(#4463,#4464),.UNSPECIFIED.,.F.,
  .F.,(2,2),(9.975,40.075),.PIECEWISE_BEZIER_KNOTS.);
#4463 = CARTESIAN_POINT('',(19.95,-80.04870317002));
#4464 = CARTESIAN_POINT('',(50.05,-80.04870317002));
#4465 = ( GEOMETRIC_REPRESENTATION_CONTEXT(2) 
PARAMETRIC_REPRESENTATION_CONTEXT() REPRESENTATION_CONTEXT('2D SPACE',''
  ) );
#4466 = PCURVE('',#4467,#4472);
#4467 = PLANE('',#4468);
#4468 = AXIS2_PLACEMENT_3D('',#4469,#4470,#4471);
#4469 = CARTESIAN_POINT('',(19.95,-80.05,39.71));
#4470 = DIRECTION('',(0.,-0.991695758116,-0.128606078142));
#4471 = DIRECTION('',(0.,0.128606078142,-0.991695758116));
#4472 = DEFINITIONAL_REPRESENTATION('',(#4473),#4476);
#4473 = B_SPLINE_CURVE_WITH_KNOTS('',1,(#4474,#4475),.UNSPECIFIED.,.F.,
  .F.,(2,2),(9.975,40.075),.PIECEWISE_BEZIER_KNOTS.);
#4474 = CARTESIAN_POINT('',(1.008373779777E-02,0.));
#4475 = CARTESIAN_POINT('',(1.008373779777E-02,30.1));
#4476 = ( GEOMETRIC_REPRESENTATION_CONTEXT(2) 
PARAMETRIC_REPRESENTATION_CONTEXT() REPRESENTATION_CONTEXT('2D SPACE',''
  ) );
#4477 = ORIENTED_EDGE('',*,*,#4478,.F.);
#4478 = EDGE_CURVE('',#4479,#4451,#4481,.T.);
#4479 = VERTEX_POINT('',#4480);
#4480 = CARTESIAN_POINT('',(19.951296829971,-51.95129682997,39.7));
#4481 = SURFACE_CURVE('',#4482,(#4486,#4492),.PCURVE_S1.);
#4482 = LINE('',#4483,#4484);
#4483 = CARTESIAN_POINT('',(19.951296829971,-25.975,39.7));
#4484 = VECTOR('',#4485,1.);
#4485 = DIRECTION('',(0.,-1.,0.));
#4486 = PCURVE('',#922,#4487);
#4487 = DEFINITIONAL_REPRESENTATION('',(#4488),#4491);
#4488 = B_SPLINE_CURVE_WITH_KNOTS('',1,(#4489,#4490),.UNSPECIFIED.,.F.,
  .F.,(2,2),(25.975,54.075),.PIECEWISE_BEZIER_KNOTS.);
#4489 = CARTESIAN_POINT('',(19.951296829971,-51.95));
#4490 = CARTESIAN_POINT('',(19.951296829971,-80.05));
#4491 = ( GEOMETRIC_REPRESENTATION_CONTEXT(2) 
PARAMETRIC_REPRESENTATION_CONTEXT() REPRESENTATION_CONTEXT('2D SPACE',''
  ) );
#4492 = PCURVE('',#4493,#4498);
#4493 = PLANE('',#4494);
#4494 = AXIS2_PLACEMENT_3D('',#4495,#4496,#4497);
#4495 = CARTESIAN_POINT('',(19.95,-51.95,39.71));
#4496 = DIRECTION('',(-0.991695758116,-0.,-0.128606078142));
#4497 = DIRECTION('',(0.128606078142,0.,-0.991695758116));
#4498 = DEFINITIONAL_REPRESENTATION('',(#4499),#4502);
#4499 = B_SPLINE_CURVE_WITH_KNOTS('',1,(#4500,#4501),.UNSPECIFIED.,.F.,
  .F.,(2,2),(25.975,54.075),.PIECEWISE_BEZIER_KNOTS.);
#4500 = CARTESIAN_POINT('',(1.008373779777E-02,0.));
#4501 = CARTESIAN_POINT('',(1.008373779777E-02,28.1));
#4502 = ( GEOMETRIC_REPRESENTATION_CONTEXT(2) 
PARAMETRIC_REPRESENTATION_CONTEXT() REPRESENTATION_CONTEXT('2D SPACE',''
  ) );
#4503 = ORIENTED_EDGE('',*,*,#4504,.F.);
#4504 = EDGE_CURVE('',#4505,#4479,#4507,.T.);
#4505 = VERTEX_POINT('',#4506);
#4506 = CARTESIAN_POINT('',(50.048703170029,-51.95129682997,39.7));
#4507 = SURFACE_CURVE('',#4508,(#4512,#4518),.PCURVE_S1.);
#4508 = LINE('',#4509,#4510);
#4509 = CARTESIAN_POINT('',(25.025,-51.95129682997,39.7));
#4510 = VECTOR('',#4511,1.);
#4511 = DIRECTION('',(-1.,0.,0.));
#4512 = PCURVE('',#922,#4513);
#4513 = DEFINITIONAL_REPRESENTATION('',(#4514),#4517);
#4514 = B_SPLINE_CURVE_WITH_KNOTS('',1,(#4515,#4516),.UNSPECIFIED.,.F.,
  .F.,(2,2),(-25.025,5.075),.PIECEWISE_BEZIER_KNOTS.);
#4515 = CARTESIAN_POINT('',(50.05,-51.95129682997));
#4516 = CARTESIAN_POINT('',(19.95,-51.95129682997));
#4517 = ( GEOMETRIC_REPRESENTATION_CONTEXT(2) 
PARAMETRIC_REPRESENTATION_CONTEXT() REPRESENTATION_CONTEXT('2D SPACE',''
  ) );
#4518 = PCURVE('',#4519,#4524);
#4519 = PLANE('',#4520);
#4520 = AXIS2_PLACEMENT_3D('',#4521,#4522,#4523);
#4521 = CARTESIAN_POINT('',(50.05,-51.95,39.71));
#4522 = DIRECTION('',(0.,0.991695758116,-0.128606078142));
#4523 = DIRECTION('',(0.,-0.128606078142,-0.991695758116));
#4524 = DEFINITIONAL_REPRESENTATION('',(#4525),#4528);
#4525 = B_SPLINE_CURVE_WITH_KNOTS('',1,(#4526,#4527),.UNSPECIFIED.,.F.,
  .F.,(2,2),(-25.025,5.075),.PIECEWISE_BEZIER_KNOTS.);
#4526 = CARTESIAN_POINT('',(1.008373779777E-02,0.));
#4527 = CARTESIAN_POINT('',(1.008373779777E-02,30.1));
#4528 = ( GEOMETRIC_REPRESENTATION_CONTEXT(2) 
PARAMETRIC_REPRESENTATION_CONTEXT() REPRESENTATION_CONTEXT('2D SPACE',''
  ) );
#4529 = ORIENTED_EDGE('',*,*,#4530,.F.);
#4530 = EDGE_CURVE('',#4453,#4505,#4531,.T.);
#4531 = SURFACE_CURVE('',#4532,(#4536,#4542),.PCURVE_S1.);
#4532 = LINE('',#4533,#4534);
#4533 = CARTESIAN_POINT('',(50.048703170029,-40.025,39.7));
#4534 = VECTOR('',#4535,1.);
#4535 = DIRECTION('',(-0.,1.,0.));
#4536 = PCURVE('',#922,#4537);
#4537 = DEFINITIONAL_REPRESENTATION('',(#4538),#4541);
#4538 = B_SPLINE_CURVE_WITH_KNOTS('',1,(#4539,#4540),.UNSPECIFIED.,.F.,
  .F.,(2,2),(-40.025,-11.925),.PIECEWISE_BEZIER_KNOTS.);
#4539 = CARTESIAN_POINT('',(50.048703170029,-80.05));
#4540 = CARTESIAN_POINT('',(50.048703170029,-51.95));
#4541 = ( GEOMETRIC_REPRESENTATION_CONTEXT(2) 
PARAMETRIC_REPRESENTATION_CONTEXT() REPRESENTATION_CONTEXT('2D SPACE',''
  ) );
#4542 = PCURVE('',#4543,#4548);
#4543 = PLANE('',#4544);
#4544 = AXIS2_PLACEMENT_3D('',#4545,#4546,#4547);
#4545 = CARTESIAN_POINT('',(50.05,-80.05,39.71));
#4546 = DIRECTION('',(0.991695758116,0.,-0.128606078142));
#4547 = DIRECTION('',(-0.128606078142,0.,-0.991695758116));
#4548 = DEFINITIONAL_REPRESENTATION('',(#4549),#4552);
#4549 = B_SPLINE_CURVE_WITH_KNOTS('',1,(#4550,#4551),.UNSPECIFIED.,.F.,
  .F.,(2,2),(-40.025,-11.925),.PIECEWISE_BEZIER_KNOTS.);
#4550 = CARTESIAN_POINT('',(1.008373779777E-02,0.));
#4551 = CARTESIAN_POINT('',(1.008373779777E-02,28.1));
#4552 = ( GEOMETRIC_REPRESENTATION_CONTEXT(2) 
PARAMETRIC_REPRESENTATION_CONTEXT() REPRESENTATION_CONTEXT('2D SPACE',''
  ) );
#4553 = FACE_BOUND('',#4554,.F.);
#4554 = EDGE_LOOP('',(#4555,#4583,#4609,#4635));
#4555 = ORIENTED_EDGE('',*,*,#4556,.F.);
#4556 = EDGE_CURVE('',#4557,#4559,#4561,.T.);
#4557 = VERTEX_POINT('',#4558);
#4558 = CARTESIAN_POINT('',(54.951296829971,-80.04870317002,39.7));
#4559 = VERTEX_POINT('',#4560);
#4560 = CARTESIAN_POINT('',(85.048703170029,-80.04870317002,39.7));
#4561 = SURFACE_CURVE('',#4562,(#4566,#4572),.PCURVE_S1.);
#4562 = LINE('',#4563,#4564);
#4563 = CARTESIAN_POINT('',(27.475,-80.04870317002,39.7));
#4564 = VECTOR('',#4565,1.);
#4565 = DIRECTION('',(1.,0.,-0.));
#4566 = PCURVE('',#922,#4567);
#4567 = DEFINITIONAL_REPRESENTATION('',(#4568),#4571);
#4568 = B_SPLINE_CURVE_WITH_KNOTS('',1,(#4569,#4570),.UNSPECIFIED.,.F.,
  .F.,(2,2),(27.475,57.575),.PIECEWISE_BEZIER_KNOTS.);
#4569 = CARTESIAN_POINT('',(54.95,-80.04870317002));
#4570 = CARTESIAN_POINT('',(85.05,-80.04870317002));
#4571 = ( GEOMETRIC_REPRESENTATION_CONTEXT(2) 
PARAMETRIC_REPRESENTATION_CONTEXT() REPRESENTATION_CONTEXT('2D SPACE',''
  ) );
#4572 = PCURVE('',#4573,#4578);
#4573 = PLANE('',#4574);
#4574 = AXIS2_PLACEMENT_3D('',#4575,#4576,#4577);
#4575 = CARTESIAN_POINT('',(54.95,-80.05,39.71));
#4576 = DIRECTION('',(0.,-0.991695758116,-0.128606078142));
#4577 = DIRECTION('',(0.,0.128606078142,-0.991695758116));
#4578 = DEFINITIONAL_REPRESENTATION('',(#4579),#4582);
#4579 = B_SPLINE_CURVE_WITH_KNOTS('',1,(#4580,#4581),.UNSPECIFIED.,.F.,
  .F.,(2,2),(27.475,57.575),.PIECEWISE_BEZIER_KNOTS.);
#4580 = CARTESIAN_POINT('',(1.008373779776E-02,0.));
#4581 = CARTESIAN_POINT('',(1.008373779776E-02,30.1));
#4582 = ( GEOMETRIC_REPRESENTATION_CONTEXT(2) 
PARAMETRIC_REPRESENTATION_CONTEXT() REPRESENTATION_CONTEXT('2D SPACE',''
  ) );
#4583 = ORIENTED_EDGE('',*,*,#4584,.F.);
#4584 = EDGE_CURVE('',#4585,#4557,#4587,.T.);
#4585 = VERTEX_POINT('',#4586);
#4586 = CARTESIAN_POINT('',(54.951296829971,-51.95129682997,39.7));
#4587 = SURFACE_CURVE('',#4588,(#4592,#4598),.PCURVE_S1.);
#4588 = LINE('',#4589,#4590);
#4589 = CARTESIAN_POINT('',(54.951296829971,-25.975,39.7));
#4590 = VECTOR('',#4591,1.);
#4591 = DIRECTION('',(0.,-1.,0.));
#4592 = PCURVE('',#922,#4593);
#4593 = DEFINITIONAL_REPRESENTATION('',(#4594),#4597);
#4594 = B_SPLINE_CURVE_WITH_KNOTS('',1,(#4595,#4596),.UNSPECIFIED.,.F.,
  .F.,(2,2),(25.975,54.075),.PIECEWISE_BEZIER_KNOTS.);
#4595 = CARTESIAN_POINT('',(54.951296829971,-51.95));
#4596 = CARTESIAN_POINT('',(54.951296829971,-80.05));
#4597 = ( GEOMETRIC_REPRESENTATION_CONTEXT(2) 
PARAMETRIC_REPRESENTATION_CONTEXT() REPRESENTATION_CONTEXT('2D SPACE',''
  ) );
#4598 = PCURVE('',#4599,#4604);
#4599 = PLANE('',#4600);
#4600 = AXIS2_PLACEMENT_3D('',#4601,#4602,#4603);
#4601 = CARTESIAN_POINT('',(54.95,-51.95,39.71));
#4602 = DIRECTION('',(-0.991695758116,-0.,-0.128606078142));
#4603 = DIRECTION('',(0.128606078142,0.,-0.991695758116));
#4604 = DEFINITIONAL_REPRESENTATION('',(#4605),#4608);
#4605 = B_SPLINE_CURVE_WITH_KNOTS('',1,(#4606,#4607),.UNSPECIFIED.,.F.,
  .F.,(2,2),(25.975,54.075),.PIECEWISE_BEZIER_KNOTS.);
#4606 = CARTESIAN_POINT('',(1.008373779776E-02,0.));
#4607 = CARTESIAN_POINT('',(1.008373779776E-02,28.1));
#4608 = ( GEOMETRIC_REPRESENTATION_CONTEXT(2) 
PARAMETRIC_REPRESENTATION_CONTEXT() REPRESENTATION_CONTEXT('2D SPACE',''
  ) );
#4609 = ORIENTED_EDGE('',*,*,#4610,.F.);
#4610 = EDGE_CURVE('',#4611,#4585,#4613,.T.);
#4611 = VERTEX_POINT('',#4612);
#4612 = CARTESIAN_POINT('',(85.048703170029,-51.95129682997,39.7));
#4613 = SURFACE_CURVE('',#4614,(#4618,#4624),.PCURVE_S1.);
#4614 = LINE('',#4615,#4616);
#4615 = CARTESIAN_POINT('',(42.525,-51.95129682997,39.7));
#4616 = VECTOR('',#4617,1.);
#4617 = DIRECTION('',(-1.,0.,0.));
#4618 = PCURVE('',#922,#4619);
#4619 = DEFINITIONAL_REPRESENTATION('',(#4620),#4623);
#4620 = B_SPLINE_CURVE_WITH_KNOTS('',1,(#4621,#4622),.UNSPECIFIED.,.F.,
  .F.,(2,2),(-42.525,-12.425),.PIECEWISE_BEZIER_KNOTS.);
#4621 = CARTESIAN_POINT('',(85.05,-51.95129682997));
#4622 = CARTESIAN_POINT('',(54.95,-51.95129682997));
#4623 = ( GEOMETRIC_REPRESENTATION_CONTEXT(2) 
PARAMETRIC_REPRESENTATION_CONTEXT() REPRESENTATION_CONTEXT('2D SPACE',''
  ) );
#4624 = PCURVE('',#4625,#4630);
#4625 = PLANE('',#4626);
#4626 = AXIS2_PLACEMENT_3D('',#4627,#4628,#4629);
#4627 = CARTESIAN_POINT('',(85.05,-51.95,39.71));
#4628 = DIRECTION('',(0.,0.991695758116,-0.128606078142));
#4629 = DIRECTION('',(0.,-0.128606078142,-0.991695758116));
#4630 = DEFINITIONAL_REPRESENTATION('',(#4631),#4634);
#4631 = B_SPLINE_CURVE_WITH_KNOTS('',1,(#4632,#4633),.UNSPECIFIED.,.F.,
  .F.,(2,2),(-42.525,-12.425),.PIECEWISE_BEZIER_KNOTS.);
#4632 = CARTESIAN_POINT('',(1.008373779776E-02,0.));
#4633 = CARTESIAN_POINT('',(1.008373779776E-02,30.1));
#4634 = ( GEOMETRIC_REPRESENTATION_CONTEXT(2) 
PARAMETRIC_REPRESENTATION_CONTEXT() REPRESENTATION_CONTEXT('2D SPACE',''
  ) );
#4635 = ORIENTED_EDGE('',*,*,#4636,.F.);
#4636 = EDGE_CURVE('',#4559,#4611,#4637,.T.);
#4637 = SURFACE_CURVE('',#4638,(#4642,#4648),.PCURVE_S1.);
#4638 = LINE('',#4639,#4640);
#4639 = CARTESIAN_POINT('',(85.048703170029,-40.025,39.7));
#4640 = VECTOR('',#4641,1.);
#4641 = DIRECTION('',(-0.,1.,0.));
#4642 = PCURVE('',#922,#4643);
#4643 = DEFINITIONAL_REPRESENTATION('',(#4644),#4647);
#4644 = B_SPLINE_CURVE_WITH_KNOTS('',1,(#4645,#4646),.UNSPECIFIED.,.F.,
  .F.,(2,2),(-40.025,-11.925),.PIECEWISE_BEZIER_KNOTS.);
#4645 = CARTESIAN_POINT('',(85.048703170029,-80.05));
#4646 = CARTESIAN_POINT('',(85.048703170029,-51.95));
#4647 = ( GEOMETRIC_REPRESENTATION_CONTEXT(2) 
PARAMETRIC_REPRESENTATION_CONTEXT() REPRESENTATION_CONTEXT('2D SPACE',''
  ) );
#4648 = PCURVE('',#4649,#4654);
#4649 = PLANE('',#4650);
#4650 = AXIS2_PLACEMENT_3D('',#4651,#4652,#4653);
#4651 = CARTESIAN_POINT('',(85.05,-80.05,39.71));
#4652 = DIRECTION('',(0.991695758116,0.,-0.128606078142));
#4653 = DIRECTION('',(-0.128606078142,0.,-0.991695758116));
#4654 = DEFINITIONAL_REPRESENTATION('',(#4655),#4658);
#4655 = B_SPLINE_CURVE_WITH_KNOTS('',1,(#4656,#4657),.UNSPECIFIED.,.F.,
  .F.,(2,2),(-40.025,-11.925),.PIECEWISE_BEZIER_KNOTS.);
#4656 = CARTESIAN_POINT('',(1.008373779776E-02,0.));
#4657 = CARTESIAN_POINT('',(1.008373779776E-02,28.1));
#4658 = ( GEOMETRIC_REPRESENTATION_CONTEXT(2) 
PARAMETRIC_REPRESENTATION_CONTEXT() REPRESENTATION_CONTEXT('2D SPACE',''
  ) );
#4659 = FACE_BOUND('',#4660,.F.);
#4660 = EDGE_LOOP('',(#4661,#4689,#4715,#4741));
#4661 = ORIENTED_EDGE('',*,*,#4662,.F.);
#4662 = EDGE_CURVE('',#4663,#4665,#4667,.T.);
#4663 = VERTEX_POINT('',#4664);
#4664 = CARTESIAN_POINT('',(-15.04870317002,-47.04870317002,39.7));
#4665 = VERTEX_POINT('',#4666);
#4666 = CARTESIAN_POINT('',(15.048703170029,-47.04870317002,39.7));
#4667 = SURFACE_CURVE('',#4668,(#4672,#4678),.PCURVE_S1.);
#4668 = LINE('',#4669,#4670);
#4669 = CARTESIAN_POINT('',(-7.525,-47.04870317002,39.7));
#4670 = VECTOR('',#4671,1.);
#4671 = DIRECTION('',(1.,0.,-0.));
#4672 = PCURVE('',#922,#4673);
#4673 = DEFINITIONAL_REPRESENTATION('',(#4674),#4677);
#4674 = B_SPLINE_CURVE_WITH_KNOTS('',1,(#4675,#4676),.UNSPECIFIED.,.F.,
  .F.,(2,2),(-7.525,22.575),.PIECEWISE_BEZIER_KNOTS.);
#4675 = CARTESIAN_POINT('',(-15.05,-47.04870317002));
#4676 = CARTESIAN_POINT('',(15.05,-47.04870317002));
#4677 = ( GEOMETRIC_REPRESENTATION_CONTEXT(2) 
PARAMETRIC_REPRESENTATION_CONTEXT() REPRESENTATION_CONTEXT('2D SPACE',''
  ) );
#4678 = PCURVE('',#4679,#4684);
#4679 = PLANE('',#4680);
#4680 = AXIS2_PLACEMENT_3D('',#4681,#4682,#4683);
#4681 = CARTESIAN_POINT('',(-15.05,-47.05,39.71));
#4682 = DIRECTION('',(0.,-0.991695758116,-0.128606078142));
#4683 = DIRECTION('',(0.,0.128606078142,-0.991695758116));
#4684 = DEFINITIONAL_REPRESENTATION('',(#4685),#4688);
#4685 = B_SPLINE_CURVE_WITH_KNOTS('',1,(#4686,#4687),.UNSPECIFIED.,.F.,
  .F.,(2,2),(-7.525,22.575),.PIECEWISE_BEZIER_KNOTS.);
#4686 = CARTESIAN_POINT('',(1.008373779777E-02,0.));
#4687 = CARTESIAN_POINT('',(1.008373779777E-02,30.1));
#4688 = ( GEOMETRIC_REPRESENTATION_CONTEXT(2) 
PARAMETRIC_REPRESENTATION_CONTEXT() REPRESENTATION_CONTEXT('2D SPACE',''
  ) );
#4689 = ORIENTED_EDGE('',*,*,#4690,.F.);
#4690 = EDGE_CURVE('',#4691,#4663,#4693,.T.);
#4691 = VERTEX_POINT('',#4692);
#4692 = CARTESIAN_POINT('',(-15.04870317002,-18.95129682997,39.7));
#4693 = SURFACE_CURVE('',#4694,(#4698,#4704),.PCURVE_S1.);
#4694 = LINE('',#4695,#4696);
#4695 = CARTESIAN_POINT('',(-15.04870317002,-9.475,39.7));
#4696 = VECTOR('',#4697,1.);
#4697 = DIRECTION('',(0.,-1.,0.));
#4698 = PCURVE('',#922,#4699);
#4699 = DEFINITIONAL_REPRESENTATION('',(#4700),#4703);
#4700 = B_SPLINE_CURVE_WITH_KNOTS('',1,(#4701,#4702),.UNSPECIFIED.,.F.,
  .F.,(2,2),(9.475,37.575),.PIECEWISE_BEZIER_KNOTS.);
#4701 = CARTESIAN_POINT('',(-15.04870317002,-18.95));
#4702 = CARTESIAN_POINT('',(-15.04870317002,-47.05));
#4703 = ( GEOMETRIC_REPRESENTATION_CONTEXT(2) 
PARAMETRIC_REPRESENTATION_CONTEXT() REPRESENTATION_CONTEXT('2D SPACE',''
  ) );
#4704 = PCURVE('',#4705,#4710);
#4705 = PLANE('',#4706);
#4706 = AXIS2_PLACEMENT_3D('',#4707,#4708,#4709);
#4707 = CARTESIAN_POINT('',(-15.05,-18.95,39.71));
#4708 = DIRECTION('',(-0.991695758116,-0.,-0.128606078142));
#4709 = DIRECTION('',(0.128606078142,0.,-0.991695758116));
#4710 = DEFINITIONAL_REPRESENTATION('',(#4711),#4714);
#4711 = B_SPLINE_CURVE_WITH_KNOTS('',1,(#4712,#4713),.UNSPECIFIED.,.F.,
  .F.,(2,2),(9.475,37.575),.PIECEWISE_BEZIER_KNOTS.);
#4712 = CARTESIAN_POINT('',(1.008373779777E-02,0.));
#4713 = CARTESIAN_POINT('',(1.008373779777E-02,28.1));
#4714 = ( GEOMETRIC_REPRESENTATION_CONTEXT(2) 
PARAMETRIC_REPRESENTATION_CONTEXT() REPRESENTATION_CONTEXT('2D SPACE',''
  ) );
#4715 = ORIENTED_EDGE('',*,*,#4716,.F.);
#4716 = EDGE_CURVE('',#4717,#4691,#4719,.T.);
#4717 = VERTEX_POINT('',#4718);
#4718 = CARTESIAN_POINT('',(15.048703170029,-18.95129682997,39.7));
#4719 = SURFACE_CURVE('',#4720,(#4724,#4730),.PCURVE_S1.);
#4720 = LINE('',#4721,#4722);
#4721 = CARTESIAN_POINT('',(7.525,-18.95129682997,39.7));
#4722 = VECTOR('',#4723,1.);
#4723 = DIRECTION('',(-1.,0.,0.));
#4724 = PCURVE('',#922,#4725);
#4725 = DEFINITIONAL_REPRESENTATION('',(#4726),#4729);
#4726 = B_SPLINE_CURVE_WITH_KNOTS('',1,(#4727,#4728),.UNSPECIFIED.,.F.,
  .F.,(2,2),(-7.525,22.575),.PIECEWISE_BEZIER_KNOTS.);
#4727 = CARTESIAN_POINT('',(15.05,-18.95129682997));
#4728 = CARTESIAN_POINT('',(-15.05,-18.95129682997));
#4729 = ( GEOMETRIC_REPRESENTATION_CONTEXT(2) 
PARAMETRIC_REPRESENTATION_CONTEXT() REPRESENTATION_CONTEXT('2D SPACE',''
  ) );
#4730 = PCURVE('',#4731,#4736);
#4731 = PLANE('',#4732);
#4732 = AXIS2_PLACEMENT_3D('',#4733,#4734,#4735);
#4733 = CARTESIAN_POINT('',(15.05,-18.95,39.71));
#4734 = DIRECTION('',(0.,0.991695758116,-0.128606078142));
#4735 = DIRECTION('',(0.,-0.128606078142,-0.991695758116));
#4736 = DEFINITIONAL_REPRESENTATION('',(#4737),#4740);
#4737 = B_SPLINE_CURVE_WITH_KNOTS('',1,(#4738,#4739),.UNSPECIFIED.,.F.,
  .F.,(2,2),(-7.525,22.575),.PIECEWISE_BEZIER_KNOTS.);
#4738 = CARTESIAN_POINT('',(1.008373779777E-02,0.));
#4739 = CARTESIAN_POINT('',(1.008373779777E-02,30.1));
#4740 = ( GEOMETRIC_REPRESENTATION_CONTEXT(2) 
PARAMETRIC_REPRESENTATION_CONTEXT() REPRESENTATION_CONTEXT('2D SPACE',''
  ) );
#4741 = ORIENTED_EDGE('',*,*,#4742,.F.);
#4742 = EDGE_CURVE('',#4665,#4717,#4743,.T.);
#4743 = SURFACE_CURVE('',#4744,(#4748,#4754),.PCURVE_S1.);
#4744 = LINE('',#4745,#4746);
#4745 = CARTESIAN_POINT('',(15.048703170029,-23.525,39.7));
#4746 = VECTOR('',#4747,1.);
#4747 = DIRECTION('',(-0.,1.,0.));
#4748 = PCURVE('',#922,#4749);
#4749 = DEFINITIONAL_REPRESENTATION('',(#4750),#4753);
#4750 = B_SPLINE_CURVE_WITH_KNOTS('',1,(#4751,#4752),.UNSPECIFIED.,.F.,
  .F.,(2,2),(-23.525,4.575),.PIECEWISE_BEZIER_KNOTS.);
#4751 = CARTESIAN_POINT('',(15.048703170029,-47.05));
#4752 = CARTESIAN_POINT('',(15.048703170029,-18.95));
#4753 = ( GEOMETRIC_REPRESENTATION_CONTEXT(2) 
PARAMETRIC_REPRESENTATION_CONTEXT() REPRESENTATION_CONTEXT('2D SPACE',''
  ) );
#4754 = PCURVE('',#4755,#4760);
#4755 = PLANE('',#4756);
#4756 = AXIS2_PLACEMENT_3D('',#4757,#4758,#4759);
#4757 = CARTESIAN_POINT('',(15.05,-47.05,39.71));
#4758 = DIRECTION('',(0.991695758116,0.,-0.128606078142));
#4759 = DIRECTION('',(-0.128606078142,0.,-0.991695758116));
#4760 = DEFINITIONAL_REPRESENTATION('',(#4761),#4764);
#4761 = B_SPLINE_CURVE_WITH_KNOTS('',1,(#4762,#4763),.UNSPECIFIED.,.F.,
  .F.,(2,2),(-23.525,4.575),.PIECEWISE_BEZIER_KNOTS.);
#4762 = CARTESIAN_POINT('',(1.008373779777E-02,0.));
#4763 = CARTESIAN_POINT('',(1.008373779777E-02,28.1));
#4764 = ( GEOMETRIC_REPRESENTATION_CONTEXT(2) 
PARAMETRIC_REPRESENTATION_CONTEXT() REPRESENTATION_CONTEXT('2D SPACE',''
  ) );
#4765 = FACE_BOUND('',#4766,.F.);
#4766 = EDGE_LOOP('',(#4767,#4795,#4821,#4847));
#4767 = ORIENTED_EDGE('',*,*,#4768,.F.);
#4768 = EDGE_CURVE('',#4769,#4771,#4773,.T.);
#4769 = VERTEX_POINT('',#4770);
#4770 = CARTESIAN_POINT('',(19.951296829971,-47.04870317002,39.7));
#4771 = VERTEX_POINT('',#4772);
#4772 = CARTESIAN_POINT('',(50.048703170029,-47.04870317002,39.7));
#4773 = SURFACE_CURVE('',#4774,(#4778,#4784),.PCURVE_S1.);
#4774 = LINE('',#4775,#4776);
#4775 = CARTESIAN_POINT('',(9.975,-47.04870317002,39.7));
#4776 = VECTOR('',#4777,1.);
#4777 = DIRECTION('',(1.,0.,-0.));
#4778 = PCURVE('',#922,#4779);
#4779 = DEFINITIONAL_REPRESENTATION('',(#4780),#4783);
#4780 = B_SPLINE_CURVE_WITH_KNOTS('',1,(#4781,#4782),.UNSPECIFIED.,.F.,
  .F.,(2,2),(9.975,40.075),.PIECEWISE_BEZIER_KNOTS.);
#4781 = CARTESIAN_POINT('',(19.95,-47.04870317002));
#4782 = CARTESIAN_POINT('',(50.05,-47.04870317002));
#4783 = ( GEOMETRIC_REPRESENTATION_CONTEXT(2) 
PARAMETRIC_REPRESENTATION_CONTEXT() REPRESENTATION_CONTEXT('2D SPACE',''
  ) );
#4784 = PCURVE('',#4785,#4790);
#4785 = PLANE('',#4786);
#4786 = AXIS2_PLACEMENT_3D('',#4787,#4788,#4789);
#4787 = CARTESIAN_POINT('',(19.95,-47.05,39.71));
#4788 = DIRECTION('',(0.,-0.991695758116,-0.128606078142));
#4789 = DIRECTION('',(0.,0.128606078142,-0.991695758116));
#4790 = DEFINITIONAL_REPRESENTATION('',(#4791),#4794);
#4791 = B_SPLINE_CURVE_WITH_KNOTS('',1,(#4792,#4793),.UNSPECIFIED.,.F.,
  .F.,(2,2),(9.975,40.075),.PIECEWISE_BEZIER_KNOTS.);
#4792 = CARTESIAN_POINT('',(1.008373779777E-02,0.));
#4793 = CARTESIAN_POINT('',(1.008373779777E-02,30.1));
#4794 = ( GEOMETRIC_REPRESENTATION_CONTEXT(2) 
PARAMETRIC_REPRESENTATION_CONTEXT() REPRESENTATION_CONTEXT('2D SPACE',''
  ) );
#4795 = ORIENTED_EDGE('',*,*,#4796,.F.);
#4796 = EDGE_CURVE('',#4797,#4769,#4799,.T.);
#4797 = VERTEX_POINT('',#4798);
#4798 = CARTESIAN_POINT('',(19.951296829971,-18.95129682997,39.7));
#4799 = SURFACE_CURVE('',#4800,(#4804,#4810),.PCURVE_S1.);
#4800 = LINE('',#4801,#4802);
#4801 = CARTESIAN_POINT('',(19.951296829971,-9.475,39.7));
#4802 = VECTOR('',#4803,1.);
#4803 = DIRECTION('',(0.,-1.,0.));
#4804 = PCURVE('',#922,#4805);
#4805 = DEFINITIONAL_REPRESENTATION('',(#4806),#4809);
#4806 = B_SPLINE_CURVE_WITH_KNOTS('',1,(#4807,#4808),.UNSPECIFIED.,.F.,
  .F.,(2,2),(9.475,37.575),.PIECEWISE_BEZIER_KNOTS.);
#4807 = CARTESIAN_POINT('',(19.951296829971,-18.95));
#4808 = CARTESIAN_POINT('',(19.951296829971,-47.05));
#4809 = ( GEOMETRIC_REPRESENTATION_CONTEXT(2) 
PARAMETRIC_REPRESENTATION_CONTEXT() REPRESENTATION_CONTEXT('2D SPACE',''
  ) );
#4810 = PCURVE('',#4811,#4816);
#4811 = PLANE('',#4812);
#4812 = AXIS2_PLACEMENT_3D('',#4813,#4814,#4815);
#4813 = CARTESIAN_POINT('',(19.95,-18.95,39.71));
#4814 = DIRECTION('',(-0.991695758116,-0.,-0.128606078142));
#4815 = DIRECTION('',(0.128606078142,0.,-0.991695758116));
#4816 = DEFINITIONAL_REPRESENTATION('',(#4817),#4820);
#4817 = B_SPLINE_CURVE_WITH_KNOTS('',1,(#4818,#4819),.UNSPECIFIED.,.F.,
  .F.,(2,2),(9.475,37.575),.PIECEWISE_BEZIER_KNOTS.);
#4818 = CARTESIAN_POINT('',(1.008373779777E-02,0.));
#4819 = CARTESIAN_POINT('',(1.008373779777E-02,28.1));
#4820 = ( GEOMETRIC_REPRESENTATION_CONTEXT(2) 
PARAMETRIC_REPRESENTATION_CONTEXT() REPRESENTATION_CONTEXT('2D SPACE',''
  ) );
#4821 = ORIENTED_EDGE('',*,*,#4822,.F.);
#4822 = EDGE_CURVE('',#4823,#4797,#4825,.T.);
#4823 = VERTEX_POINT('',#4824);
#4824 = CARTESIAN_POINT('',(50.048703170029,-18.95129682997,39.7));
#4825 = SURFACE_CURVE('',#4826,(#4830,#4836),.PCURVE_S1.);
#4826 = LINE('',#4827,#4828);
#4827 = CARTESIAN_POINT('',(25.025,-18.95129682997,39.7));
#4828 = VECTOR('',#4829,1.);
#4829 = DIRECTION('',(-1.,0.,0.));
#4830 = PCURVE('',#922,#4831);
#4831 = DEFINITIONAL_REPRESENTATION('',(#4832),#4835);
#4832 = B_SPLINE_CURVE_WITH_KNOTS('',1,(#4833,#4834),.UNSPECIFIED.,.F.,
  .F.,(2,2),(-25.025,5.075),.PIECEWISE_BEZIER_KNOTS.);
#4833 = CARTESIAN_POINT('',(50.05,-18.95129682997));
#4834 = CARTESIAN_POINT('',(19.95,-18.95129682997));
#4835 = ( GEOMETRIC_REPRESENTATION_CONTEXT(2) 
PARAMETRIC_REPRESENTATION_CONTEXT() REPRESENTATION_CONTEXT('2D SPACE',''
  ) );
#4836 = PCURVE('',#4837,#4842);
#4837 = PLANE('',#4838);
#4838 = AXIS2_PLACEMENT_3D('',#4839,#4840,#4841);
#4839 = CARTESIAN_POINT('',(50.05,-18.95,39.71));
#4840 = DIRECTION('',(0.,0.991695758116,-0.128606078142));
#4841 = DIRECTION('',(0.,-0.128606078142,-0.991695758116));
#4842 = DEFINITIONAL_REPRESENTATION('',(#4843),#4846);
#4843 = B_SPLINE_CURVE_WITH_KNOTS('',1,(#4844,#4845),.UNSPECIFIED.,.F.,
  .F.,(2,2),(-25.025,5.075),.PIECEWISE_BEZIER_KNOTS.);
#4844 = CARTESIAN_POINT('',(1.008373779777E-02,0.));
#4845 = CARTESIAN_POINT('',(1.008373779777E-02,30.1));
#4846 = ( GEOMETRIC_REPRESENTATION_CONTEXT(2) 
PARAMETRIC_REPRESENTATION_CONTEXT() REPRESENTATION_CONTEXT('2D SPACE',''
  ) );
#4847 = ORIENTED_EDGE('',*,*,#4848,.F.);
#4848 = EDGE_CURVE('',#4771,#4823,#4849,.T.);
#4849 = SURFACE_CURVE('',#4850,(#4854,#4860),.PCURVE_S1.);
#4850 = LINE('',#4851,#4852);
#4851 = CARTESIAN_POINT('',(50.048703170029,-23.525,39.7));
#4852 = VECTOR('',#4853,1.);
#4853 = DIRECTION('',(-0.,1.,0.));
#4854 = PCURVE('',#922,#4855);
#4855 = DEFINITIONAL_REPRESENTATION('',(#4856),#4859);
#4856 = B_SPLINE_CURVE_WITH_KNOTS('',1,(#4857,#4858),.UNSPECIFIED.,.F.,
  .F.,(2,2),(-23.525,4.575),.PIECEWISE_BEZIER_KNOTS.);
#4857 = CARTESIAN_POINT('',(50.048703170029,-47.05));
#4858 = CARTESIAN_POINT('',(50.048703170029,-18.95));
#4859 = ( GEOMETRIC_REPRESENTATION_CONTEXT(2) 
PARAMETRIC_REPRESENTATION_CONTEXT() REPRESENTATION_CONTEXT('2D SPACE',''
  ) );
#4860 = PCURVE('',#4861,#4866);
#4861 = PLANE('',#4862);
#4862 = AXIS2_PLACEMENT_3D('',#4863,#4864,#4865);
#4863 = CARTESIAN_POINT('',(50.05,-47.05,39.71));
#4864 = DIRECTION('',(0.991695758116,0.,-0.128606078142));
#4865 = DIRECTION('',(-0.128606078142,0.,-0.991695758116));
#4866 = DEFINITIONAL_REPRESENTATION('',(#4867),#4870);
#4867 = B_SPLINE_CURVE_WITH_KNOTS('',1,(#4868,#4869),.UNSPECIFIED.,.F.,
  .F.,(2,2),(-23.525,4.575),.PIECEWISE_BEZIER_KNOTS.);
#4868 = CARTESIAN_POINT('',(1.008373779777E-02,0.));
#4869 = CARTESIAN_POINT('',(1.008373779777E-02,28.1));
#4870 = ( GEOMETRIC_REPRESENTATION_CONTEXT(2) 
PARAMETRIC_REPRESENTATION_CONTEXT() REPRESENTATION_CONTEXT('2D SPACE',''
  ) );
#4871 = FACE_BOUND('',#4872,.F.);
#4872 = EDGE_LOOP('',(#4873,#4901,#4927,#4953));
#4873 = ORIENTED_EDGE('',*,*,#4874,.F.);
#4874 = EDGE_CURVE('',#4875,#4877,#4879,.T.);
#4875 = VERTEX_POINT('',#4876);
#4876 = CARTESIAN_POINT('',(54.951296829971,-47.04870317002,39.7));
#4877 = VERTEX_POINT('',#4878);
#4878 = CARTESIAN_POINT('',(85.048703170029,-47.04870317002,39.7));
#4879 = SURFACE_CURVE('',#4880,(#4884,#4890),.PCURVE_S1.);
#4880 = LINE('',#4881,#4882);
#4881 = CARTESIAN_POINT('',(27.475,-47.04870317002,39.7));
#4882 = VECTOR('',#4883,1.);
#4883 = DIRECTION('',(1.,0.,-0.));
#4884 = PCURVE('',#922,#4885);
#4885 = DEFINITIONAL_REPRESENTATION('',(#4886),#4889);
#4886 = B_SPLINE_CURVE_WITH_KNOTS('',1,(#4887,#4888),.UNSPECIFIED.,.F.,
  .F.,(2,2),(27.475,57.575),.PIECEWISE_BEZIER_KNOTS.);
#4887 = CARTESIAN_POINT('',(54.95,-47.04870317002));
#4888 = CARTESIAN_POINT('',(85.05,-47.04870317002));
#4889 = ( GEOMETRIC_REPRESENTATION_CONTEXT(2) 
PARAMETRIC_REPRESENTATION_CONTEXT() REPRESENTATION_CONTEXT('2D SPACE',''
  ) );
#4890 = PCURVE('',#4891,#4896);
#4891 = PLANE('',#4892);
#4892 = AXIS2_PLACEMENT_3D('',#4893,#4894,#4895);
#4893 = CARTESIAN_POINT('',(54.95,-47.05,39.71));
#4894 = DIRECTION('',(0.,-0.991695758116,-0.128606078142));
#4895 = DIRECTION('',(0.,0.128606078142,-0.991695758116));
#4896 = DEFINITIONAL_REPRESENTATION('',(#4897),#4900);
#4897 = B_SPLINE_CURVE_WITH_KNOTS('',1,(#4898,#4899),.UNSPECIFIED.,.F.,
  .F.,(2,2),(27.475,57.575),.PIECEWISE_BEZIER_KNOTS.);
#4898 = CARTESIAN_POINT('',(1.008373779776E-02,0.));
#4899 = CARTESIAN_POINT('',(1.008373779776E-02,30.1));
#4900 = ( GEOMETRIC_REPRESENTATION_CONTEXT(2) 
PARAMETRIC_REPRESENTATION_CONTEXT() REPRESENTATION_CONTEXT('2D SPACE',''
  ) );
#4901 = ORIENTED_EDGE('',*,*,#4902,.F.);
#4902 = EDGE_CURVE('',#4903,#4875,#4905,.T.);
#4903 = VERTEX_POINT('',#4904);
#4904 = CARTESIAN_POINT('',(54.951296829971,-18.95129682997,39.7));
#4905 = SURFACE_CURVE('',#4906,(#4910,#4916),.PCURVE_S1.);
#4906 = LINE('',#4907,#4908);
#4907 = CARTESIAN_POINT('',(54.951296829971,-9.475,39.7));
#4908 = VECTOR('',#4909,1.);
#4909 = DIRECTION('',(0.,-1.,0.));
#4910 = PCURVE('',#922,#4911);
#4911 = DEFINITIONAL_REPRESENTATION('',(#4912),#4915);
#4912 = B_SPLINE_CURVE_WITH_KNOTS('',1,(#4913,#4914),.UNSPECIFIED.,.F.,
  .F.,(2,2),(9.475,37.575),.PIECEWISE_BEZIER_KNOTS.);
#4913 = CARTESIAN_POINT('',(54.951296829971,-18.95));
#4914 = CARTESIAN_POINT('',(54.951296829971,-47.05));
#4915 = ( GEOMETRIC_REPRESENTATION_CONTEXT(2) 
PARAMETRIC_REPRESENTATION_CONTEXT() REPRESENTATION_CONTEXT('2D SPACE',''
  ) );
#4916 = PCURVE('',#4917,#4922);
#4917 = PLANE('',#4918);
#4918 = AXIS2_PLACEMENT_3D('',#4919,#4920,#4921);
#4919 = CARTESIAN_POINT('',(54.95,-18.95,39.71));
#4920 = DIRECTION('',(-0.991695758116,-0.,-0.128606078142));
#4921 = DIRECTION('',(0.128606078142,0.,-0.991695758116));
#4922 = DEFINITIONAL_REPRESENTATION('',(#4923),#4926);
#4923 = B_SPLINE_CURVE_WITH_KNOTS('',1,(#4924,#4925),.UNSPECIFIED.,.F.,
  .F.,(2,2),(9.475,37.575),.PIECEWISE_BEZIER_KNOTS.);
#4924 = CARTESIAN_POINT('',(1.008373779776E-02,0.));
#4925 = CARTESIAN_POINT('',(1.008373779776E-02,28.1));
#4926 = ( GEOMETRIC_REPRESENTATION_CONTEXT(2) 
PARAMETRIC_REPRESENTATION_CONTEXT() REPRESENTATION_CONTEXT('2D SPACE',''
  ) );
#4927 = ORIENTED_EDGE('',*,*,#4928,.F.);
#4928 = EDGE_CURVE('',#4929,#4903,#4931,.T.);
#4929 = VERTEX_POINT('',#4930);
#4930 = CARTESIAN_POINT('',(85.048703170029,-18.95129682997,39.7));
#4931 = SURFACE_CURVE('',#4932,(#4936,#4942),.PCURVE_S1.);
#4932 = LINE('',#4933,#4934);
#4933 = CARTESIAN_POINT('',(42.525,-18.95129682997,39.7));
#4934 = VECTOR('',#4935,1.);
#4935 = DIRECTION('',(-1.,0.,0.));
#4936 = PCURVE('',#922,#4937);
#4937 = DEFINITIONAL_REPRESENTATION('',(#4938),#4941);
#4938 = B_SPLINE_CURVE_WITH_KNOTS('',1,(#4939,#4940),.UNSPECIFIED.,.F.,
  .F.,(2,2),(-42.525,-12.425),.PIECEWISE_BEZIER_KNOTS.);
#4939 = CARTESIAN_POINT('',(85.05,-18.95129682997));
#4940 = CARTESIAN_POINT('',(54.95,-18.95129682997));
#4941 = ( GEOMETRIC_REPRESENTATION_CONTEXT(2) 
PARAMETRIC_REPRESENTATION_CONTEXT() REPRESENTATION_CONTEXT('2D SPACE',''
  ) );
#4942 = PCURVE('',#4943,#4948);
#4943 = PLANE('',#4944);
#4944 = AXIS2_PLACEMENT_3D('',#4945,#4946,#4947);
#4945 = CARTESIAN_POINT('',(85.05,-18.95,39.71));
#4946 = DIRECTION('',(0.,0.991695758116,-0.128606078142));
#4947 = DIRECTION('',(0.,-0.128606078142,-0.991695758116));
#4948 = DEFINITIONAL_REPRESENTATION('',(#4949),#4952);
#4949 = B_SPLINE_CURVE_WITH_KNOTS('',1,(#4950,#4951),.UNSPECIFIED.,.F.,
  .F.,(2,2),(-42.525,-12.425),.PIECEWISE_BEZIER_KNOTS.);
#4950 = CARTESIAN_POINT('',(1.008373779776E-02,0.));
#4951 = CARTESIAN_POINT('',(1.008373779776E-02,30.1));
#4952 = ( GEOMETRIC_REPRESENTATION_CONTEXT(2) 
PARAMETRIC_REPRESENTATION_CONTEXT() REPRESENTATION_CONTEXT('2D SPACE',''
  ) );
#4953 = ORIENTED_EDGE('',*,*,#4954,.F.);
#4954 = EDGE_CURVE('',#4877,#4929,#4955,.T.);
#4955 = SURFACE_CURVE('',#4956,(#4960,#4966),.PCURVE_S1.);
#4956 = LINE('',#4957,#4958);
#4957 = CARTESIAN_POINT('',(85.048703170029,-23.525,39.7));
#4958 = VECTOR('',#4959,1.);
#4959 = DIRECTION('',(-0.,1.,0.));
#4960 = PCURVE('',#922,#4961);
#4961 = DEFINITIONAL_REPRESENTATION('',(#4962),#4965);
#4962 = B_SPLINE_CURVE_WITH_KNOTS('',1,(#4963,#4964),.UNSPECIFIED.,.F.,
  .F.,(2,2),(-23.525,4.575),.PIECEWISE_BEZIER_KNOTS.);
#4963 = CARTESIAN_POINT('',(85.048703170029,-47.05));
#4964 = CARTESIAN_POINT('',(85.048703170029,-18.95));
#4965 = ( GEOMETRIC_REPRESENTATION_CONTEXT(2) 
PARAMETRIC_REPRESENTATION_CONTEXT() REPRESENTATION_CONTEXT('2D SPACE',''
  ) );
#4966 = PCURVE('',#4967,#4972);
#4967 = PLANE('',#4968);
#4968 = AXIS2_PLACEMENT_3D('',#4969,#4970,#4971);
#4969 = CARTESIAN_POINT('',(85.05,-47.05,39.71));
#4970 = DIRECTION('',(0.991695758116,0.,-0.128606078142));
#4971 = DIRECTION('',(-0.128606078142,0.,-0.991695758116));
#4972 = DEFINITIONAL_REPRESENTATION('',(#4973),#4976);
#4973 = B_SPLINE_CURVE_WITH_KNOTS('',1,(#4974,#4975),.UNSPECIFIED.,.F.,
  .F.,(2,2),(-23.525,4.575),.PIECEWISE_BEZIER_KNOTS.);
#4974 = CARTESIAN_POINT('',(1.008373779776E-02,0.));
#4975 = CARTESIAN_POINT('',(1.008373779776E-02,28.1));
#4976 = ( GEOMETRIC_REPRESENTATION_CONTEXT(2) 
PARAMETRIC_REPRESENTATION_CONTEXT() REPRESENTATION_CONTEXT('2D SPACE',''
  ) );
#4977 = FACE_BOUND('',#4978,.F.);
#4978 = EDGE_LOOP('',(#4979,#5007,#5033,#5059));
#4979 = ORIENTED_EDGE('',*,*,#4980,.F.);
#4980 = EDGE_CURVE('',#4981,#4983,#4985,.T.);
#4981 = VERTEX_POINT('',#4982);
#4982 = CARTESIAN_POINT('',(-85.04870317002,-14.04870317002,39.7));
#4983 = VERTEX_POINT('',#4984);
#4984 = CARTESIAN_POINT('',(-54.95129682997,-14.04870317002,39.7));
#4985 = SURFACE_CURVE('',#4986,(#4990,#4996),.PCURVE_S1.);
#4986 = LINE('',#4987,#4988);
#4987 = CARTESIAN_POINT('',(-42.525,-14.04870317002,39.7));
#4988 = VECTOR('',#4989,1.);
#4989 = DIRECTION('',(1.,0.,-0.));
#4990 = PCURVE('',#922,#4991);
#4991 = DEFINITIONAL_REPRESENTATION('',(#4992),#4995);
#4992 = B_SPLINE_CURVE_WITH_KNOTS('',1,(#4993,#4994),.UNSPECIFIED.,.F.,
  .F.,(2,2),(-42.525,-12.425),.PIECEWISE_BEZIER_KNOTS.);
#4993 = CARTESIAN_POINT('',(-85.05,-14.04870317002));
#4994 = CARTESIAN_POINT('',(-54.95,-14.04870317002));
#4995 = ( GEOMETRIC_REPRESENTATION_CONTEXT(2) 
PARAMETRIC_REPRESENTATION_CONTEXT() REPRESENTATION_CONTEXT('2D SPACE',''
  ) );
#4996 = PCURVE('',#4997,#5002);
#4997 = PLANE('',#4998);
#4998 = AXIS2_PLACEMENT_3D('',#4999,#5000,#5001);
#4999 = CARTESIAN_POINT('',(-85.05,-14.05,39.71));
#5000 = DIRECTION('',(0.,-0.991695758116,-0.128606078142));
#5001 = DIRECTION('',(0.,0.128606078142,-0.991695758116));
#5002 = DEFINITIONAL_REPRESENTATION('',(#5003),#5006);
#5003 = B_SPLINE_CURVE_WITH_KNOTS('',1,(#5004,#5005),.UNSPECIFIED.,.F.,
  .F.,(2,2),(-42.525,-12.425),.PIECEWISE_BEZIER_KNOTS.);
#5004 = CARTESIAN_POINT('',(1.008373779777E-02,0.));
#5005 = CARTESIAN_POINT('',(1.008373779777E-02,30.1));
#5006 = ( GEOMETRIC_REPRESENTATION_CONTEXT(2) 
PARAMETRIC_REPRESENTATION_CONTEXT() REPRESENTATION_CONTEXT('2D SPACE',''
  ) );
#5007 = ORIENTED_EDGE('',*,*,#5008,.F.);
#5008 = EDGE_CURVE('',#5009,#4981,#5011,.T.);
#5009 = VERTEX_POINT('',#5010);
#5010 = CARTESIAN_POINT('',(-85.04870317002,14.048703170029,39.7));
#5011 = SURFACE_CURVE('',#5012,(#5016,#5022),.PCURVE_S1.);
#5012 = LINE('',#5013,#5014);
#5013 = CARTESIAN_POINT('',(-85.04870317002,7.025,39.7));
#5014 = VECTOR('',#5015,1.);
#5015 = DIRECTION('',(0.,-1.,0.));
#5016 = PCURVE('',#922,#5017);
#5017 = DEFINITIONAL_REPRESENTATION('',(#5018),#5021);
#5018 = B_SPLINE_CURVE_WITH_KNOTS('',1,(#5019,#5020),.UNSPECIFIED.,.F.,
  .F.,(2,2),(-7.025,21.075),.PIECEWISE_BEZIER_KNOTS.);
#5019 = CARTESIAN_POINT('',(-85.04870317002,14.05));
#5020 = CARTESIAN_POINT('',(-85.04870317002,-14.05));
#5021 = ( GEOMETRIC_REPRESENTATION_CONTEXT(2) 
PARAMETRIC_REPRESENTATION_CONTEXT() REPRESENTATION_CONTEXT('2D SPACE',''
  ) );
#5022 = PCURVE('',#5023,#5028);
#5023 = PLANE('',#5024);
#5024 = AXIS2_PLACEMENT_3D('',#5025,#5026,#5027);
#5025 = CARTESIAN_POINT('',(-85.05,14.05,39.71));
#5026 = DIRECTION('',(-0.991695758116,-0.,-0.128606078142));
#5027 = DIRECTION('',(0.128606078142,0.,-0.991695758116));
#5028 = DEFINITIONAL_REPRESENTATION('',(#5029),#5032);
#5029 = B_SPLINE_CURVE_WITH_KNOTS('',1,(#5030,#5031),.UNSPECIFIED.,.F.,
  .F.,(2,2),(-7.025,21.075),.PIECEWISE_BEZIER_KNOTS.);
#5030 = CARTESIAN_POINT('',(1.008373779777E-02,0.));
#5031 = CARTESIAN_POINT('',(1.008373779777E-02,28.1));
#5032 = ( GEOMETRIC_REPRESENTATION_CONTEXT(2) 
PARAMETRIC_REPRESENTATION_CONTEXT() REPRESENTATION_CONTEXT('2D SPACE',''
  ) );
#5033 = ORIENTED_EDGE('',*,*,#5034,.F.);
#5034 = EDGE_CURVE('',#5035,#5009,#5037,.T.);
#5035 = VERTEX_POINT('',#5036);
#5036 = CARTESIAN_POINT('',(-54.95129682997,14.048703170029,39.7));
#5037 = SURFACE_CURVE('',#5038,(#5042,#5048),.PCURVE_S1.);
#5038 = LINE('',#5039,#5040);
#5039 = CARTESIAN_POINT('',(-27.475,14.048703170029,39.7));
#5040 = VECTOR('',#5041,1.);
#5041 = DIRECTION('',(-1.,0.,0.));
#5042 = PCURVE('',#922,#5043);
#5043 = DEFINITIONAL_REPRESENTATION('',(#5044),#5047);
#5044 = B_SPLINE_CURVE_WITH_KNOTS('',1,(#5045,#5046),.UNSPECIFIED.,.F.,
  .F.,(2,2),(27.475,57.575),.PIECEWISE_BEZIER_KNOTS.);
#5045 = CARTESIAN_POINT('',(-54.95,14.048703170029));
#5046 = CARTESIAN_POINT('',(-85.05,14.048703170029));
#5047 = ( GEOMETRIC_REPRESENTATION_CONTEXT(2) 
PARAMETRIC_REPRESENTATION_CONTEXT() REPRESENTATION_CONTEXT('2D SPACE',''
  ) );
#5048 = PCURVE('',#5049,#5054);
#5049 = PLANE('',#5050);
#5050 = AXIS2_PLACEMENT_3D('',#5051,#5052,#5053);
#5051 = CARTESIAN_POINT('',(-54.95,14.05,39.71));
#5052 = DIRECTION('',(0.,0.991695758116,-0.128606078142));
#5053 = DIRECTION('',(0.,-0.128606078142,-0.991695758116));
#5054 = DEFINITIONAL_REPRESENTATION('',(#5055),#5058);
#5055 = B_SPLINE_CURVE_WITH_KNOTS('',1,(#5056,#5057),.UNSPECIFIED.,.F.,
  .F.,(2,2),(27.475,57.575),.PIECEWISE_BEZIER_KNOTS.);
#5056 = CARTESIAN_POINT('',(1.008373779777E-02,0.));
#5057 = CARTESIAN_POINT('',(1.008373779777E-02,30.1));
#5058 = ( GEOMETRIC_REPRESENTATION_CONTEXT(2) 
PARAMETRIC_REPRESENTATION_CONTEXT() REPRESENTATION_CONTEXT('2D SPACE',''
  ) );
#5059 = ORIENTED_EDGE('',*,*,#5060,.F.);
#5060 = EDGE_CURVE('',#4983,#5035,#5061,.T.);
#5061 = SURFACE_CURVE('',#5062,(#5066,#5072),.PCURVE_S1.);
#5062 = LINE('',#5063,#5064);
#5063 = CARTESIAN_POINT('',(-54.95129682997,-7.025,39.7));
#5064 = VECTOR('',#5065,1.);
#5065 = DIRECTION('',(-0.,1.,0.));
#5066 = PCURVE('',#922,#5067);
#5067 = DEFINITIONAL_REPRESENTATION('',(#5068),#5071);
#5068 = B_SPLINE_CURVE_WITH_KNOTS('',1,(#5069,#5070),.UNSPECIFIED.,.F.,
  .F.,(2,2),(-7.025,21.075),.PIECEWISE_BEZIER_KNOTS.);
#5069 = CARTESIAN_POINT('',(-54.95129682997,-14.05));
#5070 = CARTESIAN_POINT('',(-54.95129682997,14.05));
#5071 = ( GEOMETRIC_REPRESENTATION_CONTEXT(2) 
PARAMETRIC_REPRESENTATION_CONTEXT() REPRESENTATION_CONTEXT('2D SPACE',''
  ) );
#5072 = PCURVE('',#5073,#5078);
#5073 = PLANE('',#5074);
#5074 = AXIS2_PLACEMENT_3D('',#5075,#5076,#5077);
#5075 = CARTESIAN_POINT('',(-54.95,-14.05,39.71));
#5076 = DIRECTION('',(0.991695758116,0.,-0.128606078142));
#5077 = DIRECTION('',(-0.128606078142,0.,-0.991695758116));
#5078 = DEFINITIONAL_REPRESENTATION('',(#5079),#5082);
#5079 = B_SPLINE_CURVE_WITH_KNOTS('',1,(#5080,#5081),.UNSPECIFIED.,.F.,
  .F.,(2,2),(-7.025,21.075),.PIECEWISE_BEZIER_KNOTS.);
#5080 = CARTESIAN_POINT('',(1.008373779777E-02,0.));
#5081 = CARTESIAN_POINT('',(1.008373779777E-02,28.1));
#5082 = ( GEOMETRIC_REPRESENTATION_CONTEXT(2) 
PARAMETRIC_REPRESENTATION_CONTEXT() REPRESENTATION_CONTEXT('2D SPACE',''
  ) );
#5083 = FACE_BOUND('',#5084,.F.);
#5084 = EDGE_LOOP('',(#5085,#5113,#5139,#5165));
#5085 = ORIENTED_EDGE('',*,*,#5086,.F.);
#5086 = EDGE_CURVE('',#5087,#5089,#5091,.T.);
#5087 = VERTEX_POINT('',#5088);
#5088 = CARTESIAN_POINT('',(-85.04870317002,18.951296829971,39.7));
#5089 = VERTEX_POINT('',#5090);
#5090 = CARTESIAN_POINT('',(-54.95129682997,18.951296829971,39.7));
#5091 = SURFACE_CURVE('',#5092,(#5096,#5102),.PCURVE_S1.);
#5092 = LINE('',#5093,#5094);
#5093 = CARTESIAN_POINT('',(-42.525,18.951296829971,39.7));
#5094 = VECTOR('',#5095,1.);
#5095 = DIRECTION('',(1.,0.,-0.));
#5096 = PCURVE('',#922,#5097);
#5097 = DEFINITIONAL_REPRESENTATION('',(#5098),#5101);
#5098 = B_SPLINE_CURVE_WITH_KNOTS('',1,(#5099,#5100),.UNSPECIFIED.,.F.,
  .F.,(2,2),(-42.525,-12.425),.PIECEWISE_BEZIER_KNOTS.);
#5099 = CARTESIAN_POINT('',(-85.05,18.951296829971));
#5100 = CARTESIAN_POINT('',(-54.95,18.951296829971));
#5101 = ( GEOMETRIC_REPRESENTATION_CONTEXT(2) 
PARAMETRIC_REPRESENTATION_CONTEXT() REPRESENTATION_CONTEXT('2D SPACE',''
  ) );
#5102 = PCURVE('',#5103,#5108);
#5103 = PLANE('',#5104);
#5104 = AXIS2_PLACEMENT_3D('',#5105,#5106,#5107);
#5105 = CARTESIAN_POINT('',(-85.05,18.95,39.71));
#5106 = DIRECTION('',(0.,-0.991695758116,-0.128606078142));
#5107 = DIRECTION('',(0.,0.128606078142,-0.991695758116));
#5108 = DEFINITIONAL_REPRESENTATION('',(#5109),#5112);
#5109 = B_SPLINE_CURVE_WITH_KNOTS('',1,(#5110,#5111),.UNSPECIFIED.,.F.,
  .F.,(2,2),(-42.525,-12.425),.PIECEWISE_BEZIER_KNOTS.);
#5110 = CARTESIAN_POINT('',(1.008373779776E-02,0.));
#5111 = CARTESIAN_POINT('',(1.008373779776E-02,30.1));
#5112 = ( GEOMETRIC_REPRESENTATION_CONTEXT(2) 
PARAMETRIC_REPRESENTATION_CONTEXT() REPRESENTATION_CONTEXT('2D SPACE',''
  ) );
#5113 = ORIENTED_EDGE('',*,*,#5114,.F.);
#5114 = EDGE_CURVE('',#5115,#5087,#5117,.T.);
#5115 = VERTEX_POINT('',#5116);
#5116 = CARTESIAN_POINT('',(-85.04870317002,47.048703170029,39.7));
#5117 = SURFACE_CURVE('',#5118,(#5122,#5128),.PCURVE_S1.);
#5118 = LINE('',#5119,#5120);
#5119 = CARTESIAN_POINT('',(-85.04870317002,23.525,39.7));
#5120 = VECTOR('',#5121,1.);
#5121 = DIRECTION('',(0.,-1.,0.));
#5122 = PCURVE('',#922,#5123);
#5123 = DEFINITIONAL_REPRESENTATION('',(#5124),#5127);
#5124 = B_SPLINE_CURVE_WITH_KNOTS('',1,(#5125,#5126),.UNSPECIFIED.,.F.,
  .F.,(2,2),(-23.525,4.575),.PIECEWISE_BEZIER_KNOTS.);
#5125 = CARTESIAN_POINT('',(-85.04870317002,47.05));
#5126 = CARTESIAN_POINT('',(-85.04870317002,18.95));
#5127 = ( GEOMETRIC_REPRESENTATION_CONTEXT(2) 
PARAMETRIC_REPRESENTATION_CONTEXT() REPRESENTATION_CONTEXT('2D SPACE',''
  ) );
#5128 = PCURVE('',#5129,#5134);
#5129 = PLANE('',#5130);
#5130 = AXIS2_PLACEMENT_3D('',#5131,#5132,#5133);
#5131 = CARTESIAN_POINT('',(-85.05,47.05,39.71));
#5132 = DIRECTION('',(-0.991695758116,-0.,-0.128606078142));
#5133 = DIRECTION('',(0.128606078142,0.,-0.991695758116));
#5134 = DEFINITIONAL_REPRESENTATION('',(#5135),#5138);
#5135 = B_SPLINE_CURVE_WITH_KNOTS('',1,(#5136,#5137),.UNSPECIFIED.,.F.,
  .F.,(2,2),(-23.525,4.575),.PIECEWISE_BEZIER_KNOTS.);
#5136 = CARTESIAN_POINT('',(1.008373779776E-02,0.));
#5137 = CARTESIAN_POINT('',(1.008373779776E-02,28.1));
#5138 = ( GEOMETRIC_REPRESENTATION_CONTEXT(2) 
PARAMETRIC_REPRESENTATION_CONTEXT() REPRESENTATION_CONTEXT('2D SPACE',''
  ) );
#5139 = ORIENTED_EDGE('',*,*,#5140,.F.);
#5140 = EDGE_CURVE('',#5141,#5115,#5143,.T.);
#5141 = VERTEX_POINT('',#5142);
#5142 = CARTESIAN_POINT('',(-54.95129682997,47.048703170029,39.7));
#5143 = SURFACE_CURVE('',#5144,(#5148,#5154),.PCURVE_S1.);
#5144 = LINE('',#5145,#5146);
#5145 = CARTESIAN_POINT('',(-27.475,47.048703170029,39.7));
#5146 = VECTOR('',#5147,1.);
#5147 = DIRECTION('',(-1.,0.,0.));
#5148 = PCURVE('',#922,#5149);
#5149 = DEFINITIONAL_REPRESENTATION('',(#5150),#5153);
#5150 = B_SPLINE_CURVE_WITH_KNOTS('',1,(#5151,#5152),.UNSPECIFIED.,.F.,
  .F.,(2,2),(27.475,57.575),.PIECEWISE_BEZIER_KNOTS.);
#5151 = CARTESIAN_POINT('',(-54.95,47.048703170029));
#5152 = CARTESIAN_POINT('',(-85.05,47.048703170029));
#5153 = ( GEOMETRIC_REPRESENTATION_CONTEXT(2) 
PARAMETRIC_REPRESENTATION_CONTEXT() REPRESENTATION_CONTEXT('2D SPACE',''
  ) );
#5154 = PCURVE('',#5155,#5160);
#5155 = PLANE('',#5156);
#5156 = AXIS2_PLACEMENT_3D('',#5157,#5158,#5159);
#5157 = CARTESIAN_POINT('',(-54.95,47.05,39.71));
#5158 = DIRECTION('',(0.,0.991695758116,-0.128606078142));
#5159 = DIRECTION('',(0.,-0.128606078142,-0.991695758116));
#5160 = DEFINITIONAL_REPRESENTATION('',(#5161),#5164);
#5161 = B_SPLINE_CURVE_WITH_KNOTS('',1,(#5162,#5163),.UNSPECIFIED.,.F.,
  .F.,(2,2),(27.475,57.575),.PIECEWISE_BEZIER_KNOTS.);
#5162 = CARTESIAN_POINT('',(1.008373779776E-02,0.));
#5163 = CARTESIAN_POINT('',(1.008373779776E-02,30.1));
#5164 = ( GEOMETRIC_REPRESENTATION_CONTEXT(2) 
PARAMETRIC_REPRESENTATION_CONTEXT() REPRESENTATION_CONTEXT('2D SPACE',''
  ) );
#5165 = ORIENTED_EDGE('',*,*,#5166,.F.);
#5166 = EDGE_CURVE('',#5089,#5141,#5167,.T.);
#5167 = SURFACE_CURVE('',#5168,(#5172,#5178),.PCURVE_S1.);
#5168 = LINE('',#5169,#5170);
#5169 = CARTESIAN_POINT('',(-54.95129682997,9.475,39.7));
#5170 = VECTOR('',#5171,1.);
#5171 = DIRECTION('',(-0.,1.,0.));
#5172 = PCURVE('',#922,#5173);
#5173 = DEFINITIONAL_REPRESENTATION('',(#5174),#5177);
#5174 = B_SPLINE_CURVE_WITH_KNOTS('',1,(#5175,#5176),.UNSPECIFIED.,.F.,
  .F.,(2,2),(9.475,37.575),.PIECEWISE_BEZIER_KNOTS.);
#5175 = CARTESIAN_POINT('',(-54.95129682997,18.95));
#5176 = CARTESIAN_POINT('',(-54.95129682997,47.05));
#5177 = ( GEOMETRIC_REPRESENTATION_CONTEXT(2) 
PARAMETRIC_REPRESENTATION_CONTEXT() REPRESENTATION_CONTEXT('2D SPACE',''
  ) );
#5178 = PCURVE('',#5179,#5184);
#5179 = PLANE('',#5180);
#5180 = AXIS2_PLACEMENT_3D('',#5181,#5182,#5183);
#5181 = CARTESIAN_POINT('',(-54.95,18.95,39.71));
#5182 = DIRECTION('',(0.991695758116,0.,-0.128606078142));
#5183 = DIRECTION('',(-0.128606078142,0.,-0.991695758116));
#5184 = DEFINITIONAL_REPRESENTATION('',(#5185),#5188);
#5185 = B_SPLINE_CURVE_WITH_KNOTS('',1,(#5186,#5187),.UNSPECIFIED.,.F.,
  .F.,(2,2),(9.475,37.575),.PIECEWISE_BEZIER_KNOTS.);
#5186 = CARTESIAN_POINT('',(1.008373779776E-02,0.));
#5187 = CARTESIAN_POINT('',(1.008373779776E-02,28.1));
#5188 = ( GEOMETRIC_REPRESENTATION_CONTEXT(2) 
PARAMETRIC_REPRESENTATION_CONTEXT() REPRESENTATION_CONTEXT('2D SPACE',''
  ) );
#5189 = FACE_BOUND('',#5190,.F.);
#5190 = EDGE_LOOP('',(#5191,#5219,#5245,#5271));
#5191 = ORIENTED_EDGE('',*,*,#5192,.F.);
#5192 = EDGE_CURVE('',#5193,#5195,#5197,.T.);
#5193 = VERTEX_POINT('',#5194);
#5194 = CARTESIAN_POINT('',(-50.04870317002,-14.04870317002,39.7));
#5195 = VERTEX_POINT('',#5196);
#5196 = CARTESIAN_POINT('',(-19.95129682997,-14.04870317002,39.7));
#5197 = SURFACE_CURVE('',#5198,(#5202,#5208),.PCURVE_S1.);
#5198 = LINE('',#5199,#5200);
#5199 = CARTESIAN_POINT('',(-25.025,-14.04870317002,39.7));
#5200 = VECTOR('',#5201,1.);
#5201 = DIRECTION('',(1.,0.,-0.));
#5202 = PCURVE('',#922,#5203);
#5203 = DEFINITIONAL_REPRESENTATION('',(#5204),#5207);
#5204 = B_SPLINE_CURVE_WITH_KNOTS('',1,(#5205,#5206),.UNSPECIFIED.,.F.,
  .F.,(2,2),(-25.025,5.075),.PIECEWISE_BEZIER_KNOTS.);
#5205 = CARTESIAN_POINT('',(-50.05,-14.04870317002));
#5206 = CARTESIAN_POINT('',(-19.95,-14.04870317002));
#5207 = ( GEOMETRIC_REPRESENTATION_CONTEXT(2) 
PARAMETRIC_REPRESENTATION_CONTEXT() REPRESENTATION_CONTEXT('2D SPACE',''
  ) );
#5208 = PCURVE('',#5209,#5214);
#5209 = PLANE('',#5210);
#5210 = AXIS2_PLACEMENT_3D('',#5211,#5212,#5213);
#5211 = CARTESIAN_POINT('',(-50.05,-14.05,39.71));
#5212 = DIRECTION('',(0.,-0.991695758116,-0.128606078142));
#5213 = DIRECTION('',(0.,0.128606078142,-0.991695758116));
#5214 = DEFINITIONAL_REPRESENTATION('',(#5215),#5218);
#5215 = B_SPLINE_CURVE_WITH_KNOTS('',1,(#5216,#5217),.UNSPECIFIED.,.F.,
  .F.,(2,2),(-25.025,5.075),.PIECEWISE_BEZIER_KNOTS.);
#5216 = CARTESIAN_POINT('',(1.008373779777E-02,0.));
#5217 = CARTESIAN_POINT('',(1.008373779777E-02,30.1));
#5218 = ( GEOMETRIC_REPRESENTATION_CONTEXT(2) 
PARAMETRIC_REPRESENTATION_CONTEXT() REPRESENTATION_CONTEXT('2D SPACE',''
  ) );
#5219 = ORIENTED_EDGE('',*,*,#5220,.F.);
#5220 = EDGE_CURVE('',#5221,#5193,#5223,.T.);
#5221 = VERTEX_POINT('',#5222);
#5222 = CARTESIAN_POINT('',(-50.04870317002,14.048703170029,39.7));
#5223 = SURFACE_CURVE('',#5224,(#5228,#5234),.PCURVE_S1.);
#5224 = LINE('',#5225,#5226);
#5225 = CARTESIAN_POINT('',(-50.04870317002,7.025,39.7));
#5226 = VECTOR('',#5227,1.);
#5227 = DIRECTION('',(0.,-1.,0.));
#5228 = PCURVE('',#922,#5229);
#5229 = DEFINITIONAL_REPRESENTATION('',(#5230),#5233);
#5230 = B_SPLINE_CURVE_WITH_KNOTS('',1,(#5231,#5232),.UNSPECIFIED.,.F.,
  .F.,(2,2),(-7.025,21.075),.PIECEWISE_BEZIER_KNOTS.);
#5231 = CARTESIAN_POINT('',(-50.04870317002,14.05));
#5232 = CARTESIAN_POINT('',(-50.04870317002,-14.05));
#5233 = ( GEOMETRIC_REPRESENTATION_CONTEXT(2) 
PARAMETRIC_REPRESENTATION_CONTEXT() REPRESENTATION_CONTEXT('2D SPACE',''
  ) );
#5234 = PCURVE('',#5235,#5240);
#5235 = PLANE('',#5236);
#5236 = AXIS2_PLACEMENT_3D('',#5237,#5238,#5239);
#5237 = CARTESIAN_POINT('',(-50.05,14.05,39.71));
#5238 = DIRECTION('',(-0.991695758116,-0.,-0.128606078142));
#5239 = DIRECTION('',(0.128606078142,0.,-0.991695758116));
#5240 = DEFINITIONAL_REPRESENTATION('',(#5241),#5244);
#5241 = B_SPLINE_CURVE_WITH_KNOTS('',1,(#5242,#5243),.UNSPECIFIED.,.F.,
  .F.,(2,2),(-7.025,21.075),.PIECEWISE_BEZIER_KNOTS.);
#5242 = CARTESIAN_POINT('',(1.008373779777E-02,0.));
#5243 = CARTESIAN_POINT('',(1.008373779777E-02,28.1));
#5244 = ( GEOMETRIC_REPRESENTATION_CONTEXT(2) 
PARAMETRIC_REPRESENTATION_CONTEXT() REPRESENTATION_CONTEXT('2D SPACE',''
  ) );
#5245 = ORIENTED_EDGE('',*,*,#5246,.F.);
#5246 = EDGE_CURVE('',#5247,#5221,#5249,.T.);
#5247 = VERTEX_POINT('',#5248);
#5248 = CARTESIAN_POINT('',(-19.95129682997,14.048703170029,39.7));
#5249 = SURFACE_CURVE('',#5250,(#5254,#5260),.PCURVE_S1.);
#5250 = LINE('',#5251,#5252);
#5251 = CARTESIAN_POINT('',(-9.975,14.048703170029,39.7));
#5252 = VECTOR('',#5253,1.);
#5253 = DIRECTION('',(-1.,0.,0.));
#5254 = PCURVE('',#922,#5255);
#5255 = DEFINITIONAL_REPRESENTATION('',(#5256),#5259);
#5256 = B_SPLINE_CURVE_WITH_KNOTS('',1,(#5257,#5258),.UNSPECIFIED.,.F.,
  .F.,(2,2),(9.975,40.075),.PIECEWISE_BEZIER_KNOTS.);
#5257 = CARTESIAN_POINT('',(-19.95,14.048703170029));
#5258 = CARTESIAN_POINT('',(-50.05,14.048703170029));
#5259 = ( GEOMETRIC_REPRESENTATION_CONTEXT(2) 
PARAMETRIC_REPRESENTATION_CONTEXT() REPRESENTATION_CONTEXT('2D SPACE',''
  ) );
#5260 = PCURVE('',#5261,#5266);
#5261 = PLANE('',#5262);
#5262 = AXIS2_PLACEMENT_3D('',#5263,#5264,#5265);
#5263 = CARTESIAN_POINT('',(-19.95,14.05,39.71));
#5264 = DIRECTION('',(0.,0.991695758116,-0.128606078142));
#5265 = DIRECTION('',(0.,-0.128606078142,-0.991695758116));
#5266 = DEFINITIONAL_REPRESENTATION('',(#5267),#5270);
#5267 = B_SPLINE_CURVE_WITH_KNOTS('',1,(#5268,#5269),.UNSPECIFIED.,.F.,
  .F.,(2,2),(9.975,40.075),.PIECEWISE_BEZIER_KNOTS.);
#5268 = CARTESIAN_POINT('',(1.008373779777E-02,0.));
#5269 = CARTESIAN_POINT('',(1.008373779777E-02,30.1));
#5270 = ( GEOMETRIC_REPRESENTATION_CONTEXT(2) 
PARAMETRIC_REPRESENTATION_CONTEXT() REPRESENTATION_CONTEXT('2D SPACE',''
  ) );
#5271 = ORIENTED_EDGE('',*,*,#5272,.F.);
#5272 = EDGE_CURVE('',#5195,#5247,#5273,.T.);
#5273 = SURFACE_CURVE('',#5274,(#5278,#5284),.PCURVE_S1.);
#5274 = LINE('',#5275,#5276);
#5275 = CARTESIAN_POINT('',(-19.95129682997,-7.025,39.7));
#5276 = VECTOR('',#5277,1.);
#5277 = DIRECTION('',(-0.,1.,0.));
#5278 = PCURVE('',#922,#5279);
#5279 = DEFINITIONAL_REPRESENTATION('',(#5280),#5283);
#5280 = B_SPLINE_CURVE_WITH_KNOTS('',1,(#5281,#5282),.UNSPECIFIED.,.F.,
  .F.,(2,2),(-7.025,21.075),.PIECEWISE_BEZIER_KNOTS.);
#5281 = CARTESIAN_POINT('',(-19.95129682997,-14.05));
#5282 = CARTESIAN_POINT('',(-19.95129682997,14.05));
#5283 = ( GEOMETRIC_REPRESENTATION_CONTEXT(2) 
PARAMETRIC_REPRESENTATION_CONTEXT() REPRESENTATION_CONTEXT('2D SPACE',''
  ) );
#5284 = PCURVE('',#5285,#5290);
#5285 = PLANE('',#5286);
#5286 = AXIS2_PLACEMENT_3D('',#5287,#5288,#5289);
#5287 = CARTESIAN_POINT('',(-19.95,-14.05,39.71));
#5288 = DIRECTION('',(0.991695758116,0.,-0.128606078142));
#5289 = DIRECTION('',(-0.128606078142,0.,-0.991695758116));
#5290 = DEFINITIONAL_REPRESENTATION('',(#5291),#5294);
#5291 = B_SPLINE_CURVE_WITH_KNOTS('',1,(#5292,#5293),.UNSPECIFIED.,.F.,
  .F.,(2,2),(-7.025,21.075),.PIECEWISE_BEZIER_KNOTS.);
#5292 = CARTESIAN_POINT('',(1.008373779777E-02,0.));
#5293 = CARTESIAN_POINT('',(1.008373779777E-02,28.1));
#5294 = ( GEOMETRIC_REPRESENTATION_CONTEXT(2) 
PARAMETRIC_REPRESENTATION_CONTEXT() REPRESENTATION_CONTEXT('2D SPACE',''
  ) );
#5295 = FACE_BOUND('',#5296,.F.);
#5296 = EDGE_LOOP('',(#5297,#5325,#5351,#5377));
#5297 = ORIENTED_EDGE('',*,*,#5298,.F.);
#5298 = EDGE_CURVE('',#5299,#5301,#5303,.T.);
#5299 = VERTEX_POINT('',#5300);
#5300 = CARTESIAN_POINT('',(-50.04870317002,18.951296829971,39.7));
#5301 = VERTEX_POINT('',#5302);
#5302 = CARTESIAN_POINT('',(-19.95129682997,18.951296829971,39.7));
#5303 = SURFACE_CURVE('',#5304,(#5308,#5314),.PCURVE_S1.);
#5304 = LINE('',#5305,#5306);
#5305 = CARTESIAN_POINT('',(-25.025,18.951296829971,39.7));
#5306 = VECTOR('',#5307,1.);
#5307 = DIRECTION('',(1.,0.,-0.));
#5308 = PCURVE('',#922,#5309);
#5309 = DEFINITIONAL_REPRESENTATION('',(#5310),#5313);
#5310 = B_SPLINE_CURVE_WITH_KNOTS('',1,(#5311,#5312),.UNSPECIFIED.,.F.,
  .F.,(2,2),(-25.025,5.075),.PIECEWISE_BEZIER_KNOTS.);
#5311 = CARTESIAN_POINT('',(-50.05,18.951296829971));
#5312 = CARTESIAN_POINT('',(-19.95,18.951296829971));
#5313 = ( GEOMETRIC_REPRESENTATION_CONTEXT(2) 
PARAMETRIC_REPRESENTATION_CONTEXT() REPRESENTATION_CONTEXT('2D SPACE',''
  ) );
#5314 = PCURVE('',#5315,#5320);
#5315 = PLANE('',#5316);
#5316 = AXIS2_PLACEMENT_3D('',#5317,#5318,#5319);
#5317 = CARTESIAN_POINT('',(-50.05,18.95,39.71));
#5318 = DIRECTION('',(0.,-0.991695758116,-0.128606078142));
#5319 = DIRECTION('',(0.,0.128606078142,-0.991695758116));
#5320 = DEFINITIONAL_REPRESENTATION('',(#5321),#5324);
#5321 = B_SPLINE_CURVE_WITH_KNOTS('',1,(#5322,#5323),.UNSPECIFIED.,.F.,
  .F.,(2,2),(-25.025,5.075),.PIECEWISE_BEZIER_KNOTS.);
#5322 = CARTESIAN_POINT('',(1.008373779777E-02,0.));
#5323 = CARTESIAN_POINT('',(1.008373779777E-02,30.1));
#5324 = ( GEOMETRIC_REPRESENTATION_CONTEXT(2) 
PARAMETRIC_REPRESENTATION_CONTEXT() REPRESENTATION_CONTEXT('2D SPACE',''
  ) );
#5325 = ORIENTED_EDGE('',*,*,#5326,.F.);
#5326 = EDGE_CURVE('',#5327,#5299,#5329,.T.);
#5327 = VERTEX_POINT('',#5328);
#5328 = CARTESIAN_POINT('',(-50.04870317002,47.048703170029,39.7));
#5329 = SURFACE_CURVE('',#5330,(#5334,#5340),.PCURVE_S1.);
#5330 = LINE('',#5331,#5332);
#5331 = CARTESIAN_POINT('',(-50.04870317002,23.525,39.7));
#5332 = VECTOR('',#5333,1.);
#5333 = DIRECTION('',(0.,-1.,0.));
#5334 = PCURVE('',#922,#5335);
#5335 = DEFINITIONAL_REPRESENTATION('',(#5336),#5339);
#5336 = B_SPLINE_CURVE_WITH_KNOTS('',1,(#5337,#5338),.UNSPECIFIED.,.F.,
  .F.,(2,2),(-23.525,4.575),.PIECEWISE_BEZIER_KNOTS.);
#5337 = CARTESIAN_POINT('',(-50.04870317002,47.05));
#5338 = CARTESIAN_POINT('',(-50.04870317002,18.95));
#5339 = ( GEOMETRIC_REPRESENTATION_CONTEXT(2) 
PARAMETRIC_REPRESENTATION_CONTEXT() REPRESENTATION_CONTEXT('2D SPACE',''
  ) );
#5340 = PCURVE('',#5341,#5346);
#5341 = PLANE('',#5342);
#5342 = AXIS2_PLACEMENT_3D('',#5343,#5344,#5345);
#5343 = CARTESIAN_POINT('',(-50.05,47.05,39.71));
#5344 = DIRECTION('',(-0.991695758116,-0.,-0.128606078142));
#5345 = DIRECTION('',(0.128606078142,0.,-0.991695758116));
#5346 = DEFINITIONAL_REPRESENTATION('',(#5347),#5350);
#5347 = B_SPLINE_CURVE_WITH_KNOTS('',1,(#5348,#5349),.UNSPECIFIED.,.F.,
  .F.,(2,2),(-23.525,4.575),.PIECEWISE_BEZIER_KNOTS.);
#5348 = CARTESIAN_POINT('',(1.008373779777E-02,0.));
#5349 = CARTESIAN_POINT('',(1.008373779777E-02,28.1));
#5350 = ( GEOMETRIC_REPRESENTATION_CONTEXT(2) 
PARAMETRIC_REPRESENTATION_CONTEXT() REPRESENTATION_CONTEXT('2D SPACE',''
  ) );
#5351 = ORIENTED_EDGE('',*,*,#5352,.F.);
#5352 = EDGE_CURVE('',#5353,#5327,#5355,.T.);
#5353 = VERTEX_POINT('',#5354);
#5354 = CARTESIAN_POINT('',(-19.95129682997,47.048703170029,39.7));
#5355 = SURFACE_CURVE('',#5356,(#5360,#5366),.PCURVE_S1.);
#5356 = LINE('',#5357,#5358);
#5357 = CARTESIAN_POINT('',(-9.975,47.048703170029,39.7));
#5358 = VECTOR('',#5359,1.);
#5359 = DIRECTION('',(-1.,0.,0.));
#5360 = PCURVE('',#922,#5361);
#5361 = DEFINITIONAL_REPRESENTATION('',(#5362),#5365);
#5362 = B_SPLINE_CURVE_WITH_KNOTS('',1,(#5363,#5364),.UNSPECIFIED.,.F.,
  .F.,(2,2),(9.975,40.075),.PIECEWISE_BEZIER_KNOTS.);
#5363 = CARTESIAN_POINT('',(-19.95,47.048703170029));
#5364 = CARTESIAN_POINT('',(-50.05,47.048703170029));
#5365 = ( GEOMETRIC_REPRESENTATION_CONTEXT(2) 
PARAMETRIC_REPRESENTATION_CONTEXT() REPRESENTATION_CONTEXT('2D SPACE',''
  ) );
#5366 = PCURVE('',#5367,#5372);
#5367 = PLANE('',#5368);
#5368 = AXIS2_PLACEMENT_3D('',#5369,#5370,#5371);
#5369 = CARTESIAN_POINT('',(-19.95,47.05,39.71));
#5370 = DIRECTION('',(0.,0.991695758116,-0.128606078142));
#5371 = DIRECTION('',(0.,-0.128606078142,-0.991695758116));
#5372 = DEFINITIONAL_REPRESENTATION('',(#5373),#5376);
#5373 = B_SPLINE_CURVE_WITH_KNOTS('',1,(#5374,#5375),.UNSPECIFIED.,.F.,
  .F.,(2,2),(9.975,40.075),.PIECEWISE_BEZIER_KNOTS.);
#5374 = CARTESIAN_POINT('',(1.008373779777E-02,0.));
#5375 = CARTESIAN_POINT('',(1.008373779777E-02,30.1));
#5376 = ( GEOMETRIC_REPRESENTATION_CONTEXT(2) 
PARAMETRIC_REPRESENTATION_CONTEXT() REPRESENTATION_CONTEXT('2D SPACE',''
  ) );
#5377 = ORIENTED_EDGE('',*,*,#5378,.F.);
#5378 = EDGE_CURVE('',#5301,#5353,#5379,.T.);
#5379 = SURFACE_CURVE('',#5380,(#5384,#5390),.PCURVE_S1.);
#5380 = LINE('',#5381,#5382);
#5381 = CARTESIAN_POINT('',(-19.95129682997,9.475,39.7));
#5382 = VECTOR('',#5383,1.);
#5383 = DIRECTION('',(-0.,1.,0.));
#5384 = PCURVE('',#922,#5385);
#5385 = DEFINITIONAL_REPRESENTATION('',(#5386),#5389);
#5386 = B_SPLINE_CURVE_WITH_KNOTS('',1,(#5387,#5388),.UNSPECIFIED.,.F.,
  .F.,(2,2),(9.475,37.575),.PIECEWISE_BEZIER_KNOTS.);
#5387 = CARTESIAN_POINT('',(-19.95129682997,18.95));
#5388 = CARTESIAN_POINT('',(-19.95129682997,47.05));
#5389 = ( GEOMETRIC_REPRESENTATION_CONTEXT(2) 
PARAMETRIC_REPRESENTATION_CONTEXT() REPRESENTATION_CONTEXT('2D SPACE',''
  ) );
#5390 = PCURVE('',#5391,#5396);
#5391 = PLANE('',#5392);
#5392 = AXIS2_PLACEMENT_3D('',#5393,#5394,#5395);
#5393 = CARTESIAN_POINT('',(-19.95,18.95,39.71));
#5394 = DIRECTION('',(0.991695758116,0.,-0.128606078142));
#5395 = DIRECTION('',(-0.128606078142,0.,-0.991695758116));
#5396 = DEFINITIONAL_REPRESENTATION('',(#5397),#5400);
#5397 = B_SPLINE_CURVE_WITH_KNOTS('',1,(#5398,#5399),.UNSPECIFIED.,.F.,
  .F.,(2,2),(9.475,37.575),.PIECEWISE_BEZIER_KNOTS.);
#5398 = CARTESIAN_POINT('',(1.008373779777E-02,0.));
#5399 = CARTESIAN_POINT('',(1.008373779777E-02,28.1));
#5400 = ( GEOMETRIC_REPRESENTATION_CONTEXT(2) 
PARAMETRIC_REPRESENTATION_CONTEXT() REPRESENTATION_CONTEXT('2D SPACE',''
  ) );
#5401 = FACE_BOUND('',#5402,.F.);
#5402 = EDGE_LOOP('',(#5403,#5431,#5457,#5483));
#5403 = ORIENTED_EDGE('',*,*,#5404,.F.);
#5404 = EDGE_CURVE('',#5405,#5407,#5409,.T.);
#5405 = VERTEX_POINT('',#5406);
#5406 = CARTESIAN_POINT('',(-85.04870317002,51.951296829971,39.7));
#5407 = VERTEX_POINT('',#5408);
#5408 = CARTESIAN_POINT('',(-54.95129682997,51.951296829971,39.7));
#5409 = SURFACE_CURVE('',#5410,(#5414,#5420),.PCURVE_S1.);
#5410 = LINE('',#5411,#5412);
#5411 = CARTESIAN_POINT('',(-42.525,51.951296829971,39.7));
#5412 = VECTOR('',#5413,1.);
#5413 = DIRECTION('',(1.,0.,-0.));
#5414 = PCURVE('',#922,#5415);
#5415 = DEFINITIONAL_REPRESENTATION('',(#5416),#5419);
#5416 = B_SPLINE_CURVE_WITH_KNOTS('',1,(#5417,#5418),.UNSPECIFIED.,.F.,
  .F.,(2,2),(-42.525,-12.425),.PIECEWISE_BEZIER_KNOTS.);
#5417 = CARTESIAN_POINT('',(-85.05,51.951296829971));
#5418 = CARTESIAN_POINT('',(-54.95,51.951296829971));
#5419 = ( GEOMETRIC_REPRESENTATION_CONTEXT(2) 
PARAMETRIC_REPRESENTATION_CONTEXT() REPRESENTATION_CONTEXT('2D SPACE',''
  ) );
#5420 = PCURVE('',#5421,#5426);
#5421 = PLANE('',#5422);
#5422 = AXIS2_PLACEMENT_3D('',#5423,#5424,#5425);
#5423 = CARTESIAN_POINT('',(-85.05,51.95,39.71));
#5424 = DIRECTION('',(0.,-0.991695758116,-0.128606078142));
#5425 = DIRECTION('',(0.,0.128606078142,-0.991695758116));
#5426 = DEFINITIONAL_REPRESENTATION('',(#5427),#5430);
#5427 = B_SPLINE_CURVE_WITH_KNOTS('',1,(#5428,#5429),.UNSPECIFIED.,.F.,
  .F.,(2,2),(-42.525,-12.425),.PIECEWISE_BEZIER_KNOTS.);
#5428 = CARTESIAN_POINT('',(1.008373779776E-02,0.));
#5429 = CARTESIAN_POINT('',(1.008373779776E-02,30.1));
#5430 = ( GEOMETRIC_REPRESENTATION_CONTEXT(2) 
PARAMETRIC_REPRESENTATION_CONTEXT() REPRESENTATION_CONTEXT('2D SPACE',''
  ) );
#5431 = ORIENTED_EDGE('',*,*,#5432,.F.);
#5432 = EDGE_CURVE('',#5433,#5405,#5435,.T.);
#5433 = VERTEX_POINT('',#5434);
#5434 = CARTESIAN_POINT('',(-85.04870317002,80.048703170029,39.7));
#5435 = SURFACE_CURVE('',#5436,(#5440,#5446),.PCURVE_S1.);
#5436 = LINE('',#5437,#5438);
#5437 = CARTESIAN_POINT('',(-85.04870317002,40.025,39.7));
#5438 = VECTOR('',#5439,1.);
#5439 = DIRECTION('',(0.,-1.,0.));
#5440 = PCURVE('',#922,#5441);
#5441 = DEFINITIONAL_REPRESENTATION('',(#5442),#5445);
#5442 = B_SPLINE_CURVE_WITH_KNOTS('',1,(#5443,#5444),.UNSPECIFIED.,.F.,
  .F.,(2,2),(-40.025,-11.925),.PIECEWISE_BEZIER_KNOTS.);
#5443 = CARTESIAN_POINT('',(-85.04870317002,80.05));
#5444 = CARTESIAN_POINT('',(-85.04870317002,51.95));
#5445 = ( GEOMETRIC_REPRESENTATION_CONTEXT(2) 
PARAMETRIC_REPRESENTATION_CONTEXT() REPRESENTATION_CONTEXT('2D SPACE',''
  ) );
#5446 = PCURVE('',#5447,#5452);
#5447 = PLANE('',#5448);
#5448 = AXIS2_PLACEMENT_3D('',#5449,#5450,#5451);
#5449 = CARTESIAN_POINT('',(-85.05,80.05,39.71));
#5450 = DIRECTION('',(-0.991695758116,-0.,-0.128606078142));
#5451 = DIRECTION('',(0.128606078142,0.,-0.991695758116));
#5452 = DEFINITIONAL_REPRESENTATION('',(#5453),#5456);
#5453 = B_SPLINE_CURVE_WITH_KNOTS('',1,(#5454,#5455),.UNSPECIFIED.,.F.,
  .F.,(2,2),(-40.025,-11.925),.PIECEWISE_BEZIER_KNOTS.);
#5454 = CARTESIAN_POINT('',(1.008373779776E-02,0.));
#5455 = CARTESIAN_POINT('',(1.008373779776E-02,28.1));
#5456 = ( GEOMETRIC_REPRESENTATION_CONTEXT(2) 
PARAMETRIC_REPRESENTATION_CONTEXT() REPRESENTATION_CONTEXT('2D SPACE',''
  ) );
#5457 = ORIENTED_EDGE('',*,*,#5458,.F.);
#5458 = EDGE_CURVE('',#5459,#5433,#5461,.T.);
#5459 = VERTEX_POINT('',#5460);
#5460 = CARTESIAN_POINT('',(-54.95129682997,80.048703170029,39.7));
#5461 = SURFACE_CURVE('',#5462,(#5466,#5472),.PCURVE_S1.);
#5462 = LINE('',#5463,#5464);
#5463 = CARTESIAN_POINT('',(-27.475,80.048703170029,39.7));
#5464 = VECTOR('',#5465,1.);
#5465 = DIRECTION('',(-1.,0.,0.));
#5466 = PCURVE('',#922,#5467);
#5467 = DEFINITIONAL_REPRESENTATION('',(#5468),#5471);
#5468 = B_SPLINE_CURVE_WITH_KNOTS('',1,(#5469,#5470),.UNSPECIFIED.,.F.,
  .F.,(2,2),(27.475,57.575),.PIECEWISE_BEZIER_KNOTS.);
#5469 = CARTESIAN_POINT('',(-54.95,80.048703170029));
#5470 = CARTESIAN_POINT('',(-85.05,80.048703170029));
#5471 = ( GEOMETRIC_REPRESENTATION_CONTEXT(2) 
PARAMETRIC_REPRESENTATION_CONTEXT() REPRESENTATION_CONTEXT('2D SPACE',''
  ) );
#5472 = PCURVE('',#5473,#5478);
#5473 = PLANE('',#5474);
#5474 = AXIS2_PLACEMENT_3D('',#5475,#5476,#5477);
#5475 = CARTESIAN_POINT('',(-54.95,80.05,39.71));
#5476 = DIRECTION('',(0.,0.991695758116,-0.128606078142));
#5477 = DIRECTION('',(0.,-0.128606078142,-0.991695758116));
#5478 = DEFINITIONAL_REPRESENTATION('',(#5479),#5482);
#5479 = B_SPLINE_CURVE_WITH_KNOTS('',1,(#5480,#5481),.UNSPECIFIED.,.F.,
  .F.,(2,2),(27.475,57.575),.PIECEWISE_BEZIER_KNOTS.);
#5480 = CARTESIAN_POINT('',(1.008373779776E-02,0.));
#5481 = CARTESIAN_POINT('',(1.008373779776E-02,30.1));
#5482 = ( GEOMETRIC_REPRESENTATION_CONTEXT(2) 
PARAMETRIC_REPRESENTATION_CONTEXT() REPRESENTATION_CONTEXT('2D SPACE',''
  ) );
#5483 = ORIENTED_EDGE('',*,*,#5484,.F.);
#5484 = EDGE_CURVE('',#5407,#5459,#5485,.T.);
#5485 = SURFACE_CURVE('',#5486,(#5490,#5496),.PCURVE_S1.);
#5486 = LINE('',#5487,#5488);
#5487 = CARTESIAN_POINT('',(-54.95129682997,25.975,39.7));
#5488 = VECTOR('',#5489,1.);
#5489 = DIRECTION('',(-0.,1.,0.));
#5490 = PCURVE('',#922,#5491);
#5491 = DEFINITIONAL_REPRESENTATION('',(#5492),#5495);
#5492 = B_SPLINE_CURVE_WITH_KNOTS('',1,(#5493,#5494),.UNSPECIFIED.,.F.,
  .F.,(2,2),(25.975,54.075),.PIECEWISE_BEZIER_KNOTS.);
#5493 = CARTESIAN_POINT('',(-54.95129682997,51.95));
#5494 = CARTESIAN_POINT('',(-54.95129682997,80.05));
#5495 = ( GEOMETRIC_REPRESENTATION_CONTEXT(2) 
PARAMETRIC_REPRESENTATION_CONTEXT() REPRESENTATION_CONTEXT('2D SPACE',''
  ) );
#5496 = PCURVE('',#5497,#5502);
#5497 = PLANE('',#5498);
#5498 = AXIS2_PLACEMENT_3D('',#5499,#5500,#5501);
#5499 = CARTESIAN_POINT('',(-54.95,51.95,39.71));
#5500 = DIRECTION('',(0.991695758116,0.,-0.128606078142));
#5501 = DIRECTION('',(-0.128606078142,0.,-0.991695758116));
#5502 = DEFINITIONAL_REPRESENTATION('',(#5503),#5506);
#5503 = B_SPLINE_CURVE_WITH_KNOTS('',1,(#5504,#5505),.UNSPECIFIED.,.F.,
  .F.,(2,2),(25.975,54.075),.PIECEWISE_BEZIER_KNOTS.);
#5504 = CARTESIAN_POINT('',(1.008373779776E-02,0.));
#5505 = CARTESIAN_POINT('',(1.008373779776E-02,28.1));
#5506 = ( GEOMETRIC_REPRESENTATION_CONTEXT(2) 
PARAMETRIC_REPRESENTATION_CONTEXT() REPRESENTATION_CONTEXT('2D SPACE',''
  ) );
#5507 = FACE_BOUND('',#5508,.F.);
#5508 = EDGE_LOOP('',(#5509,#5537,#5563,#5589));
#5509 = ORIENTED_EDGE('',*,*,#5510,.F.);
#5510 = EDGE_CURVE('',#5511,#5513,#5515,.T.);
#5511 = VERTEX_POINT('',#5512);
#5512 = CARTESIAN_POINT('',(-50.04870317002,51.951296829971,39.7));
#5513 = VERTEX_POINT('',#5514);
#5514 = CARTESIAN_POINT('',(-19.95129682997,51.951296829971,39.7));
#5515 = SURFACE_CURVE('',#5516,(#5520,#5526),.PCURVE_S1.);
#5516 = LINE('',#5517,#5518);
#5517 = CARTESIAN_POINT('',(-25.025,51.951296829971,39.7));
#5518 = VECTOR('',#5519,1.);
#5519 = DIRECTION('',(1.,0.,-0.));
#5520 = PCURVE('',#922,#5521);
#5521 = DEFINITIONAL_REPRESENTATION('',(#5522),#5525);
#5522 = B_SPLINE_CURVE_WITH_KNOTS('',1,(#5523,#5524),.UNSPECIFIED.,.F.,
  .F.,(2,2),(-25.025,5.075),.PIECEWISE_BEZIER_KNOTS.);
#5523 = CARTESIAN_POINT('',(-50.05,51.951296829971));
#5524 = CARTESIAN_POINT('',(-19.95,51.951296829971));
#5525 = ( GEOMETRIC_REPRESENTATION_CONTEXT(2) 
PARAMETRIC_REPRESENTATION_CONTEXT() REPRESENTATION_CONTEXT('2D SPACE',''
  ) );
#5526 = PCURVE('',#5527,#5532);
#5527 = PLANE('',#5528);
#5528 = AXIS2_PLACEMENT_3D('',#5529,#5530,#5531);
#5529 = CARTESIAN_POINT('',(-50.05,51.95,39.71));
#5530 = DIRECTION('',(0.,-0.991695758116,-0.128606078142));
#5531 = DIRECTION('',(0.,0.128606078142,-0.991695758116));
#5532 = DEFINITIONAL_REPRESENTATION('',(#5533),#5536);
#5533 = B_SPLINE_CURVE_WITH_KNOTS('',1,(#5534,#5535),.UNSPECIFIED.,.F.,
  .F.,(2,2),(-25.025,5.075),.PIECEWISE_BEZIER_KNOTS.);
#5534 = CARTESIAN_POINT('',(1.008373779777E-02,0.));
#5535 = CARTESIAN_POINT('',(1.008373779777E-02,30.1));
#5536 = ( GEOMETRIC_REPRESENTATION_CONTEXT(2) 
PARAMETRIC_REPRESENTATION_CONTEXT() REPRESENTATION_CONTEXT('2D SPACE',''
  ) );
#5537 = ORIENTED_EDGE('',*,*,#5538,.F.);
#5538 = EDGE_CURVE('',#5539,#5511,#5541,.T.);
#5539 = VERTEX_POINT('',#5540);
#5540 = CARTESIAN_POINT('',(-50.04870317002,80.048703170029,39.7));
#5541 = SURFACE_CURVE('',#5542,(#5546,#5552),.PCURVE_S1.);
#5542 = LINE('',#5543,#5544);
#5543 = CARTESIAN_POINT('',(-50.04870317002,40.025,39.7));
#5544 = VECTOR('',#5545,1.);
#5545 = DIRECTION('',(0.,-1.,0.));
#5546 = PCURVE('',#922,#5547);
#5547 = DEFINITIONAL_REPRESENTATION('',(#5548),#5551);
#5548 = B_SPLINE_CURVE_WITH_KNOTS('',1,(#5549,#5550),.UNSPECIFIED.,.F.,
  .F.,(2,2),(-40.025,-11.925),.PIECEWISE_BEZIER_KNOTS.);
#5549 = CARTESIAN_POINT('',(-50.04870317002,80.05));
#5550 = CARTESIAN_POINT('',(-50.04870317002,51.95));
#5551 = ( GEOMETRIC_REPRESENTATION_CONTEXT(2) 
PARAMETRIC_REPRESENTATION_CONTEXT() REPRESENTATION_CONTEXT('2D SPACE',''
  ) );
#5552 = PCURVE('',#5553,#5558);
#5553 = PLANE('',#5554);
#5554 = AXIS2_PLACEMENT_3D('',#5555,#5556,#5557);
#5555 = CARTESIAN_POINT('',(-50.05,80.05,39.71));
#5556 = DIRECTION('',(-0.991695758116,-0.,-0.128606078142));
#5557 = DIRECTION('',(0.128606078142,0.,-0.991695758116));
#5558 = DEFINITIONAL_REPRESENTATION('',(#5559),#5562);
#5559 = B_SPLINE_CURVE_WITH_KNOTS('',1,(#5560,#5561),.UNSPECIFIED.,.F.,
  .F.,(2,2),(-40.025,-11.925),.PIECEWISE_BEZIER_KNOTS.);
#5560 = CARTESIAN_POINT('',(1.008373779777E-02,0.));
#5561 = CARTESIAN_POINT('',(1.008373779777E-02,28.1));
#5562 = ( GEOMETRIC_REPRESENTATION_CONTEXT(2) 
PARAMETRIC_REPRESENTATION_CONTEXT() REPRESENTATION_CONTEXT('2D SPACE',''
  ) );
#5563 = ORIENTED_EDGE('',*,*,#5564,.F.);
#5564 = EDGE_CURVE('',#5565,#5539,#5567,.T.);
#5565 = VERTEX_POINT('',#5566);
#5566 = CARTESIAN_POINT('',(-19.95129682997,80.048703170029,39.7));
#5567 = SURFACE_CURVE('',#5568,(#5572,#5578),.PCURVE_S1.);
#5568 = LINE('',#5569,#5570);
#5569 = CARTESIAN_POINT('',(-9.975,80.048703170029,39.7));
#5570 = VECTOR('',#5571,1.);
#5571 = DIRECTION('',(-1.,0.,0.));
#5572 = PCURVE('',#922,#5573);
#5573 = DEFINITIONAL_REPRESENTATION('',(#5574),#5577);
#5574 = B_SPLINE_CURVE_WITH_KNOTS('',1,(#5575,#5576),.UNSPECIFIED.,.F.,
  .F.,(2,2),(9.975,40.075),.PIECEWISE_BEZIER_KNOTS.);
#5575 = CARTESIAN_POINT('',(-19.95,80.048703170029));
#5576 = CARTESIAN_POINT('',(-50.05,80.048703170029));
#5577 = ( GEOMETRIC_REPRESENTATION_CONTEXT(2) 
PARAMETRIC_REPRESENTATION_CONTEXT() REPRESENTATION_CONTEXT('2D SPACE',''
  ) );
#5578 = PCURVE('',#5579,#5584);
#5579 = PLANE('',#5580);
#5580 = AXIS2_PLACEMENT_3D('',#5581,#5582,#5583);
#5581 = CARTESIAN_POINT('',(-19.95,80.05,39.71));
#5582 = DIRECTION('',(0.,0.991695758116,-0.128606078142));
#5583 = DIRECTION('',(0.,-0.128606078142,-0.991695758116));
#5584 = DEFINITIONAL_REPRESENTATION('',(#5585),#5588);
#5585 = B_SPLINE_CURVE_WITH_KNOTS('',1,(#5586,#5587),.UNSPECIFIED.,.F.,
  .F.,(2,2),(9.975,40.075),.PIECEWISE_BEZIER_KNOTS.);
#5586 = CARTESIAN_POINT('',(1.008373779777E-02,0.));
#5587 = CARTESIAN_POINT('',(1.008373779777E-02,30.1));
#5588 = ( GEOMETRIC_REPRESENTATION_CONTEXT(2) 
PARAMETRIC_REPRESENTATION_CONTEXT() REPRESENTATION_CONTEXT('2D SPACE',''
  ) );
#5589 = ORIENTED_EDGE('',*,*,#5590,.F.);
#5590 = EDGE_CURVE('',#5513,#5565,#5591,.T.);
#5591 = SURFACE_CURVE('',#5592,(#5596,#5602),.PCURVE_S1.);
#5592 = LINE('',#5593,#5594);
#5593 = CARTESIAN_POINT('',(-19.95129682997,25.975,39.7));
#5594 = VECTOR('',#5595,1.);
#5595 = DIRECTION('',(-0.,1.,0.));
#5596 = PCURVE('',#922,#5597);
#5597 = DEFINITIONAL_REPRESENTATION('',(#5598),#5601);
#5598 = B_SPLINE_CURVE_WITH_KNOTS('',1,(#5599,#5600),.UNSPECIFIED.,.F.,
  .F.,(2,2),(25.975,54.075),.PIECEWISE_BEZIER_KNOTS.);
#5599 = CARTESIAN_POINT('',(-19.95129682997,51.95));
#5600 = CARTESIAN_POINT('',(-19.95129682997,80.05));
#5601 = ( GEOMETRIC_REPRESENTATION_CONTEXT(2) 
PARAMETRIC_REPRESENTATION_CONTEXT() REPRESENTATION_CONTEXT('2D SPACE',''
  ) );
#5602 = PCURVE('',#5603,#5608);
#5603 = PLANE('',#5604);
#5604 = AXIS2_PLACEMENT_3D('',#5605,#5606,#5607);
#5605 = CARTESIAN_POINT('',(-19.95,51.95,39.71));
#5606 = DIRECTION('',(0.991695758116,0.,-0.128606078142));
#5607 = DIRECTION('',(-0.128606078142,0.,-0.991695758116));
#5608 = DEFINITIONAL_REPRESENTATION('',(#5609),#5612);
#5609 = B_SPLINE_CURVE_WITH_KNOTS('',1,(#5610,#5611),.UNSPECIFIED.,.F.,
  .F.,(2,2),(25.975,54.075),.PIECEWISE_BEZIER_KNOTS.);
#5610 = CARTESIAN_POINT('',(1.008373779777E-02,0.));
#5611 = CARTESIAN_POINT('',(1.008373779777E-02,28.1));
#5612 = ( GEOMETRIC_REPRESENTATION_CONTEXT(2) 
PARAMETRIC_REPRESENTATION_CONTEXT() REPRESENTATION_CONTEXT('2D SPACE',''
  ) );
#5613 = FACE_BOUND('',#5614,.F.);
#5614 = EDGE_LOOP('',(#5615,#5643,#5669,#5695));
#5615 = ORIENTED_EDGE('',*,*,#5616,.F.);
#5616 = EDGE_CURVE('',#5617,#5619,#5621,.T.);
#5617 = VERTEX_POINT('',#5618);
#5618 = CARTESIAN_POINT('',(-15.04870317002,-14.04870317002,39.7));
#5619 = VERTEX_POINT('',#5620);
#5620 = CARTESIAN_POINT('',(15.048703170029,-14.04870317002,39.7));
#5621 = SURFACE_CURVE('',#5622,(#5626,#5632),.PCURVE_S1.);
#5622 = LINE('',#5623,#5624);
#5623 = CARTESIAN_POINT('',(-7.525,-14.04870317002,39.7));
#5624 = VECTOR('',#5625,1.);
#5625 = DIRECTION('',(1.,0.,-0.));
#5626 = PCURVE('',#922,#5627);
#5627 = DEFINITIONAL_REPRESENTATION('',(#5628),#5631);
#5628 = B_SPLINE_CURVE_WITH_KNOTS('',1,(#5629,#5630),.UNSPECIFIED.,.F.,
  .F.,(2,2),(-7.525,22.575),.PIECEWISE_BEZIER_KNOTS.);
#5629 = CARTESIAN_POINT('',(-15.05,-14.04870317002));
#5630 = CARTESIAN_POINT('',(15.05,-14.04870317002));
#5631 = ( GEOMETRIC_REPRESENTATION_CONTEXT(2) 
PARAMETRIC_REPRESENTATION_CONTEXT() REPRESENTATION_CONTEXT('2D SPACE',''
  ) );
#5632 = PCURVE('',#5633,#5638);
#5633 = PLANE('',#5634);
#5634 = AXIS2_PLACEMENT_3D('',#5635,#5636,#5637);
#5635 = CARTESIAN_POINT('',(-15.05,-14.05,39.71));
#5636 = DIRECTION('',(0.,-0.991695758116,-0.128606078142));
#5637 = DIRECTION('',(0.,0.128606078142,-0.991695758116));
#5638 = DEFINITIONAL_REPRESENTATION('',(#5639),#5642);
#5639 = B_SPLINE_CURVE_WITH_KNOTS('',1,(#5640,#5641),.UNSPECIFIED.,.F.,
  .F.,(2,2),(-7.525,22.575),.PIECEWISE_BEZIER_KNOTS.);
#5640 = CARTESIAN_POINT('',(1.008373779778E-02,0.));
#5641 = CARTESIAN_POINT('',(1.008373779778E-02,30.1));
#5642 = ( GEOMETRIC_REPRESENTATION_CONTEXT(2) 
PARAMETRIC_REPRESENTATION_CONTEXT() REPRESENTATION_CONTEXT('2D SPACE',''
  ) );
#5643 = ORIENTED_EDGE('',*,*,#5644,.F.);
#5644 = EDGE_CURVE('',#5645,#5617,#5647,.T.);
#5645 = VERTEX_POINT('',#5646);
#5646 = CARTESIAN_POINT('',(-15.04870317002,14.048703170029,39.7));
#5647 = SURFACE_CURVE('',#5648,(#5652,#5658),.PCURVE_S1.);
#5648 = LINE('',#5649,#5650);
#5649 = CARTESIAN_POINT('',(-15.04870317002,7.025,39.7));
#5650 = VECTOR('',#5651,1.);
#5651 = DIRECTION('',(0.,-1.,0.));
#5652 = PCURVE('',#922,#5653);
#5653 = DEFINITIONAL_REPRESENTATION('',(#5654),#5657);
#5654 = B_SPLINE_CURVE_WITH_KNOTS('',1,(#5655,#5656),.UNSPECIFIED.,.F.,
  .F.,(2,2),(-7.025,21.075),.PIECEWISE_BEZIER_KNOTS.);
#5655 = CARTESIAN_POINT('',(-15.04870317002,14.05));
#5656 = CARTESIAN_POINT('',(-15.04870317002,-14.05));
#5657 = ( GEOMETRIC_REPRESENTATION_CONTEXT(2) 
PARAMETRIC_REPRESENTATION_CONTEXT() REPRESENTATION_CONTEXT('2D SPACE',''
  ) );
#5658 = PCURVE('',#5659,#5664);
#5659 = PLANE('',#5660);
#5660 = AXIS2_PLACEMENT_3D('',#5661,#5662,#5663);
#5661 = CARTESIAN_POINT('',(-15.05,14.05,39.71));
#5662 = DIRECTION('',(-0.991695758116,-0.,-0.128606078142));
#5663 = DIRECTION('',(0.128606078142,0.,-0.991695758116));
#5664 = DEFINITIONAL_REPRESENTATION('',(#5665),#5668);
#5665 = B_SPLINE_CURVE_WITH_KNOTS('',1,(#5666,#5667),.UNSPECIFIED.,.F.,
  .F.,(2,2),(-7.025,21.075),.PIECEWISE_BEZIER_KNOTS.);
#5666 = CARTESIAN_POINT('',(1.008373779778E-02,0.));
#5667 = CARTESIAN_POINT('',(1.008373779778E-02,28.1));
#5668 = ( GEOMETRIC_REPRESENTATION_CONTEXT(2) 
PARAMETRIC_REPRESENTATION_CONTEXT() REPRESENTATION_CONTEXT('2D SPACE',''
  ) );
#5669 = ORIENTED_EDGE('',*,*,#5670,.F.);
#5670 = EDGE_CURVE('',#5671,#5645,#5673,.T.);
#5671 = VERTEX_POINT('',#5672);
#5672 = CARTESIAN_POINT('',(15.048703170029,14.048703170029,39.7));
#5673 = SURFACE_CURVE('',#5674,(#5678,#5684),.PCURVE_S1.);
#5674 = LINE('',#5675,#5676);
#5675 = CARTESIAN_POINT('',(7.525,14.048703170029,39.7));
#5676 = VECTOR('',#5677,1.);
#5677 = DIRECTION('',(-1.,0.,0.));
#5678 = PCURVE('',#922,#5679);
#5679 = DEFINITIONAL_REPRESENTATION('',(#5680),#5683);
#5680 = B_SPLINE_CURVE_WITH_KNOTS('',1,(#5681,#5682),.UNSPECIFIED.,.F.,
  .F.,(2,2),(-7.525,22.575),.PIECEWISE_BEZIER_KNOTS.);
#5681 = CARTESIAN_POINT('',(15.05,14.048703170029));
#5682 = CARTESIAN_POINT('',(-15.05,14.048703170029));
#5683 = ( GEOMETRIC_REPRESENTATION_CONTEXT(2) 
PARAMETRIC_REPRESENTATION_CONTEXT() REPRESENTATION_CONTEXT('2D SPACE',''
  ) );
#5684 = PCURVE('',#5685,#5690);
#5685 = PLANE('',#5686);
#5686 = AXIS2_PLACEMENT_3D('',#5687,#5688,#5689);
#5687 = CARTESIAN_POINT('',(15.05,14.05,39.71));
#5688 = DIRECTION('',(0.,0.991695758116,-0.128606078142));
#5689 = DIRECTION('',(0.,-0.128606078142,-0.991695758116));
#5690 = DEFINITIONAL_REPRESENTATION('',(#5691),#5694);
#5691 = B_SPLINE_CURVE_WITH_KNOTS('',1,(#5692,#5693),.UNSPECIFIED.,.F.,
  .F.,(2,2),(-7.525,22.575),.PIECEWISE_BEZIER_KNOTS.);
#5692 = CARTESIAN_POINT('',(1.008373779778E-02,0.));
#5693 = CARTESIAN_POINT('',(1.008373779778E-02,30.1));
#5694 = ( GEOMETRIC_REPRESENTATION_CONTEXT(2) 
PARAMETRIC_REPRESENTATION_CONTEXT() REPRESENTATION_CONTEXT('2D SPACE',''
  ) );
#5695 = ORIENTED_EDGE('',*,*,#5696,.F.);
#5696 = EDGE_CURVE('',#5619,#5671,#5697,.T.);
#5697 = SURFACE_CURVE('',#5698,(#5702,#5708),.PCURVE_S1.);
#5698 = LINE('',#5699,#5700);
#5699 = CARTESIAN_POINT('',(15.048703170029,-7.025,39.7));
#5700 = VECTOR('',#5701,1.);
#5701 = DIRECTION('',(-0.,1.,0.));
#5702 = PCURVE('',#922,#5703);
#5703 = DEFINITIONAL_REPRESENTATION('',(#5704),#5707);
#5704 = B_SPLINE_CURVE_WITH_KNOTS('',1,(#5705,#5706),.UNSPECIFIED.,.F.,
  .F.,(2,2),(-7.025,21.075),.PIECEWISE_BEZIER_KNOTS.);
#5705 = CARTESIAN_POINT('',(15.048703170029,-14.05));
#5706 = CARTESIAN_POINT('',(15.048703170029,14.05));
#5707 = ( GEOMETRIC_REPRESENTATION_CONTEXT(2) 
PARAMETRIC_REPRESENTATION_CONTEXT() REPRESENTATION_CONTEXT('2D SPACE',''
  ) );
#5708 = PCURVE('',#5709,#5714);
#5709 = PLANE('',#5710);
#5710 = AXIS2_PLACEMENT_3D('',#5711,#5712,#5713);
#5711 = CARTESIAN_POINT('',(15.05,-14.05,39.71));
#5712 = DIRECTION('',(0.991695758116,0.,-0.128606078142));
#5713 = DIRECTION('',(-0.128606078142,0.,-0.991695758116));
#5714 = DEFINITIONAL_REPRESENTATION('',(#5715),#5718);
#5715 = B_SPLINE_CURVE_WITH_KNOTS('',1,(#5716,#5717),.UNSPECIFIED.,.F.,
  .F.,(2,2),(-7.025,21.075),.PIECEWISE_BEZIER_KNOTS.);
#5716 = CARTESIAN_POINT('',(1.008373779778E-02,0.));
#5717 = CARTESIAN_POINT('',(1.008373779778E-02,28.1));
#5718 = ( GEOMETRIC_REPRESENTATION_CONTEXT(2) 
PARAMETRIC_REPRESENTATION_CONTEXT() REPRESENTATION_CONTEXT('2D SPACE',''
  ) );
#5719 = FACE_BOUND('',#5720,.F.);
#5720 = EDGE_LOOP('',(#5721,#5749,#5775,#5801));
#5721 = ORIENTED_EDGE('',*,*,#5722,.F.);
#5722 = EDGE_CURVE('',#5723,#5725,#5727,.T.);
#5723 = VERTEX_POINT('',#5724);
#5724 = CARTESIAN_POINT('',(19.951296829971,-14.04870317002,39.7));
#5725 = VERTEX_POINT('',#5726);
#5726 = CARTESIAN_POINT('',(50.048703170029,-14.04870317002,39.7));
#5727 = SURFACE_CURVE('',#5728,(#5732,#5738),.PCURVE_S1.);
#5728 = LINE('',#5729,#5730);
#5729 = CARTESIAN_POINT('',(9.975,-14.04870317002,39.7));
#5730 = VECTOR('',#5731,1.);
#5731 = DIRECTION('',(1.,0.,-0.));
#5732 = PCURVE('',#922,#5733);
#5733 = DEFINITIONAL_REPRESENTATION('',(#5734),#5737);
#5734 = B_SPLINE_CURVE_WITH_KNOTS('',1,(#5735,#5736),.UNSPECIFIED.,.F.,
  .F.,(2,2),(9.975,40.075),.PIECEWISE_BEZIER_KNOTS.);
#5735 = CARTESIAN_POINT('',(19.95,-14.04870317002));
#5736 = CARTESIAN_POINT('',(50.05,-14.04870317002));
#5737 = ( GEOMETRIC_REPRESENTATION_CONTEXT(2) 
PARAMETRIC_REPRESENTATION_CONTEXT() REPRESENTATION_CONTEXT('2D SPACE',''
  ) );
#5738 = PCURVE('',#5739,#5744);
#5739 = PLANE('',#5740);
#5740 = AXIS2_PLACEMENT_3D('',#5741,#5742,#5743);
#5741 = CARTESIAN_POINT('',(19.95,-14.05,39.71));
#5742 = DIRECTION('',(0.,-0.991695758116,-0.128606078142));
#5743 = DIRECTION('',(0.,0.128606078142,-0.991695758116));
#5744 = DEFINITIONAL_REPRESENTATION('',(#5745),#5748);
#5745 = B_SPLINE_CURVE_WITH_KNOTS('',1,(#5746,#5747),.UNSPECIFIED.,.F.,
  .F.,(2,2),(9.975,40.075),.PIECEWISE_BEZIER_KNOTS.);
#5746 = CARTESIAN_POINT('',(1.008373779777E-02,0.));
#5747 = CARTESIAN_POINT('',(1.008373779777E-02,30.1));
#5748 = ( GEOMETRIC_REPRESENTATION_CONTEXT(2) 
PARAMETRIC_REPRESENTATION_CONTEXT() REPRESENTATION_CONTEXT('2D SPACE',''
  ) );
#5749 = ORIENTED_EDGE('',*,*,#5750,.F.);
#5750 = EDGE_CURVE('',#5751,#5723,#5753,.T.);
#5751 = VERTEX_POINT('',#5752);
#5752 = CARTESIAN_POINT('',(19.951296829971,14.048703170029,39.7));
#5753 = SURFACE_CURVE('',#5754,(#5758,#5764),.PCURVE_S1.);
#5754 = LINE('',#5755,#5756);
#5755 = CARTESIAN_POINT('',(19.951296829971,7.025,39.7));
#5756 = VECTOR('',#5757,1.);
#5757 = DIRECTION('',(0.,-1.,0.));
#5758 = PCURVE('',#922,#5759);
#5759 = DEFINITIONAL_REPRESENTATION('',(#5760),#5763);
#5760 = B_SPLINE_CURVE_WITH_KNOTS('',1,(#5761,#5762),.UNSPECIFIED.,.F.,
  .F.,(2,2),(-7.025,21.075),.PIECEWISE_BEZIER_KNOTS.);
#5761 = CARTESIAN_POINT('',(19.951296829971,14.05));
#5762 = CARTESIAN_POINT('',(19.951296829971,-14.05));
#5763 = ( GEOMETRIC_REPRESENTATION_CONTEXT(2) 
PARAMETRIC_REPRESENTATION_CONTEXT() REPRESENTATION_CONTEXT('2D SPACE',''
  ) );
#5764 = PCURVE('',#5765,#5770);
#5765 = PLANE('',#5766);
#5766 = AXIS2_PLACEMENT_3D('',#5767,#5768,#5769);
#5767 = CARTESIAN_POINT('',(19.95,14.05,39.71));
#5768 = DIRECTION('',(-0.991695758116,-0.,-0.128606078142));
#5769 = DIRECTION('',(0.128606078142,0.,-0.991695758116));
#5770 = DEFINITIONAL_REPRESENTATION('',(#5771),#5774);
#5771 = B_SPLINE_CURVE_WITH_KNOTS('',1,(#5772,#5773),.UNSPECIFIED.,.F.,
  .F.,(2,2),(-7.025,21.075),.PIECEWISE_BEZIER_KNOTS.);
#5772 = CARTESIAN_POINT('',(1.008373779777E-02,0.));
#5773 = CARTESIAN_POINT('',(1.008373779777E-02,28.1));
#5774 = ( GEOMETRIC_REPRESENTATION_CONTEXT(2) 
PARAMETRIC_REPRESENTATION_CONTEXT() REPRESENTATION_CONTEXT('2D SPACE',''
  ) );
#5775 = ORIENTED_EDGE('',*,*,#5776,.F.);
#5776 = EDGE_CURVE('',#5777,#5751,#5779,.T.);
#5777 = VERTEX_POINT('',#5778);
#5778 = CARTESIAN_POINT('',(50.048703170029,14.048703170029,39.7));
#5779 = SURFACE_CURVE('',#5780,(#5784,#5790),.PCURVE_S1.);
#5780 = LINE('',#5781,#5782);
#5781 = CARTESIAN_POINT('',(25.025,14.048703170029,39.7));
#5782 = VECTOR('',#5783,1.);
#5783 = DIRECTION('',(-1.,0.,0.));
#5784 = PCURVE('',#922,#5785);
#5785 = DEFINITIONAL_REPRESENTATION('',(#5786),#5789);
#5786 = B_SPLINE_CURVE_WITH_KNOTS('',1,(#5787,#5788),.UNSPECIFIED.,.F.,
  .F.,(2,2),(-25.025,5.075),.PIECEWISE_BEZIER_KNOTS.);
#5787 = CARTESIAN_POINT('',(50.05,14.048703170029));
#5788 = CARTESIAN_POINT('',(19.95,14.048703170029));
#5789 = ( GEOMETRIC_REPRESENTATION_CONTEXT(2) 
PARAMETRIC_REPRESENTATION_CONTEXT() REPRESENTATION_CONTEXT('2D SPACE',''
  ) );
#5790 = PCURVE('',#5791,#5796);
#5791 = PLANE('',#5792);
#5792 = AXIS2_PLACEMENT_3D('',#5793,#5794,#5795);
#5793 = CARTESIAN_POINT('',(50.05,14.05,39.71));
#5794 = DIRECTION('',(0.,0.991695758116,-0.128606078142));
#5795 = DIRECTION('',(0.,-0.128606078142,-0.991695758116));
#5796 = DEFINITIONAL_REPRESENTATION('',(#5797),#5800);
#5797 = B_SPLINE_CURVE_WITH_KNOTS('',1,(#5798,#5799),.UNSPECIFIED.,.F.,
  .F.,(2,2),(-25.025,5.075),.PIECEWISE_BEZIER_KNOTS.);
#5798 = CARTESIAN_POINT('',(1.008373779777E-02,0.));
#5799 = CARTESIAN_POINT('',(1.008373779777E-02,30.1));
#5800 = ( GEOMETRIC_REPRESENTATION_CONTEXT(2) 
PARAMETRIC_REPRESENTATION_CONTEXT() REPRESENTATION_CONTEXT('2D SPACE',''
  ) );
#5801 = ORIENTED_EDGE('',*,*,#5802,.F.);
#5802 = EDGE_CURVE('',#5725,#5777,#5803,.T.);
#5803 = SURFACE_CURVE('',#5804,(#5808,#5814),.PCURVE_S1.);
#5804 = LINE('',#5805,#5806);
#5805 = CARTESIAN_POINT('',(50.048703170029,-7.025,39.7));
#5806 = VECTOR('',#5807,1.);
#5807 = DIRECTION('',(-0.,1.,0.));
#5808 = PCURVE('',#922,#5809);
#5809 = DEFINITIONAL_REPRESENTATION('',(#5810),#5813);
#5810 = B_SPLINE_CURVE_WITH_KNOTS('',1,(#5811,#5812),.UNSPECIFIED.,.F.,
  .F.,(2,2),(-7.025,21.075),.PIECEWISE_BEZIER_KNOTS.);
#5811 = CARTESIAN_POINT('',(50.048703170029,-14.05));
#5812 = CARTESIAN_POINT('',(50.048703170029,14.05));
#5813 = ( GEOMETRIC_REPRESENTATION_CONTEXT(2) 
PARAMETRIC_REPRESENTATION_CONTEXT() REPRESENTATION_CONTEXT('2D SPACE',''
  ) );
#5814 = PCURVE('',#5815,#5820);
#5815 = PLANE('',#5816);
#5816 = AXIS2_PLACEMENT_3D('',#5817,#5818,#5819);
#5817 = CARTESIAN_POINT('',(50.05,-14.05,39.71));
#5818 = DIRECTION('',(0.991695758116,0.,-0.128606078142));
#5819 = DIRECTION('',(-0.128606078142,0.,-0.991695758116));
#5820 = DEFINITIONAL_REPRESENTATION('',(#5821),#5824);
#5821 = B_SPLINE_CURVE_WITH_KNOTS('',1,(#5822,#5823),.UNSPECIFIED.,.F.,
  .F.,(2,2),(-7.025,21.075),.PIECEWISE_BEZIER_KNOTS.);
#5822 = CARTESIAN_POINT('',(1.008373779777E-02,0.));
#5823 = CARTESIAN_POINT('',(1.008373779777E-02,28.1));
#5824 = ( GEOMETRIC_REPRESENTATION_CONTEXT(2) 
PARAMETRIC_REPRESENTATION_CONTEXT() REPRESENTATION_CONTEXT('2D SPACE',''
  ) );
#5825 = FACE_BOUND('',#5826,.F.);
#5826 = EDGE_LOOP('',(#5827,#5855,#5881,#5907));
#5827 = ORIENTED_EDGE('',*,*,#5828,.F.);
#5828 = EDGE_CURVE('',#5829,#5831,#5833,.T.);
#5829 = VERTEX_POINT('',#5830);
#5830 = CARTESIAN_POINT('',(-15.04870317002,18.951296829971,39.7));
#5831 = VERTEX_POINT('',#5832);
#5832 = CARTESIAN_POINT('',(15.048703170029,18.951296829971,39.7));
#5833 = SURFACE_CURVE('',#5834,(#5838,#5844),.PCURVE_S1.);
#5834 = LINE('',#5835,#5836);
#5835 = CARTESIAN_POINT('',(-7.525,18.951296829971,39.7));
#5836 = VECTOR('',#5837,1.);
#5837 = DIRECTION('',(1.,0.,-0.));
#5838 = PCURVE('',#922,#5839);
#5839 = DEFINITIONAL_REPRESENTATION('',(#5840),#5843);
#5840 = B_SPLINE_CURVE_WITH_KNOTS('',1,(#5841,#5842),.UNSPECIFIED.,.F.,
  .F.,(2,2),(-7.525,22.575),.PIECEWISE_BEZIER_KNOTS.);
#5841 = CARTESIAN_POINT('',(-15.05,18.951296829971));
#5842 = CARTESIAN_POINT('',(15.05,18.951296829971));
#5843 = ( GEOMETRIC_REPRESENTATION_CONTEXT(2) 
PARAMETRIC_REPRESENTATION_CONTEXT() REPRESENTATION_CONTEXT('2D SPACE',''
  ) );
#5844 = PCURVE('',#5845,#5850);
#5845 = PLANE('',#5846);
#5846 = AXIS2_PLACEMENT_3D('',#5847,#5848,#5849);
#5847 = CARTESIAN_POINT('',(-15.05,18.95,39.71));
#5848 = DIRECTION('',(0.,-0.991695758116,-0.128606078142));
#5849 = DIRECTION('',(0.,0.128606078142,-0.991695758116));
#5850 = DEFINITIONAL_REPRESENTATION('',(#5851),#5854);
#5851 = B_SPLINE_CURVE_WITH_KNOTS('',1,(#5852,#5853),.UNSPECIFIED.,.F.,
  .F.,(2,2),(-7.525,22.575),.PIECEWISE_BEZIER_KNOTS.);
#5852 = CARTESIAN_POINT('',(1.008373779777E-02,0.));
#5853 = CARTESIAN_POINT('',(1.008373779777E-02,30.1));
#5854 = ( GEOMETRIC_REPRESENTATION_CONTEXT(2) 
PARAMETRIC_REPRESENTATION_CONTEXT() REPRESENTATION_CONTEXT('2D SPACE',''
  ) );
#5855 = ORIENTED_EDGE('',*,*,#5856,.F.);
#5856 = EDGE_CURVE('',#5857,#5829,#5859,.T.);
#5857 = VERTEX_POINT('',#5858);
#5858 = CARTESIAN_POINT('',(-15.04870317002,47.048703170029,39.7));
#5859 = SURFACE_CURVE('',#5860,(#5864,#5870),.PCURVE_S1.);
#5860 = LINE('',#5861,#5862);
#5861 = CARTESIAN_POINT('',(-15.04870317002,23.525,39.7));
#5862 = VECTOR('',#5863,1.);
#5863 = DIRECTION('',(0.,-1.,0.));
#5864 = PCURVE('',#922,#5865);
#5865 = DEFINITIONAL_REPRESENTATION('',(#5866),#5869);
#5866 = B_SPLINE_CURVE_WITH_KNOTS('',1,(#5867,#5868),.UNSPECIFIED.,.F.,
  .F.,(2,2),(-23.525,4.575),.PIECEWISE_BEZIER_KNOTS.);
#5867 = CARTESIAN_POINT('',(-15.04870317002,47.05));
#5868 = CARTESIAN_POINT('',(-15.04870317002,18.95));
#5869 = ( GEOMETRIC_REPRESENTATION_CONTEXT(2) 
PARAMETRIC_REPRESENTATION_CONTEXT() REPRESENTATION_CONTEXT('2D SPACE',''
  ) );
#5870 = PCURVE('',#5871,#5876);
#5871 = PLANE('',#5872);
#5872 = AXIS2_PLACEMENT_3D('',#5873,#5874,#5875);
#5873 = CARTESIAN_POINT('',(-15.05,47.05,39.71));
#5874 = DIRECTION('',(-0.991695758116,-0.,-0.128606078142));
#5875 = DIRECTION('',(0.128606078142,0.,-0.991695758116));
#5876 = DEFINITIONAL_REPRESENTATION('',(#5877),#5880);
#5877 = B_SPLINE_CURVE_WITH_KNOTS('',1,(#5878,#5879),.UNSPECIFIED.,.F.,
  .F.,(2,2),(-23.525,4.575),.PIECEWISE_BEZIER_KNOTS.);
#5878 = CARTESIAN_POINT('',(1.008373779777E-02,0.));
#5879 = CARTESIAN_POINT('',(1.008373779777E-02,28.1));
#5880 = ( GEOMETRIC_REPRESENTATION_CONTEXT(2) 
PARAMETRIC_REPRESENTATION_CONTEXT() REPRESENTATION_CONTEXT('2D SPACE',''
  ) );
#5881 = ORIENTED_EDGE('',*,*,#5882,.F.);
#5882 = EDGE_CURVE('',#5883,#5857,#5885,.T.);
#5883 = VERTEX_POINT('',#5884);
#5884 = CARTESIAN_POINT('',(15.048703170029,47.048703170029,39.7));
#5885 = SURFACE_CURVE('',#5886,(#5890,#5896),.PCURVE_S1.);
#5886 = LINE('',#5887,#5888);
#5887 = CARTESIAN_POINT('',(7.525,47.048703170029,39.7));
#5888 = VECTOR('',#5889,1.);
#5889 = DIRECTION('',(-1.,0.,0.));
#5890 = PCURVE('',#922,#5891);
#5891 = DEFINITIONAL_REPRESENTATION('',(#5892),#5895);
#5892 = B_SPLINE_CURVE_WITH_KNOTS('',1,(#5893,#5894),.UNSPECIFIED.,.F.,
  .F.,(2,2),(-7.525,22.575),.PIECEWISE_BEZIER_KNOTS.);
#5893 = CARTESIAN_POINT('',(15.05,47.048703170029));
#5894 = CARTESIAN_POINT('',(-15.05,47.048703170029));
#5895 = ( GEOMETRIC_REPRESENTATION_CONTEXT(2) 
PARAMETRIC_REPRESENTATION_CONTEXT() REPRESENTATION_CONTEXT('2D SPACE',''
  ) );
#5896 = PCURVE('',#5897,#5902);
#5897 = PLANE('',#5898);
#5898 = AXIS2_PLACEMENT_3D('',#5899,#5900,#5901);
#5899 = CARTESIAN_POINT('',(15.05,47.05,39.71));
#5900 = DIRECTION('',(0.,0.991695758116,-0.128606078142));
#5901 = DIRECTION('',(0.,-0.128606078142,-0.991695758116));
#5902 = DEFINITIONAL_REPRESENTATION('',(#5903),#5906);
#5903 = B_SPLINE_CURVE_WITH_KNOTS('',1,(#5904,#5905),.UNSPECIFIED.,.F.,
  .F.,(2,2),(-7.525,22.575),.PIECEWISE_BEZIER_KNOTS.);
#5904 = CARTESIAN_POINT('',(1.008373779777E-02,0.));
#5905 = CARTESIAN_POINT('',(1.008373779777E-02,30.1));
#5906 = ( GEOMETRIC_REPRESENTATION_CONTEXT(2) 
PARAMETRIC_REPRESENTATION_CONTEXT() REPRESENTATION_CONTEXT('2D SPACE',''
  ) );
#5907 = ORIENTED_EDGE('',*,*,#5908,.F.);
#5908 = EDGE_CURVE('',#5831,#5883,#5909,.T.);
#5909 = SURFACE_CURVE('',#5910,(#5914,#5920),.PCURVE_S1.);
#5910 = LINE('',#5911,#5912);
#5911 = CARTESIAN_POINT('',(15.048703170029,9.475,39.7));
#5912 = VECTOR('',#5913,1.);
#5913 = DIRECTION('',(-0.,1.,0.));
#5914 = PCURVE('',#922,#5915);
#5915 = DEFINITIONAL_REPRESENTATION('',(#5916),#5919);
#5916 = B_SPLINE_CURVE_WITH_KNOTS('',1,(#5917,#5918),.UNSPECIFIED.,.F.,
  .F.,(2,2),(9.475,37.575),.PIECEWISE_BEZIER_KNOTS.);
#5917 = CARTESIAN_POINT('',(15.048703170029,18.95));
#5918 = CARTESIAN_POINT('',(15.048703170029,47.05));
#5919 = ( GEOMETRIC_REPRESENTATION_CONTEXT(2) 
PARAMETRIC_REPRESENTATION_CONTEXT() REPRESENTATION_CONTEXT('2D SPACE',''
  ) );
#5920 = PCURVE('',#5921,#5926);
#5921 = PLANE('',#5922);
#5922 = AXIS2_PLACEMENT_3D('',#5923,#5924,#5925);
#5923 = CARTESIAN_POINT('',(15.05,18.95,39.71));
#5924 = DIRECTION('',(0.991695758116,0.,-0.128606078142));
#5925 = DIRECTION('',(-0.128606078142,0.,-0.991695758116));
#5926 = DEFINITIONAL_REPRESENTATION('',(#5927),#5930);
#5927 = B_SPLINE_CURVE_WITH_KNOTS('',1,(#5928,#5929),.UNSPECIFIED.,.F.,
  .F.,(2,2),(9.475,37.575),.PIECEWISE_BEZIER_KNOTS.);
#5928 = CARTESIAN_POINT('',(1.008373779777E-02,0.));
#5929 = CARTESIAN_POINT('',(1.008373779777E-02,28.1));
#5930 = ( GEOMETRIC_REPRESENTATION_CONTEXT(2) 
PARAMETRIC_REPRESENTATION_CONTEXT() REPRESENTATION_CONTEXT('2D SPACE',''
  ) );
#5931 = FACE_BOUND('',#5932,.F.);
#5932 = EDGE_LOOP('',(#5933,#5961,#5987,#6013));
#5933 = ORIENTED_EDGE('',*,*,#5934,.F.);
#5934 = EDGE_CURVE('',#5935,#5937,#5939,.T.);
#5935 = VERTEX_POINT('',#5936);
#5936 = CARTESIAN_POINT('',(19.951296829971,18.951296829971,39.7));
#5937 = VERTEX_POINT('',#5938);
#5938 = CARTESIAN_POINT('',(50.048703170029,18.951296829971,39.7));
#5939 = SURFACE_CURVE('',#5940,(#5944,#5950),.PCURVE_S1.);
#5940 = LINE('',#5941,#5942);
#5941 = CARTESIAN_POINT('',(9.975,18.951296829971,39.7));
#5942 = VECTOR('',#5943,1.);
#5943 = DIRECTION('',(1.,0.,-0.));
#5944 = PCURVE('',#922,#5945);
#5945 = DEFINITIONAL_REPRESENTATION('',(#5946),#5949);
#5946 = B_SPLINE_CURVE_WITH_KNOTS('',1,(#5947,#5948),.UNSPECIFIED.,.F.,
  .F.,(2,2),(9.975,40.075),.PIECEWISE_BEZIER_KNOTS.);
#5947 = CARTESIAN_POINT('',(19.95,18.951296829971));
#5948 = CARTESIAN_POINT('',(50.05,18.951296829971));
#5949 = ( GEOMETRIC_REPRESENTATION_CONTEXT(2) 
PARAMETRIC_REPRESENTATION_CONTEXT() REPRESENTATION_CONTEXT('2D SPACE',''
  ) );
#5950 = PCURVE('',#5951,#5956);
#5951 = PLANE('',#5952);
#5952 = AXIS2_PLACEMENT_3D('',#5953,#5954,#5955);
#5953 = CARTESIAN_POINT('',(19.95,18.95,39.71));
#5954 = DIRECTION('',(0.,-0.991695758116,-0.128606078142));
#5955 = DIRECTION('',(0.,0.128606078142,-0.991695758116));
#5956 = DEFINITIONAL_REPRESENTATION('',(#5957),#5960);
#5957 = B_SPLINE_CURVE_WITH_KNOTS('',1,(#5958,#5959),.UNSPECIFIED.,.F.,
  .F.,(2,2),(9.975,40.075),.PIECEWISE_BEZIER_KNOTS.);
#5958 = CARTESIAN_POINT('',(1.008373779777E-02,0.));
#5959 = CARTESIAN_POINT('',(1.008373779777E-02,30.1));
#5960 = ( GEOMETRIC_REPRESENTATION_CONTEXT(2) 
PARAMETRIC_REPRESENTATION_CONTEXT() REPRESENTATION_CONTEXT('2D SPACE',''
  ) );
#5961 = ORIENTED_EDGE('',*,*,#5962,.F.);
#5962 = EDGE_CURVE('',#5963,#5935,#5965,.T.);
#5963 = VERTEX_POINT('',#5964);
#5964 = CARTESIAN_POINT('',(19.951296829971,47.048703170029,39.7));
#5965 = SURFACE_CURVE('',#5966,(#5970,#5976),.PCURVE_S1.);
#5966 = LINE('',#5967,#5968);
#5967 = CARTESIAN_POINT('',(19.951296829971,23.525,39.7));
#5968 = VECTOR('',#5969,1.);
#5969 = DIRECTION('',(0.,-1.,0.));
#5970 = PCURVE('',#922,#5971);
#5971 = DEFINITIONAL_REPRESENTATION('',(#5972),#5975);
#5972 = B_SPLINE_CURVE_WITH_KNOTS('',1,(#5973,#5974),.UNSPECIFIED.,.F.,
  .F.,(2,2),(-23.525,4.575),.PIECEWISE_BEZIER_KNOTS.);
#5973 = CARTESIAN_POINT('',(19.951296829971,47.05));
#5974 = CARTESIAN_POINT('',(19.951296829971,18.95));
#5975 = ( GEOMETRIC_REPRESENTATION_CONTEXT(2) 
PARAMETRIC_REPRESENTATION_CONTEXT() REPRESENTATION_CONTEXT('2D SPACE',''
  ) );
#5976 = PCURVE('',#5977,#5982);
#5977 = PLANE('',#5978);
#5978 = AXIS2_PLACEMENT_3D('',#5979,#5980,#5981);
#5979 = CARTESIAN_POINT('',(19.95,47.05,39.71));
#5980 = DIRECTION('',(-0.991695758116,-0.,-0.128606078142));
#5981 = DIRECTION('',(0.128606078142,0.,-0.991695758116));
#5982 = DEFINITIONAL_REPRESENTATION('',(#5983),#5986);
#5983 = B_SPLINE_CURVE_WITH_KNOTS('',1,(#5984,#5985),.UNSPECIFIED.,.F.,
  .F.,(2,2),(-23.525,4.575),.PIECEWISE_BEZIER_KNOTS.);
#5984 = CARTESIAN_POINT('',(1.008373779777E-02,0.));
#5985 = CARTESIAN_POINT('',(1.008373779777E-02,28.1));
#5986 = ( GEOMETRIC_REPRESENTATION_CONTEXT(2) 
PARAMETRIC_REPRESENTATION_CONTEXT() REPRESENTATION_CONTEXT('2D SPACE',''
  ) );
#5987 = ORIENTED_EDGE('',*,*,#5988,.F.);
#5988 = EDGE_CURVE('',#5989,#5963,#5991,.T.);
#5989 = VERTEX_POINT('',#5990);
#5990 = CARTESIAN_POINT('',(50.048703170029,47.048703170029,39.7));
#5991 = SURFACE_CURVE('',#5992,(#5996,#6002),.PCURVE_S1.);
#5992 = LINE('',#5993,#5994);
#5993 = CARTESIAN_POINT('',(25.025,47.048703170029,39.7));
#5994 = VECTOR('',#5995,1.);
#5995 = DIRECTION('',(-1.,0.,0.));
#5996 = PCURVE('',#922,#5997);
#5997 = DEFINITIONAL_REPRESENTATION('',(#5998),#6001);
#5998 = B_SPLINE_CURVE_WITH_KNOTS('',1,(#5999,#6000),.UNSPECIFIED.,.F.,
  .F.,(2,2),(-25.025,5.075),.PIECEWISE_BEZIER_KNOTS.);
#5999 = CARTESIAN_POINT('',(50.05,47.048703170029));
#6000 = CARTESIAN_POINT('',(19.95,47.048703170029));
#6001 = ( GEOMETRIC_REPRESENTATION_CONTEXT(2) 
PARAMETRIC_REPRESENTATION_CONTEXT() REPRESENTATION_CONTEXT('2D SPACE',''
  ) );
#6002 = PCURVE('',#6003,#6008);
#6003 = PLANE('',#6004);
#6004 = AXIS2_PLACEMENT_3D('',#6005,#6006,#6007);
#6005 = CARTESIAN_POINT('',(50.05,47.05,39.71));
#6006 = DIRECTION('',(0.,0.991695758116,-0.128606078142));
#6007 = DIRECTION('',(0.,-0.128606078142,-0.991695758116));
#6008 = DEFINITIONAL_REPRESENTATION('',(#6009),#6012);
#6009 = B_SPLINE_CURVE_WITH_KNOTS('',1,(#6010,#6011),.UNSPECIFIED.,.F.,
  .F.,(2,2),(-25.025,5.075),.PIECEWISE_BEZIER_KNOTS.);
#6010 = CARTESIAN_POINT('',(1.008373779777E-02,0.));
#6011 = CARTESIAN_POINT('',(1.008373779777E-02,30.1));
#6012 = ( GEOMETRIC_REPRESENTATION_CONTEXT(2) 
PARAMETRIC_REPRESENTATION_CONTEXT() REPRESENTATION_CONTEXT('2D SPACE',''
  ) );
#6013 = ORIENTED_EDGE('',*,*,#6014,.F.);
#6014 = EDGE_CURVE('',#5937,#5989,#6015,.T.);
#6015 = SURFACE_CURVE('',#6016,(#6020,#6026),.PCURVE_S1.);
#6016 = LINE('',#6017,#6018);
#6017 = CARTESIAN_POINT('',(50.048703170029,9.475,39.7));
#6018 = VECTOR('',#6019,1.);
#6019 = DIRECTION('',(-0.,1.,0.));
#6020 = PCURVE('',#922,#6021);
#6021 = DEFINITIONAL_REPRESENTATION('',(#6022),#6025);
#6022 = B_SPLINE_CURVE_WITH_KNOTS('',1,(#6023,#6024),.UNSPECIFIED.,.F.,
  .F.,(2,2),(9.475,37.575),.PIECEWISE_BEZIER_KNOTS.);
#6023 = CARTESIAN_POINT('',(50.048703170029,18.95));
#6024 = CARTESIAN_POINT('',(50.048703170029,47.05));
#6025 = ( GEOMETRIC_REPRESENTATION_CONTEXT(2) 
PARAMETRIC_REPRESENTATION_CONTEXT() REPRESENTATION_CONTEXT('2D SPACE',''
  ) );
#6026 = PCURVE('',#6027,#6032);
#6027 = PLANE('',#6028);
#6028 = AXIS2_PLACEMENT_3D('',#6029,#6030,#6031);
#6029 = CARTESIAN_POINT('',(50.05,18.95,39.71));
#6030 = DIRECTION('',(0.991695758116,0.,-0.128606078142));
#6031 = DIRECTION('',(-0.128606078142,0.,-0.991695758116));
#6032 = DEFINITIONAL_REPRESENTATION('',(#6033),#6036);
#6033 = B_SPLINE_CURVE_WITH_KNOTS('',1,(#6034,#6035),.UNSPECIFIED.,.F.,
  .F.,(2,2),(9.475,37.575),.PIECEWISE_BEZIER_KNOTS.);
#6034 = CARTESIAN_POINT('',(1.008373779777E-02,0.));
#6035 = CARTESIAN_POINT('',(1.008373779777E-02,28.1));
#6036 = ( GEOMETRIC_REPRESENTATION_CONTEXT(2) 
PARAMETRIC_REPRESENTATION_CONTEXT() REPRESENTATION_CONTEXT('2D SPACE',''
  ) );
#6037 = FACE_BOUND('',#6038,.F.);
#6038 = EDGE_LOOP('',(#6039,#6067,#6093,#6119));
#6039 = ORIENTED_EDGE('',*,*,#6040,.F.);
#6040 = EDGE_CURVE('',#6041,#6043,#6045,.T.);
#6041 = VERTEX_POINT('',#6042);
#6042 = CARTESIAN_POINT('',(54.951296829971,-14.04870317002,39.7));
#6043 = VERTEX_POINT('',#6044);
#6044 = CARTESIAN_POINT('',(85.048703170029,-14.04870317002,39.7));
#6045 = SURFACE_CURVE('',#6046,(#6050,#6056),.PCURVE_S1.);
#6046 = LINE('',#6047,#6048);
#6047 = CARTESIAN_POINT('',(27.475,-14.04870317002,39.7));
#6048 = VECTOR('',#6049,1.);
#6049 = DIRECTION('',(1.,0.,-0.));
#6050 = PCURVE('',#922,#6051);
#6051 = DEFINITIONAL_REPRESENTATION('',(#6052),#6055);
#6052 = B_SPLINE_CURVE_WITH_KNOTS('',1,(#6053,#6054),.UNSPECIFIED.,.F.,
  .F.,(2,2),(27.475,57.575),.PIECEWISE_BEZIER_KNOTS.);
#6053 = CARTESIAN_POINT('',(54.95,-14.04870317002));
#6054 = CARTESIAN_POINT('',(85.05,-14.04870317002));
#6055 = ( GEOMETRIC_REPRESENTATION_CONTEXT(2) 
PARAMETRIC_REPRESENTATION_CONTEXT() REPRESENTATION_CONTEXT('2D SPACE',''
  ) );
#6056 = PCURVE('',#6057,#6062);
#6057 = PLANE('',#6058);
#6058 = AXIS2_PLACEMENT_3D('',#6059,#6060,#6061);
#6059 = CARTESIAN_POINT('',(54.95,-14.05,39.71));
#6060 = DIRECTION('',(0.,-0.991695758116,-0.128606078142));
#6061 = DIRECTION('',(0.,0.128606078142,-0.991695758116));
#6062 = DEFINITIONAL_REPRESENTATION('',(#6063),#6066);
#6063 = B_SPLINE_CURVE_WITH_KNOTS('',1,(#6064,#6065),.UNSPECIFIED.,.F.,
  .F.,(2,2),(27.475,57.575),.PIECEWISE_BEZIER_KNOTS.);
#6064 = CARTESIAN_POINT('',(1.008373779777E-02,0.));
#6065 = CARTESIAN_POINT('',(1.008373779777E-02,30.1));
#6066 = ( GEOMETRIC_REPRESENTATION_CONTEXT(2) 
PARAMETRIC_REPRESENTATION_CONTEXT() REPRESENTATION_CONTEXT('2D SPACE',''
  ) );
#6067 = ORIENTED_EDGE('',*,*,#6068,.F.);
#6068 = EDGE_CURVE('',#6069,#6041,#6071,.T.);
#6069 = VERTEX_POINT('',#6070);
#6070 = CARTESIAN_POINT('',(54.951296829971,14.048703170029,39.7));
#6071 = SURFACE_CURVE('',#6072,(#6076,#6082),.PCURVE_S1.);
#6072 = LINE('',#6073,#6074);
#6073 = CARTESIAN_POINT('',(54.951296829971,7.025,39.7));
#6074 = VECTOR('',#6075,1.);
#6075 = DIRECTION('',(0.,-1.,0.));
#6076 = PCURVE('',#922,#6077);
#6077 = DEFINITIONAL_REPRESENTATION('',(#6078),#6081);
#6078 = B_SPLINE_CURVE_WITH_KNOTS('',1,(#6079,#6080),.UNSPECIFIED.,.F.,
  .F.,(2,2),(-7.025,21.075),.PIECEWISE_BEZIER_KNOTS.);
#6079 = CARTESIAN_POINT('',(54.951296829971,14.05));
#6080 = CARTESIAN_POINT('',(54.951296829971,-14.05));
#6081 = ( GEOMETRIC_REPRESENTATION_CONTEXT(2) 
PARAMETRIC_REPRESENTATION_CONTEXT() REPRESENTATION_CONTEXT('2D SPACE',''
  ) );
#6082 = PCURVE('',#6083,#6088);
#6083 = PLANE('',#6084);
#6084 = AXIS2_PLACEMENT_3D('',#6085,#6086,#6087);
#6085 = CARTESIAN_POINT('',(54.95,14.05,39.71));
#6086 = DIRECTION('',(-0.991695758116,-0.,-0.128606078142));
#6087 = DIRECTION('',(0.128606078142,0.,-0.991695758116));
#6088 = DEFINITIONAL_REPRESENTATION('',(#6089),#6092);
#6089 = B_SPLINE_CURVE_WITH_KNOTS('',1,(#6090,#6091),.UNSPECIFIED.,.F.,
  .F.,(2,2),(-7.025,21.075),.PIECEWISE_BEZIER_KNOTS.);
#6090 = CARTESIAN_POINT('',(1.008373779777E-02,0.));
#6091 = CARTESIAN_POINT('',(1.008373779777E-02,28.1));
#6092 = ( GEOMETRIC_REPRESENTATION_CONTEXT(2) 
PARAMETRIC_REPRESENTATION_CONTEXT() REPRESENTATION_CONTEXT('2D SPACE',''
  ) );
#6093 = ORIENTED_EDGE('',*,*,#6094,.F.);
#6094 = EDGE_CURVE('',#6095,#6069,#6097,.T.);
#6095 = VERTEX_POINT('',#6096);
#6096 = CARTESIAN_POINT('',(85.048703170029,14.048703170029,39.7));
#6097 = SURFACE_CURVE('',#6098,(#6102,#6108),.PCURVE_S1.);
#6098 = LINE('',#6099,#6100);
#6099 = CARTESIAN_POINT('',(42.525,14.048703170029,39.7));
#6100 = VECTOR('',#6101,1.);
#6101 = DIRECTION('',(-1.,0.,0.));
#6102 = PCURVE('',#922,#6103);
#6103 = DEFINITIONAL_REPRESENTATION('',(#6104),#6107);
#6104 = B_SPLINE_CURVE_WITH_KNOTS('',1,(#6105,#6106),.UNSPECIFIED.,.F.,
  .F.,(2,2),(-42.525,-12.425),.PIECEWISE_BEZIER_KNOTS.);
#6105 = CARTESIAN_POINT('',(85.05,14.048703170029));
#6106 = CARTESIAN_POINT('',(54.95,14.048703170029));
#6107 = ( GEOMETRIC_REPRESENTATION_CONTEXT(2) 
PARAMETRIC_REPRESENTATION_CONTEXT() REPRESENTATION_CONTEXT('2D SPACE',''
  ) );
#6108 = PCURVE('',#6109,#6114);
#6109 = PLANE('',#6110);
#6110 = AXIS2_PLACEMENT_3D('',#6111,#6112,#6113);
#6111 = CARTESIAN_POINT('',(85.05,14.05,39.71));
#6112 = DIRECTION('',(0.,0.991695758116,-0.128606078142));
#6113 = DIRECTION('',(0.,-0.128606078142,-0.991695758116));
#6114 = DEFINITIONAL_REPRESENTATION('',(#6115),#6118);
#6115 = B_SPLINE_CURVE_WITH_KNOTS('',1,(#6116,#6117),.UNSPECIFIED.,.F.,
  .F.,(2,2),(-42.525,-12.425),.PIECEWISE_BEZIER_KNOTS.);
#6116 = CARTESIAN_POINT('',(1.008373779777E-02,0.));
#6117 = CARTESIAN_POINT('',(1.008373779777E-02,30.1));
#6118 = ( GEOMETRIC_REPRESENTATION_CONTEXT(2) 
PARAMETRIC_REPRESENTATION_CONTEXT() REPRESENTATION_CONTEXT('2D SPACE',''
  ) );
#6119 = ORIENTED_EDGE('',*,*,#6120,.F.);
#6120 = EDGE_CURVE('',#6043,#6095,#6121,.T.);
#6121 = SURFACE_CURVE('',#6122,(#6126,#6132),.PCURVE_S1.);
#6122 = LINE('',#6123,#6124);
#6123 = CARTESIAN_POINT('',(85.048703170029,-7.025,39.7));
#6124 = VECTOR('',#6125,1.);
#6125 = DIRECTION('',(-0.,1.,0.));
#6126 = PCURVE('',#922,#6127);
#6127 = DEFINITIONAL_REPRESENTATION('',(#6128),#6131);
#6128 = B_SPLINE_CURVE_WITH_KNOTS('',1,(#6129,#6130),.UNSPECIFIED.,.F.,
  .F.,(2,2),(-7.025,21.075),.PIECEWISE_BEZIER_KNOTS.);
#6129 = CARTESIAN_POINT('',(85.048703170029,-14.05));
#6130 = CARTESIAN_POINT('',(85.048703170029,14.05));
#6131 = ( GEOMETRIC_REPRESENTATION_CONTEXT(2) 
PARAMETRIC_REPRESENTATION_CONTEXT() REPRESENTATION_CONTEXT('2D SPACE',''
  ) );
#6132 = PCURVE('',#6133,#6138);
#6133 = PLANE('',#6134);
#6134 = AXIS2_PLACEMENT_3D('',#6135,#6136,#6137);
#6135 = CARTESIAN_POINT('',(85.05,-14.05,39.71));
#6136 = DIRECTION('',(0.991695758116,0.,-0.128606078142));
#6137 = DIRECTION('',(-0.128606078142,0.,-0.991695758116));
#6138 = DEFINITIONAL_REPRESENTATION('',(#6139),#6142);
#6139 = B_SPLINE_CURVE_WITH_KNOTS('',1,(#6140,#6141),.UNSPECIFIED.,.F.,
  .F.,(2,2),(-7.025,21.075),.PIECEWISE_BEZIER_KNOTS.);
#6140 = CARTESIAN_POINT('',(1.008373779777E-02,0.));
#6141 = CARTESIAN_POINT('',(1.008373779777E-02,28.1));
#6142 = ( GEOMETRIC_REPRESENTATION_CONTEXT(2) 
PARAMETRIC_REPRESENTATION_CONTEXT() REPRESENTATION_CONTEXT('2D SPACE',''
  ) );
#6143 = FACE_BOUND('',#6144,.F.);
#6144 = EDGE_LOOP('',(#6145,#6173,#6199,#6225));
#6145 = ORIENTED_EDGE('',*,*,#6146,.F.);
#6146 = EDGE_CURVE('',#6147,#6149,#6151,.T.);
#6147 = VERTEX_POINT('',#6148);
#6148 = CARTESIAN_POINT('',(54.951296829971,18.951296829971,39.7));
#6149 = VERTEX_POINT('',#6150);
#6150 = CARTESIAN_POINT('',(85.048703170029,18.951296829971,39.7));
#6151 = SURFACE_CURVE('',#6152,(#6156,#6162),.PCURVE_S1.);
#6152 = LINE('',#6153,#6154);
#6153 = CARTESIAN_POINT('',(27.475,18.951296829971,39.7));
#6154 = VECTOR('',#6155,1.);
#6155 = DIRECTION('',(1.,0.,-0.));
#6156 = PCURVE('',#922,#6157);
#6157 = DEFINITIONAL_REPRESENTATION('',(#6158),#6161);
#6158 = B_SPLINE_CURVE_WITH_KNOTS('',1,(#6159,#6160),.UNSPECIFIED.,.F.,
  .F.,(2,2),(27.475,57.575),.PIECEWISE_BEZIER_KNOTS.);
#6159 = CARTESIAN_POINT('',(54.95,18.951296829971));
#6160 = CARTESIAN_POINT('',(85.05,18.951296829971));
#6161 = ( GEOMETRIC_REPRESENTATION_CONTEXT(2) 
PARAMETRIC_REPRESENTATION_CONTEXT() REPRESENTATION_CONTEXT('2D SPACE',''
  ) );
#6162 = PCURVE('',#6163,#6168);
#6163 = PLANE('',#6164);
#6164 = AXIS2_PLACEMENT_3D('',#6165,#6166,#6167);
#6165 = CARTESIAN_POINT('',(54.95,18.95,39.71));
#6166 = DIRECTION('',(0.,-0.991695758116,-0.128606078142));
#6167 = DIRECTION('',(0.,0.128606078142,-0.991695758116));
#6168 = DEFINITIONAL_REPRESENTATION('',(#6169),#6172);
#6169 = B_SPLINE_CURVE_WITH_KNOTS('',1,(#6170,#6171),.UNSPECIFIED.,.F.,
  .F.,(2,2),(27.475,57.575),.PIECEWISE_BEZIER_KNOTS.);
#6170 = CARTESIAN_POINT('',(1.008373779776E-02,0.));
#6171 = CARTESIAN_POINT('',(1.008373779776E-02,30.1));
#6172 = ( GEOMETRIC_REPRESENTATION_CONTEXT(2) 
PARAMETRIC_REPRESENTATION_CONTEXT() REPRESENTATION_CONTEXT('2D SPACE',''
  ) );
#6173 = ORIENTED_EDGE('',*,*,#6174,.F.);
#6174 = EDGE_CURVE('',#6175,#6147,#6177,.T.);
#6175 = VERTEX_POINT('',#6176);
#6176 = CARTESIAN_POINT('',(54.951296829971,47.048703170029,39.7));
#6177 = SURFACE_CURVE('',#6178,(#6182,#6188),.PCURVE_S1.);
#6178 = LINE('',#6179,#6180);
#6179 = CARTESIAN_POINT('',(54.951296829971,23.525,39.7));
#6180 = VECTOR('',#6181,1.);
#6181 = DIRECTION('',(0.,-1.,0.));
#6182 = PCURVE('',#922,#6183);
#6183 = DEFINITIONAL_REPRESENTATION('',(#6184),#6187);
#6184 = B_SPLINE_CURVE_WITH_KNOTS('',1,(#6185,#6186),.UNSPECIFIED.,.F.,
  .F.,(2,2),(-23.525,4.575),.PIECEWISE_BEZIER_KNOTS.);
#6185 = CARTESIAN_POINT('',(54.951296829971,47.05));
#6186 = CARTESIAN_POINT('',(54.951296829971,18.95));
#6187 = ( GEOMETRIC_REPRESENTATION_CONTEXT(2) 
PARAMETRIC_REPRESENTATION_CONTEXT() REPRESENTATION_CONTEXT('2D SPACE',''
  ) );
#6188 = PCURVE('',#6189,#6194);
#6189 = PLANE('',#6190);
#6190 = AXIS2_PLACEMENT_3D('',#6191,#6192,#6193);
#6191 = CARTESIAN_POINT('',(54.95,47.05,39.71));
#6192 = DIRECTION('',(-0.991695758116,-0.,-0.128606078142));
#6193 = DIRECTION('',(0.128606078142,0.,-0.991695758116));
#6194 = DEFINITIONAL_REPRESENTATION('',(#6195),#6198);
#6195 = B_SPLINE_CURVE_WITH_KNOTS('',1,(#6196,#6197),.UNSPECIFIED.,.F.,
  .F.,(2,2),(-23.525,4.575),.PIECEWISE_BEZIER_KNOTS.);
#6196 = CARTESIAN_POINT('',(1.008373779776E-02,0.));
#6197 = CARTESIAN_POINT('',(1.008373779776E-02,28.1));
#6198 = ( GEOMETRIC_REPRESENTATION_CONTEXT(2) 
PARAMETRIC_REPRESENTATION_CONTEXT() REPRESENTATION_CONTEXT('2D SPACE',''
  ) );
#6199 = ORIENTED_EDGE('',*,*,#6200,.F.);
#6200 = EDGE_CURVE('',#6201,#6175,#6203,.T.);
#6201 = VERTEX_POINT('',#6202);
#6202 = CARTESIAN_POINT('',(85.048703170029,47.048703170029,39.7));
#6203 = SURFACE_CURVE('',#6204,(#6208,#6214),.PCURVE_S1.);
#6204 = LINE('',#6205,#6206);
#6205 = CARTESIAN_POINT('',(42.525,47.048703170029,39.7));
#6206 = VECTOR('',#6207,1.);
#6207 = DIRECTION('',(-1.,0.,0.));
#6208 = PCURVE('',#922,#6209);
#6209 = DEFINITIONAL_REPRESENTATION('',(#6210),#6213);
#6210 = B_SPLINE_CURVE_WITH_KNOTS('',1,(#6211,#6212),.UNSPECIFIED.,.F.,
  .F.,(2,2),(-42.525,-12.425),.PIECEWISE_BEZIER_KNOTS.);
#6211 = CARTESIAN_POINT('',(85.05,47.048703170029));
#6212 = CARTESIAN_POINT('',(54.95,47.048703170029));
#6213 = ( GEOMETRIC_REPRESENTATION_CONTEXT(2) 
PARAMETRIC_REPRESENTATION_CONTEXT() REPRESENTATION_CONTEXT('2D SPACE',''
  ) );
#6214 = PCURVE('',#6215,#6220);
#6215 = PLANE('',#6216);
#6216 = AXIS2_PLACEMENT_3D('',#6217,#6218,#6219);
#6217 = CARTESIAN_POINT('',(85.05,47.05,39.71));
#6218 = DIRECTION('',(0.,0.991695758116,-0.128606078142));
#6219 = DIRECTION('',(0.,-0.128606078142,-0.991695758116));
#6220 = DEFINITIONAL_REPRESENTATION('',(#6221),#6224);
#6221 = B_SPLINE_CURVE_WITH_KNOTS('',1,(#6222,#6223),.UNSPECIFIED.,.F.,
  .F.,(2,2),(-42.525,-12.425),.PIECEWISE_BEZIER_KNOTS.);
#6222 = CARTESIAN_POINT('',(1.008373779776E-02,0.));
#6223 = CARTESIAN_POINT('',(1.008373779776E-02,30.1));
#6224 = ( GEOMETRIC_REPRESENTATION_CONTEXT(2) 
PARAMETRIC_REPRESENTATION_CONTEXT() REPRESENTATION_CONTEXT('2D SPACE',''
  ) );
#6225 = ORIENTED_EDGE('',*,*,#6226,.F.);
#6226 = EDGE_CURVE('',#6149,#6201,#6227,.T.);
#6227 = SURFACE_CURVE('',#6228,(#6232,#6238),.PCURVE_S1.);
#6228 = LINE('',#6229,#6230);
#6229 = CARTESIAN_POINT('',(85.048703170029,9.475,39.7));
#6230 = VECTOR('',#6231,1.);
#6231 = DIRECTION('',(-0.,1.,0.));
#6232 = PCURVE('',#922,#6233);
#6233 = DEFINITIONAL_REPRESENTATION('',(#6234),#6237);
#6234 = B_SPLINE_CURVE_WITH_KNOTS('',1,(#6235,#6236),.UNSPECIFIED.,.F.,
  .F.,(2,2),(9.475,37.575),.PIECEWISE_BEZIER_KNOTS.);
#6235 = CARTESIAN_POINT('',(85.048703170029,18.95));
#6236 = CARTESIAN_POINT('',(85.048703170029,47.05));
#6237 = ( GEOMETRIC_REPRESENTATION_CONTEXT(2) 
PARAMETRIC_REPRESENTATION_CONTEXT() REPRESENTATION_CONTEXT('2D SPACE',''
  ) );
#6238 = PCURVE('',#6239,#6244);
#6239 = PLANE('',#6240);
#6240 = AXIS2_PLACEMENT_3D('',#6241,#6242,#6243);
#6241 = CARTESIAN_POINT('',(85.05,18.95,39.71));
#6242 = DIRECTION('',(0.991695758116,0.,-0.128606078142));
#6243 = DIRECTION('',(-0.128606078142,0.,-0.991695758116));
#6244 = DEFINITIONAL_REPRESENTATION('',(#6245),#6248);
#6245 = B_SPLINE_CURVE_WITH_KNOTS('',1,(#6246,#6247),.UNSPECIFIED.,.F.,
  .F.,(2,2),(9.475,37.575),.PIECEWISE_BEZIER_KNOTS.);
#6246 = CARTESIAN_POINT('',(1.008373779776E-02,0.));
#6247 = CARTESIAN_POINT('',(1.008373779776E-02,28.1));
#6248 = ( GEOMETRIC_REPRESENTATION_CONTEXT(2) 
PARAMETRIC_REPRESENTATION_CONTEXT() REPRESENTATION_CONTEXT('2D SPACE',''
  ) );
#6249 = FACE_BOUND('',#6250,.F.);
#6250 = EDGE_LOOP('',(#6251,#6279,#6305,#6331));
#6251 = ORIENTED_EDGE('',*,*,#6252,.F.);
#6252 = EDGE_CURVE('',#6253,#6255,#6257,.T.);
#6253 = VERTEX_POINT('',#6254);
#6254 = CARTESIAN_POINT('',(-15.04870317002,51.951296829971,39.7));
#6255 = VERTEX_POINT('',#6256);
#6256 = CARTESIAN_POINT('',(15.048703170029,51.951296829971,39.7));
#6257 = SURFACE_CURVE('',#6258,(#6262,#6268),.PCURVE_S1.);
#6258 = LINE('',#6259,#6260);
#6259 = CARTESIAN_POINT('',(-7.525,51.951296829971,39.7));
#6260 = VECTOR('',#6261,1.);
#6261 = DIRECTION('',(1.,0.,-0.));
#6262 = PCURVE('',#922,#6263);
#6263 = DEFINITIONAL_REPRESENTATION('',(#6264),#6267);
#6264 = B_SPLINE_CURVE_WITH_KNOTS('',1,(#6265,#6266),.UNSPECIFIED.,.F.,
  .F.,(2,2),(-7.525,22.575),.PIECEWISE_BEZIER_KNOTS.);
#6265 = CARTESIAN_POINT('',(-15.05,51.951296829971));
#6266 = CARTESIAN_POINT('',(15.05,51.951296829971));
#6267 = ( GEOMETRIC_REPRESENTATION_CONTEXT(2) 
PARAMETRIC_REPRESENTATION_CONTEXT() REPRESENTATION_CONTEXT('2D SPACE',''
  ) );
#6268 = PCURVE('',#6269,#6274);
#6269 = PLANE('',#6270);
#6270 = AXIS2_PLACEMENT_3D('',#6271,#6272,#6273);
#6271 = CARTESIAN_POINT('',(-15.05,51.95,39.71));
#6272 = DIRECTION('',(0.,-0.991695758116,-0.128606078142));
#6273 = DIRECTION('',(0.,0.128606078142,-0.991695758116));
#6274 = DEFINITIONAL_REPRESENTATION('',(#6275),#6278);
#6275 = B_SPLINE_CURVE_WITH_KNOTS('',1,(#6276,#6277),.UNSPECIFIED.,.F.,
  .F.,(2,2),(-7.525,22.575),.PIECEWISE_BEZIER_KNOTS.);
#6276 = CARTESIAN_POINT('',(1.008373779777E-02,0.));
#6277 = CARTESIAN_POINT('',(1.008373779777E-02,30.1));
#6278 = ( GEOMETRIC_REPRESENTATION_CONTEXT(2) 
PARAMETRIC_REPRESENTATION_CONTEXT() REPRESENTATION_CONTEXT('2D SPACE',''
  ) );
#6279 = ORIENTED_EDGE('',*,*,#6280,.F.);
#6280 = EDGE_CURVE('',#6281,#6253,#6283,.T.);
#6281 = VERTEX_POINT('',#6282);
#6282 = CARTESIAN_POINT('',(-15.04870317002,80.048703170029,39.7));
#6283 = SURFACE_CURVE('',#6284,(#6288,#6294),.PCURVE_S1.);
#6284 = LINE('',#6285,#6286);
#6285 = CARTESIAN_POINT('',(-15.04870317002,40.025,39.7));
#6286 = VECTOR('',#6287,1.);
#6287 = DIRECTION('',(0.,-1.,0.));
#6288 = PCURVE('',#922,#6289);
#6289 = DEFINITIONAL_REPRESENTATION('',(#6290),#6293);
#6290 = B_SPLINE_CURVE_WITH_KNOTS('',1,(#6291,#6292),.UNSPECIFIED.,.F.,
  .F.,(2,2),(-40.025,-11.925),.PIECEWISE_BEZIER_KNOTS.);
#6291 = CARTESIAN_POINT('',(-15.04870317002,80.05));
#6292 = CARTESIAN_POINT('',(-15.04870317002,51.95));
#6293 = ( GEOMETRIC_REPRESENTATION_CONTEXT(2) 
PARAMETRIC_REPRESENTATION_CONTEXT() REPRESENTATION_CONTEXT('2D SPACE',''
  ) );
#6294 = PCURVE('',#6295,#6300);
#6295 = PLANE('',#6296);
#6296 = AXIS2_PLACEMENT_3D('',#6297,#6298,#6299);
#6297 = CARTESIAN_POINT('',(-15.05,80.05,39.71));
#6298 = DIRECTION('',(-0.991695758116,-0.,-0.128606078142));
#6299 = DIRECTION('',(0.128606078142,0.,-0.991695758116));
#6300 = DEFINITIONAL_REPRESENTATION('',(#6301),#6304);
#6301 = B_SPLINE_CURVE_WITH_KNOTS('',1,(#6302,#6303),.UNSPECIFIED.,.F.,
  .F.,(2,2),(-40.025,-11.925),.PIECEWISE_BEZIER_KNOTS.);
#6302 = CARTESIAN_POINT('',(1.008373779777E-02,0.));
#6303 = CARTESIAN_POINT('',(1.008373779777E-02,28.1));
#6304 = ( GEOMETRIC_REPRESENTATION_CONTEXT(2) 
PARAMETRIC_REPRESENTATION_CONTEXT() REPRESENTATION_CONTEXT('2D SPACE',''
  ) );
#6305 = ORIENTED_EDGE('',*,*,#6306,.F.);
#6306 = EDGE_CURVE('',#6307,#6281,#6309,.T.);
#6307 = VERTEX_POINT('',#6308);
#6308 = CARTESIAN_POINT('',(15.048703170029,80.048703170029,39.7));
#6309 = SURFACE_CURVE('',#6310,(#6314,#6320),.PCURVE_S1.);
#6310 = LINE('',#6311,#6312);
#6311 = CARTESIAN_POINT('',(7.525,80.048703170029,39.7));
#6312 = VECTOR('',#6313,1.);
#6313 = DIRECTION('',(-1.,0.,0.));
#6314 = PCURVE('',#922,#6315);
#6315 = DEFINITIONAL_REPRESENTATION('',(#6316),#6319);
#6316 = B_SPLINE_CURVE_WITH_KNOTS('',1,(#6317,#6318),.UNSPECIFIED.,.F.,
  .F.,(2,2),(-7.525,22.575),.PIECEWISE_BEZIER_KNOTS.);
#6317 = CARTESIAN_POINT('',(15.05,80.048703170029));
#6318 = CARTESIAN_POINT('',(-15.05,80.048703170029));
#6319 = ( GEOMETRIC_REPRESENTATION_CONTEXT(2) 
PARAMETRIC_REPRESENTATION_CONTEXT() REPRESENTATION_CONTEXT('2D SPACE',''
  ) );
#6320 = PCURVE('',#6321,#6326);
#6321 = PLANE('',#6322);
#6322 = AXIS2_PLACEMENT_3D('',#6323,#6324,#6325);
#6323 = CARTESIAN_POINT('',(15.05,80.05,39.71));
#6324 = DIRECTION('',(0.,0.991695758116,-0.128606078142));
#6325 = DIRECTION('',(0.,-0.128606078142,-0.991695758116));
#6326 = DEFINITIONAL_REPRESENTATION('',(#6327),#6330);
#6327 = B_SPLINE_CURVE_WITH_KNOTS('',1,(#6328,#6329),.UNSPECIFIED.,.F.,
  .F.,(2,2),(-7.525,22.575),.PIECEWISE_BEZIER_KNOTS.);
#6328 = CARTESIAN_POINT('',(1.008373779777E-02,0.));
#6329 = CARTESIAN_POINT('',(1.008373779777E-02,30.1));
#6330 = ( GEOMETRIC_REPRESENTATION_CONTEXT(2) 
PARAMETRIC_REPRESENTATION_CONTEXT() REPRESENTATION_CONTEXT('2D SPACE',''
  ) );
#6331 = ORIENTED_EDGE('',*,*,#6332,.F.);
#6332 = EDGE_CURVE('',#6255,#6307,#6333,.T.);
#6333 = SURFACE_CURVE('',#6334,(#6338,#6344),.PCURVE_S1.);
#6334 = LINE('',#6335,#6336);
#6335 = CARTESIAN_POINT('',(15.048703170029,25.975,39.7));
#6336 = VECTOR('',#6337,1.);
#6337 = DIRECTION('',(-0.,1.,0.));
#6338 = PCURVE('',#922,#6339);
#6339 = DEFINITIONAL_REPRESENTATION('',(#6340),#6343);
#6340 = B_SPLINE_CURVE_WITH_KNOTS('',1,(#6341,#6342),.UNSPECIFIED.,.F.,
  .F.,(2,2),(25.975,54.075),.PIECEWISE_BEZIER_KNOTS.);
#6341 = CARTESIAN_POINT('',(15.048703170029,51.95));
#6342 = CARTESIAN_POINT('',(15.048703170029,80.05));
#6343 = ( GEOMETRIC_REPRESENTATION_CONTEXT(2) 
PARAMETRIC_REPRESENTATION_CONTEXT() REPRESENTATION_CONTEXT('2D SPACE',''
  ) );
#6344 = PCURVE('',#6345,#6350);
#6345 = PLANE('',#6346);
#6346 = AXIS2_PLACEMENT_3D('',#6347,#6348,#6349);
#6347 = CARTESIAN_POINT('',(15.05,51.95,39.71));
#6348 = DIRECTION('',(0.991695758116,0.,-0.128606078142));
#6349 = DIRECTION('',(-0.128606078142,0.,-0.991695758116));
#6350 = DEFINITIONAL_REPRESENTATION('',(#6351),#6354);
#6351 = B_SPLINE_CURVE_WITH_KNOTS('',1,(#6352,#6353),.UNSPECIFIED.,.F.,
  .F.,(2,2),(25.975,54.075),.PIECEWISE_BEZIER_KNOTS.);
#6352 = CARTESIAN_POINT('',(1.008373779777E-02,0.));
#6353 = CARTESIAN_POINT('',(1.008373779777E-02,28.1));
#6354 = ( GEOMETRIC_REPRESENTATION_CONTEXT(2) 
PARAMETRIC_REPRESENTATION_CONTEXT() REPRESENTATION_CONTEXT('2D SPACE',''
  ) );
#6355 = FACE_BOUND('',#6356,.F.);
#6356 = EDGE_LOOP('',(#6357,#6385,#6411,#6437));
#6357 = ORIENTED_EDGE('',*,*,#6358,.F.);
#6358 = EDGE_CURVE('',#6359,#6361,#6363,.T.);
#6359 = VERTEX_POINT('',#6360);
#6360 = CARTESIAN_POINT('',(19.951296829971,51.951296829971,39.7));
#6361 = VERTEX_POINT('',#6362);
#6362 = CARTESIAN_POINT('',(50.048703170029,51.951296829971,39.7));
#6363 = SURFACE_CURVE('',#6364,(#6368,#6374),.PCURVE_S1.);
#6364 = LINE('',#6365,#6366);
#6365 = CARTESIAN_POINT('',(9.975,51.951296829971,39.7));
#6366 = VECTOR('',#6367,1.);
#6367 = DIRECTION('',(1.,0.,-0.));
#6368 = PCURVE('',#922,#6369);
#6369 = DEFINITIONAL_REPRESENTATION('',(#6370),#6373);
#6370 = B_SPLINE_CURVE_WITH_KNOTS('',1,(#6371,#6372),.UNSPECIFIED.,.F.,
  .F.,(2,2),(9.975,40.075),.PIECEWISE_BEZIER_KNOTS.);
#6371 = CARTESIAN_POINT('',(19.95,51.951296829971));
#6372 = CARTESIAN_POINT('',(50.05,51.951296829971));
#6373 = ( GEOMETRIC_REPRESENTATION_CONTEXT(2) 
PARAMETRIC_REPRESENTATION_CONTEXT() REPRESENTATION_CONTEXT('2D SPACE',''
  ) );
#6374 = PCURVE('',#6375,#6380);
#6375 = PLANE('',#6376);
#6376 = AXIS2_PLACEMENT_3D('',#6377,#6378,#6379);
#6377 = CARTESIAN_POINT('',(19.95,51.95,39.71));
#6378 = DIRECTION('',(0.,-0.991695758116,-0.128606078142));
#6379 = DIRECTION('',(0.,0.128606078142,-0.991695758116));
#6380 = DEFINITIONAL_REPRESENTATION('',(#6381),#6384);
#6381 = B_SPLINE_CURVE_WITH_KNOTS('',1,(#6382,#6383),.UNSPECIFIED.,.F.,
  .F.,(2,2),(9.975,40.075),.PIECEWISE_BEZIER_KNOTS.);
#6382 = CARTESIAN_POINT('',(1.008373779777E-02,0.));
#6383 = CARTESIAN_POINT('',(1.008373779777E-02,30.1));
#6384 = ( GEOMETRIC_REPRESENTATION_CONTEXT(2) 
PARAMETRIC_REPRESENTATION_CONTEXT() REPRESENTATION_CONTEXT('2D SPACE',''
  ) );
#6385 = ORIENTED_EDGE('',*,*,#6386,.F.);
#6386 = EDGE_CURVE('',#6387,#6359,#6389,.T.);
#6387 = VERTEX_POINT('',#6388);
#6388 = CARTESIAN_POINT('',(19.951296829971,80.048703170029,39.7));
#6389 = SURFACE_CURVE('',#6390,(#6394,#6400),.PCURVE_S1.);
#6390 = LINE('',#6391,#6392);
#6391 = CARTESIAN_POINT('',(19.951296829971,40.025,39.7));
#6392 = VECTOR('',#6393,1.);
#6393 = DIRECTION('',(0.,-1.,0.));
#6394 = PCURVE('',#922,#6395);
#6395 = DEFINITIONAL_REPRESENTATION('',(#6396),#6399);
#6396 = B_SPLINE_CURVE_WITH_KNOTS('',1,(#6397,#6398),.UNSPECIFIED.,.F.,
  .F.,(2,2),(-40.025,-11.925),.PIECEWISE_BEZIER_KNOTS.);
#6397 = CARTESIAN_POINT('',(19.951296829971,80.05));
#6398 = CARTESIAN_POINT('',(19.951296829971,51.95));
#6399 = ( GEOMETRIC_REPRESENTATION_CONTEXT(2) 
PARAMETRIC_REPRESENTATION_CONTEXT() REPRESENTATION_CONTEXT('2D SPACE',''
  ) );
#6400 = PCURVE('',#6401,#6406);
#6401 = PLANE('',#6402);
#6402 = AXIS2_PLACEMENT_3D('',#6403,#6404,#6405);
#6403 = CARTESIAN_POINT('',(19.95,80.05,39.71));
#6404 = DIRECTION('',(-0.991695758116,-0.,-0.128606078142));
#6405 = DIRECTION('',(0.128606078142,0.,-0.991695758116));
#6406 = DEFINITIONAL_REPRESENTATION('',(#6407),#6410);
#6407 = B_SPLINE_CURVE_WITH_KNOTS('',1,(#6408,#6409),.UNSPECIFIED.,.F.,
  .F.,(2,2),(-40.025,-11.925),.PIECEWISE_BEZIER_KNOTS.);
#6408 = CARTESIAN_POINT('',(1.008373779777E-02,0.));
#6409 = CARTESIAN_POINT('',(1.008373779777E-02,28.1));
#6410 = ( GEOMETRIC_REPRESENTATION_CONTEXT(2) 
PARAMETRIC_REPRESENTATION_CONTEXT() REPRESENTATION_CONTEXT('2D SPACE',''
  ) );
#6411 = ORIENTED_EDGE('',*,*,#6412,.F.);
#6412 = EDGE_CURVE('',#6413,#6387,#6415,.T.);
#6413 = VERTEX_POINT('',#6414);
#6414 = CARTESIAN_POINT('',(50.048703170029,80.048703170029,39.7));
#6415 = SURFACE_CURVE('',#6416,(#6420,#6426),.PCURVE_S1.);
#6416 = LINE('',#6417,#6418);
#6417 = CARTESIAN_POINT('',(25.025,80.048703170029,39.7));
#6418 = VECTOR('',#6419,1.);
#6419 = DIRECTION('',(-1.,0.,0.));
#6420 = PCURVE('',#922,#6421);
#6421 = DEFINITIONAL_REPRESENTATION('',(#6422),#6425);
#6422 = B_SPLINE_CURVE_WITH_KNOTS('',1,(#6423,#6424),.UNSPECIFIED.,.F.,
  .F.,(2,2),(-25.025,5.075),.PIECEWISE_BEZIER_KNOTS.);
#6423 = CARTESIAN_POINT('',(50.05,80.048703170029));
#6424 = CARTESIAN_POINT('',(19.95,80.048703170029));
#6425 = ( GEOMETRIC_REPRESENTATION_CONTEXT(2) 
PARAMETRIC_REPRESENTATION_CONTEXT() REPRESENTATION_CONTEXT('2D SPACE',''
  ) );
#6426 = PCURVE('',#6427,#6432);
#6427 = PLANE('',#6428);
#6428 = AXIS2_PLACEMENT_3D('',#6429,#6430,#6431);
#6429 = CARTESIAN_POINT('',(50.05,80.05,39.71));
#6430 = DIRECTION('',(0.,0.991695758116,-0.128606078142));
#6431 = DIRECTION('',(0.,-0.128606078142,-0.991695758116));
#6432 = DEFINITIONAL_REPRESENTATION('',(#6433),#6436);
#6433 = B_SPLINE_CURVE_WITH_KNOTS('',1,(#6434,#6435),.UNSPECIFIED.,.F.,
  .F.,(2,2),(-25.025,5.075),.PIECEWISE_BEZIER_KNOTS.);
#6434 = CARTESIAN_POINT('',(1.008373779777E-02,0.));
#6435 = CARTESIAN_POINT('',(1.008373779777E-02,30.1));
#6436 = ( GEOMETRIC_REPRESENTATION_CONTEXT(2) 
PARAMETRIC_REPRESENTATION_CONTEXT() REPRESENTATION_CONTEXT('2D SPACE',''
  ) );
#6437 = ORIENTED_EDGE('',*,*,#6438,.F.);
#6438 = EDGE_CURVE('',#6361,#6413,#6439,.T.);
#6439 = SURFACE_CURVE('',#6440,(#6444,#6450),.PCURVE_S1.);
#6440 = LINE('',#6441,#6442);
#6441 = CARTESIAN_POINT('',(50.048703170029,25.975,39.7));
#6442 = VECTOR('',#6443,1.);
#6443 = DIRECTION('',(-0.,1.,0.));
#6444 = PCURVE('',#922,#6445);
#6445 = DEFINITIONAL_REPRESENTATION('',(#6446),#6449);
#6446 = B_SPLINE_CURVE_WITH_KNOTS('',1,(#6447,#6448),.UNSPECIFIED.,.F.,
  .F.,(2,2),(25.975,54.075),.PIECEWISE_BEZIER_KNOTS.);
#6447 = CARTESIAN_POINT('',(50.048703170029,51.95));
#6448 = CARTESIAN_POINT('',(50.048703170029,80.05));
#6449 = ( GEOMETRIC_REPRESENTATION_CONTEXT(2) 
PARAMETRIC_REPRESENTATION_CONTEXT() REPRESENTATION_CONTEXT('2D SPACE',''
  ) );
#6450 = PCURVE('',#6451,#6456);
#6451 = PLANE('',#6452);
#6452 = AXIS2_PLACEMENT_3D('',#6453,#6454,#6455);
#6453 = CARTESIAN_POINT('',(50.05,51.95,39.71));
#6454 = DIRECTION('',(0.991695758116,0.,-0.128606078142));
#6455 = DIRECTION('',(-0.128606078142,0.,-0.991695758116));
#6456 = DEFINITIONAL_REPRESENTATION('',(#6457),#6460);
#6457 = B_SPLINE_CURVE_WITH_KNOTS('',1,(#6458,#6459),.UNSPECIFIED.,.F.,
  .F.,(2,2),(25.975,54.075),.PIECEWISE_BEZIER_KNOTS.);
#6458 = CARTESIAN_POINT('',(1.008373779777E-02,0.));
#6459 = CARTESIAN_POINT('',(1.008373779777E-02,28.1));
#6460 = ( GEOMETRIC_REPRESENTATION_CONTEXT(2) 
PARAMETRIC_REPRESENTATION_CONTEXT() REPRESENTATION_CONTEXT('2D SPACE',''
  ) );
#6461 = FACE_BOUND('',#6462,.F.);
#6462 = EDGE_LOOP('',(#6463,#6491,#6517,#6543));
#6463 = ORIENTED_EDGE('',*,*,#6464,.F.);
#6464 = EDGE_CURVE('',#6465,#6467,#6469,.T.);
#6465 = VERTEX_POINT('',#6466);
#6466 = CARTESIAN_POINT('',(54.951296829971,51.951296829971,39.7));
#6467 = VERTEX_POINT('',#6468);
#6468 = CARTESIAN_POINT('',(85.048703170029,51.951296829971,39.7));
#6469 = SURFACE_CURVE('',#6470,(#6474,#6480),.PCURVE_S1.);
#6470 = LINE('',#6471,#6472);
#6471 = CARTESIAN_POINT('',(27.475,51.951296829971,39.7));
#6472 = VECTOR('',#6473,1.);
#6473 = DIRECTION('',(1.,0.,-0.));
#6474 = PCURVE('',#922,#6475);
#6475 = DEFINITIONAL_REPRESENTATION('',(#6476),#6479);
#6476 = B_SPLINE_CURVE_WITH_KNOTS('',1,(#6477,#6478),.UNSPECIFIED.,.F.,
  .F.,(2,2),(27.475,57.575),.PIECEWISE_BEZIER_KNOTS.);
#6477 = CARTESIAN_POINT('',(54.95,51.951296829971));
#6478 = CARTESIAN_POINT('',(85.05,51.951296829971));
#6479 = ( GEOMETRIC_REPRESENTATION_CONTEXT(2) 
PARAMETRIC_REPRESENTATION_CONTEXT() REPRESENTATION_CONTEXT('2D SPACE',''
  ) );
#6480 = PCURVE('',#6481,#6486);
#6481 = PLANE('',#6482);
#6482 = AXIS2_PLACEMENT_3D('',#6483,#6484,#6485);
#6483 = CARTESIAN_POINT('',(54.95,51.95,39.71));
#6484 = DIRECTION('',(0.,-0.991695758116,-0.128606078142));
#6485 = DIRECTION('',(0.,0.128606078142,-0.991695758116));
#6486 = DEFINITIONAL_REPRESENTATION('',(#6487),#6490);
#6487 = B_SPLINE_CURVE_WITH_KNOTS('',1,(#6488,#6489),.UNSPECIFIED.,.F.,
  .F.,(2,2),(27.475,57.575),.PIECEWISE_BEZIER_KNOTS.);
#6488 = CARTESIAN_POINT('',(1.008373779776E-02,0.));
#6489 = CARTESIAN_POINT('',(1.008373779776E-02,30.1));
#6490 = ( GEOMETRIC_REPRESENTATION_CONTEXT(2) 
PARAMETRIC_REPRESENTATION_CONTEXT() REPRESENTATION_CONTEXT('2D SPACE',''
  ) );
#6491 = ORIENTED_EDGE('',*,*,#6492,.F.);
#6492 = EDGE_CURVE('',#6493,#6465,#6495,.T.);
#6493 = VERTEX_POINT('',#6494);
#6494 = CARTESIAN_POINT('',(54.951296829971,80.048703170029,39.7));
#6495 = SURFACE_CURVE('',#6496,(#6500,#6506),.PCURVE_S1.);
#6496 = LINE('',#6497,#6498);
#6497 = CARTESIAN_POINT('',(54.951296829971,40.025,39.7));
#6498 = VECTOR('',#6499,1.);
#6499 = DIRECTION('',(0.,-1.,0.));
#6500 = PCURVE('',#922,#6501);
#6501 = DEFINITIONAL_REPRESENTATION('',(#6502),#6505);
#6502 = B_SPLINE_CURVE_WITH_KNOTS('',1,(#6503,#6504),.UNSPECIFIED.,.F.,
  .F.,(2,2),(-40.025,-11.925),.PIECEWISE_BEZIER_KNOTS.);
#6503 = CARTESIAN_POINT('',(54.951296829971,80.05));
#6504 = CARTESIAN_POINT('',(54.951296829971,51.95));
#6505 = ( GEOMETRIC_REPRESENTATION_CONTEXT(2) 
PARAMETRIC_REPRESENTATION_CONTEXT() REPRESENTATION_CONTEXT('2D SPACE',''
  ) );
#6506 = PCURVE('',#6507,#6512);
#6507 = PLANE('',#6508);
#6508 = AXIS2_PLACEMENT_3D('',#6509,#6510,#6511);
#6509 = CARTESIAN_POINT('',(54.95,80.05,39.71));
#6510 = DIRECTION('',(-0.991695758116,-0.,-0.128606078142));
#6511 = DIRECTION('',(0.128606078142,0.,-0.991695758116));
#6512 = DEFINITIONAL_REPRESENTATION('',(#6513),#6516);
#6513 = B_SPLINE_CURVE_WITH_KNOTS('',1,(#6514,#6515),.UNSPECIFIED.,.F.,
  .F.,(2,2),(-40.025,-11.925),.PIECEWISE_BEZIER_KNOTS.);
#6514 = CARTESIAN_POINT('',(1.008373779776E-02,0.));
#6515 = CARTESIAN_POINT('',(1.008373779776E-02,28.1));
#6516 = ( GEOMETRIC_REPRESENTATION_CONTEXT(2) 
PARAMETRIC_REPRESENTATION_CONTEXT() REPRESENTATION_CONTEXT('2D SPACE',''
  ) );
#6517 = ORIENTED_EDGE('',*,*,#6518,.F.);
#6518 = EDGE_CURVE('',#6519,#6493,#6521,.T.);
#6519 = VERTEX_POINT('',#6520);
#6520 = CARTESIAN_POINT('',(85.048703170029,80.048703170029,39.7));
#6521 = SURFACE_CURVE('',#6522,(#6526,#6532),.PCURVE_S1.);
#6522 = LINE('',#6523,#6524);
#6523 = CARTESIAN_POINT('',(42.525,80.048703170029,39.7));
#6524 = VECTOR('',#6525,1.);
#6525 = DIRECTION('',(-1.,0.,0.));
#6526 = PCURVE('',#922,#6527);
#6527 = DEFINITIONAL_REPRESENTATION('',(#6528),#6531);
#6528 = B_SPLINE_CURVE_WITH_KNOTS('',1,(#6529,#6530),.UNSPECIFIED.,.F.,
  .F.,(2,2),(-42.525,-12.425),.PIECEWISE_BEZIER_KNOTS.);
#6529 = CARTESIAN_POINT('',(85.05,80.048703170029));
#6530 = CARTESIAN_POINT('',(54.95,80.048703170029));
#6531 = ( GEOMETRIC_REPRESENTATION_CONTEXT(2) 
PARAMETRIC_REPRESENTATION_CONTEXT() REPRESENTATION_CONTEXT('2D SPACE',''
  ) );
#6532 = PCURVE('',#6533,#6538);
#6533 = PLANE('',#6534);
#6534 = AXIS2_PLACEMENT_3D('',#6535,#6536,#6537);
#6535 = CARTESIAN_POINT('',(85.05,80.05,39.71));
#6536 = DIRECTION('',(0.,0.991695758116,-0.128606078142));
#6537 = DIRECTION('',(0.,-0.128606078142,-0.991695758116));
#6538 = DEFINITIONAL_REPRESENTATION('',(#6539),#6542);
#6539 = B_SPLINE_CURVE_WITH_KNOTS('',1,(#6540,#6541),.UNSPECIFIED.,.F.,
  .F.,(2,2),(-42.525,-12.425),.PIECEWISE_BEZIER_KNOTS.);
#6540 = CARTESIAN_POINT('',(1.008373779776E-02,0.));
#6541 = CARTESIAN_POINT('',(1.008373779776E-02,30.1));
#6542 = ( GEOMETRIC_REPRESENTATION_CONTEXT(2) 
PARAMETRIC_REPRESENTATION_CONTEXT() REPRESENTATION_CONTEXT('2D SPACE',''
  ) );
#6543 = ORIENTED_EDGE('',*,*,#6544,.F.);
#6544 = EDGE_CURVE('',#6467,#6519,#6545,.T.);
#6545 = SURFACE_CURVE('',#6546,(#6550,#6556),.PCURVE_S1.);
#6546 = LINE('',#6547,#6548);
#6547 = CARTESIAN_POINT('',(85.048703170029,25.975,39.7));
#6548 = VECTOR('',#6549,1.);
#6549 = DIRECTION('',(-0.,1.,0.));
#6550 = PCURVE('',#922,#6551);
#6551 = DEFINITIONAL_REPRESENTATION('',(#6552),#6555);
#6552 = B_SPLINE_CURVE_WITH_KNOTS('',1,(#6553,#6554),.UNSPECIFIED.,.F.,
  .F.,(2,2),(25.975,54.075),.PIECEWISE_BEZIER_KNOTS.);
#6553 = CARTESIAN_POINT('',(85.048703170029,51.95));
#6554 = CARTESIAN_POINT('',(85.048703170029,80.05));
#6555 = ( GEOMETRIC_REPRESENTATION_CONTEXT(2) 
PARAMETRIC_REPRESENTATION_CONTEXT() REPRESENTATION_CONTEXT('2D SPACE',''
  ) );
#6556 = PCURVE('',#6557,#6562);
#6557 = PLANE('',#6558);
#6558 = AXIS2_PLACEMENT_3D('',#6559,#6560,#6561);
#6559 = CARTESIAN_POINT('',(85.05,51.95,39.71));
#6560 = DIRECTION('',(0.991695758116,0.,-0.128606078142));
#6561 = DIRECTION('',(-0.128606078142,0.,-0.991695758116));
#6562 = DEFINITIONAL_REPRESENTATION('',(#6563),#6566);
#6563 = B_SPLINE_CURVE_WITH_KNOTS('',1,(#6564,#6565),.UNSPECIFIED.,.F.,
  .F.,(2,2),(25.975,54.075),.PIECEWISE_BEZIER_KNOTS.);
#6564 = CARTESIAN_POINT('',(1.008373779776E-02,0.));
#6565 = CARTESIAN_POINT('',(1.008373779776E-02,28.1));
#6566 = ( GEOMETRIC_REPRESENTATION_CONTEXT(2) 
PARAMETRIC_REPRESENTATION_CONTEXT() REPRESENTATION_CONTEXT('2D SPACE',''
  ) );
#6567 = ADVANCED_FACE('',(#6568),#1276,.F.);
#6568 = FACE_BOUND('',#6569,.F.);
#6569 = EDGE_LOOP('',(#6570,#6571,#6592,#6620));
#6570 = ORIENTED_EDGE('',*,*,#1259,.F.);
#6571 = ORIENTED_EDGE('',*,*,#6572,.T.);
#6572 = EDGE_CURVE('',#1260,#6573,#6575,.T.);
#6573 = VERTEX_POINT('',#6574);
#6574 = CARTESIAN_POINT('',(-79.74870317002,-74.74870317002,5.8));
#6575 = SURFACE_CURVE('',#6576,(#6580,#6586),.PCURVE_S1.);
#6576 = LINE('',#6577,#6578);
#6577 = CARTESIAN_POINT('',(-84.25,-79.25,40.51));
#6578 = VECTOR('',#6579,1.);
#6579 = DIRECTION('',(0.127555550137,0.127555550137,-0.983595019944));
#6580 = PCURVE('',#1276,#6581);
#6581 = DEFINITIONAL_REPRESENTATION('',(#6582),#6585);
#6582 = B_SPLINE_CURVE_WITH_KNOTS('',1,(#6583,#6584),.UNSPECIFIED.,.F.,
  .F.,(2,2),(0.,35.288913929208),.PIECEWISE_BEZIER_KNOTS.);
#6583 = CARTESIAN_POINT('',(0.,0.));
#6584 = CARTESIAN_POINT('',(35.000653896056,4.501296829971));
#6585 = ( GEOMETRIC_REPRESENTATION_CONTEXT(2) 
PARAMETRIC_REPRESENTATION_CONTEXT() REPRESENTATION_CONTEXT('2D SPACE',''
  ) );
#6586 = PCURVE('',#1302,#6587);
#6587 = DEFINITIONAL_REPRESENTATION('',(#6588),#6591);
#6588 = B_SPLINE_CURVE_WITH_KNOTS('',1,(#6589,#6590),.UNSPECIFIED.,.F.,
  .F.,(2,2),(0.,35.288913929208),.PIECEWISE_BEZIER_KNOTS.);
#6589 = CARTESIAN_POINT('',(0.,26.5));
#6590 = CARTESIAN_POINT('',(35.000653896056,21.998703170029));
#6591 = ( GEOMETRIC_REPRESENTATION_CONTEXT(2) 
PARAMETRIC_REPRESENTATION_CONTEXT() REPRESENTATION_CONTEXT('2D SPACE',''
  ) );
#6592 = ORIENTED_EDGE('',*,*,#6593,.T.);
#6593 = EDGE_CURVE('',#6573,#6594,#6596,.T.);
#6594 = VERTEX_POINT('',#6595);
#6595 = CARTESIAN_POINT('',(-60.25129682997,-74.74870317002,5.8));
#6596 = SURFACE_CURVE('',#6597,(#6601,#6608),.PCURVE_S1.);
#6597 = LINE('',#6598,#6599);
#6598 = CARTESIAN_POINT('',(-84.25,-74.74870317002,5.8));
#6599 = VECTOR('',#6600,1.);
#6600 = DIRECTION('',(1.,0.,0.));
#6601 = PCURVE('',#1276,#6602);
#6602 = DEFINITIONAL_REPRESENTATION('',(#6603),#6607);
#6603 = LINE('',#6604,#6605);
#6604 = CARTESIAN_POINT('',(35.000653896056,0.));
#6605 = VECTOR('',#6606,1.);
#6606 = DIRECTION('',(0.,1.));
#6607 = ( GEOMETRIC_REPRESENTATION_CONTEXT(2) 
PARAMETRIC_REPRESENTATION_CONTEXT() REPRESENTATION_CONTEXT('2D SPACE',''
  ) );
#6608 = PCURVE('',#6609,#6614);
#6609 = PLANE('',#6610);
#6610 = AXIS2_PLACEMENT_3D('',#6611,#6612,#6613);
#6611 = CARTESIAN_POINT('',(-70.,-66.,5.8));
#6612 = DIRECTION('',(0.,0.,1.));
#6613 = DIRECTION('',(1.,0.,0.));
#6614 = DEFINITIONAL_REPRESENTATION('',(#6615),#6619);
#6615 = LINE('',#6616,#6617);
#6616 = CARTESIAN_POINT('',(-14.25,-8.748703170029));
#6617 = VECTOR('',#6618,1.);
#6618 = DIRECTION('',(1.,0.));
#6619 = ( GEOMETRIC_REPRESENTATION_CONTEXT(2) 
PARAMETRIC_REPRESENTATION_CONTEXT() REPRESENTATION_CONTEXT('2D SPACE',''
  ) );
#6620 = ORIENTED_EDGE('',*,*,#6621,.F.);
#6621 = EDGE_CURVE('',#1262,#6594,#6622,.T.);
#6622 = SURFACE_CURVE('',#6623,(#6627,#6633),.PCURVE_S1.);
#6623 = LINE('',#6624,#6625);
#6624 = CARTESIAN_POINT('',(-55.75,-79.25,40.51));
#6625 = VECTOR('',#6626,1.);
#6626 = DIRECTION('',(-0.127555550137,0.127555550137,-0.983595019944));
#6627 = PCURVE('',#1276,#6628);
#6628 = DEFINITIONAL_REPRESENTATION('',(#6629),#6632);
#6629 = B_SPLINE_CURVE_WITH_KNOTS('',1,(#6630,#6631),.UNSPECIFIED.,.F.,
  .F.,(2,2),(0.,35.288913929208),.PIECEWISE_BEZIER_KNOTS.);
#6630 = CARTESIAN_POINT('',(0.,28.5));
#6631 = CARTESIAN_POINT('',(35.000653896056,23.998703170029));
#6632 = ( GEOMETRIC_REPRESENTATION_CONTEXT(2) 
PARAMETRIC_REPRESENTATION_CONTEXT() REPRESENTATION_CONTEXT('2D SPACE',''
  ) );
#6633 = PCURVE('',#1352,#6634);
#6634 = DEFINITIONAL_REPRESENTATION('',(#6635),#6638);
#6635 = B_SPLINE_CURVE_WITH_KNOTS('',1,(#6636,#6637),.UNSPECIFIED.,.F.,
  .F.,(2,2),(0.,35.288913929208),.PIECEWISE_BEZIER_KNOTS.);
#6636 = CARTESIAN_POINT('',(0.,0.));
#6637 = CARTESIAN_POINT('',(35.000653896056,4.501296829971));
#6638 = ( GEOMETRIC_REPRESENTATION_CONTEXT(2) 
PARAMETRIC_REPRESENTATION_CONTEXT() REPRESENTATION_CONTEXT('2D SPACE',''
  ) );
#6639 = ADVANCED_FACE('',(#6640),#1302,.F.);
#6640 = FACE_BOUND('',#6641,.F.);
#6641 = EDGE_LOOP('',(#6642,#6643,#6664,#6685));
#6642 = ORIENTED_EDGE('',*,*,#1287,.F.);
#6643 = ORIENTED_EDGE('',*,*,#6644,.T.);
#6644 = EDGE_CURVE('',#1288,#6645,#6647,.T.);
#6645 = VERTEX_POINT('',#6646);
#6646 = CARTESIAN_POINT('',(-79.74870317002,-57.25129682997,5.8));
#6647 = SURFACE_CURVE('',#6648,(#6652,#6658),.PCURVE_S1.);
#6648 = LINE('',#6649,#6650);
#6649 = CARTESIAN_POINT('',(-84.25,-52.75,40.51));
#6650 = VECTOR('',#6651,1.);
#6651 = DIRECTION('',(0.127555550137,-0.127555550137,-0.983595019944));
#6652 = PCURVE('',#1302,#6653);
#6653 = DEFINITIONAL_REPRESENTATION('',(#6654),#6657);
#6654 = B_SPLINE_CURVE_WITH_KNOTS('',1,(#6655,#6656),.UNSPECIFIED.,.F.,
  .F.,(2,2),(0.,35.288913929208),.PIECEWISE_BEZIER_KNOTS.);
#6655 = CARTESIAN_POINT('',(0.,0.));
#6656 = CARTESIAN_POINT('',(35.000653896056,4.501296829971));
#6657 = ( GEOMETRIC_REPRESENTATION_CONTEXT(2) 
PARAMETRIC_REPRESENTATION_CONTEXT() REPRESENTATION_CONTEXT('2D SPACE',''
  ) );
#6658 = PCURVE('',#1328,#6659);
#6659 = DEFINITIONAL_REPRESENTATION('',(#6660),#6663);
#6660 = B_SPLINE_CURVE_WITH_KNOTS('',1,(#6661,#6662),.UNSPECIFIED.,.F.,
  .F.,(2,2),(0.,35.288913929208),.PIECEWISE_BEZIER_KNOTS.);
#6661 = CARTESIAN_POINT('',(0.,28.5));
#6662 = CARTESIAN_POINT('',(35.000653896056,23.998703170029));
#6663 = ( GEOMETRIC_REPRESENTATION_CONTEXT(2) 
PARAMETRIC_REPRESENTATION_CONTEXT() REPRESENTATION_CONTEXT('2D SPACE',''
  ) );
#6664 = ORIENTED_EDGE('',*,*,#6665,.T.);
#6665 = EDGE_CURVE('',#6645,#6573,#6666,.T.);
#6666 = SURFACE_CURVE('',#6667,(#6671,#6678),.PCURVE_S1.);
#6667 = LINE('',#6668,#6669);
#6668 = CARTESIAN_POINT('',(-79.74870317002,-52.75,5.8));
#6669 = VECTOR('',#6670,1.);
#6670 = DIRECTION('',(0.,-1.,0.));
#6671 = PCURVE('',#1302,#6672);
#6672 = DEFINITIONAL_REPRESENTATION('',(#6673),#6677);
#6673 = LINE('',#6674,#6675);
#6674 = CARTESIAN_POINT('',(35.000653896056,0.));
#6675 = VECTOR('',#6676,1.);
#6676 = DIRECTION('',(0.,1.));
#6677 = ( GEOMETRIC_REPRESENTATION_CONTEXT(2) 
PARAMETRIC_REPRESENTATION_CONTEXT() REPRESENTATION_CONTEXT('2D SPACE',''
  ) );
#6678 = PCURVE('',#6609,#6679);
#6679 = DEFINITIONAL_REPRESENTATION('',(#6680),#6684);
#6680 = LINE('',#6681,#6682);
#6681 = CARTESIAN_POINT('',(-9.748703170029,13.25));
#6682 = VECTOR('',#6683,1.);
#6683 = DIRECTION('',(0.,-1.));
#6684 = ( GEOMETRIC_REPRESENTATION_CONTEXT(2) 
PARAMETRIC_REPRESENTATION_CONTEXT() REPRESENTATION_CONTEXT('2D SPACE',''
  ) );
#6685 = ORIENTED_EDGE('',*,*,#6572,.F.);
#6686 = ADVANCED_FACE('',(#6687),#1352,.F.);
#6687 = FACE_BOUND('',#6688,.F.);
#6688 = EDGE_LOOP('',(#6689,#6690,#6691,#6714));
#6689 = ORIENTED_EDGE('',*,*,#1339,.F.);
#6690 = ORIENTED_EDGE('',*,*,#6621,.T.);
#6691 = ORIENTED_EDGE('',*,*,#6692,.T.);
#6692 = EDGE_CURVE('',#6594,#6693,#6695,.T.);
#6693 = VERTEX_POINT('',#6694);
#6694 = CARTESIAN_POINT('',(-60.25129682997,-57.25129682997,5.8));
#6695 = SURFACE_CURVE('',#6696,(#6700,#6707),.PCURVE_S1.);
#6696 = LINE('',#6697,#6698);
#6697 = CARTESIAN_POINT('',(-60.25129682997,-79.25,5.8));
#6698 = VECTOR('',#6699,1.);
#6699 = DIRECTION('',(0.,1.,0.));
#6700 = PCURVE('',#1352,#6701);
#6701 = DEFINITIONAL_REPRESENTATION('',(#6702),#6706);
#6702 = LINE('',#6703,#6704);
#6703 = CARTESIAN_POINT('',(35.000653896056,0.));
#6704 = VECTOR('',#6705,1.);
#6705 = DIRECTION('',(0.,1.));
#6706 = ( GEOMETRIC_REPRESENTATION_CONTEXT(2) 
PARAMETRIC_REPRESENTATION_CONTEXT() REPRESENTATION_CONTEXT('2D SPACE',''
  ) );
#6707 = PCURVE('',#6609,#6708);
#6708 = DEFINITIONAL_REPRESENTATION('',(#6709),#6713);
#6709 = LINE('',#6710,#6711);
#6710 = CARTESIAN_POINT('',(9.748703170029,-13.25));
#6711 = VECTOR('',#6712,1.);
#6712 = DIRECTION('',(0.,1.));
#6713 = ( GEOMETRIC_REPRESENTATION_CONTEXT(2) 
PARAMETRIC_REPRESENTATION_CONTEXT() REPRESENTATION_CONTEXT('2D SPACE',''
  ) );
#6714 = ORIENTED_EDGE('',*,*,#6715,.F.);
#6715 = EDGE_CURVE('',#1314,#6693,#6716,.T.);
#6716 = SURFACE_CURVE('',#6717,(#6721,#6727),.PCURVE_S1.);
#6717 = LINE('',#6718,#6719);
#6718 = CARTESIAN_POINT('',(-55.75,-52.75,40.51));
#6719 = VECTOR('',#6720,1.);
#6720 = DIRECTION('',(-0.127555550137,-0.127555550137,-0.983595019944));
#6721 = PCURVE('',#1352,#6722);
#6722 = DEFINITIONAL_REPRESENTATION('',(#6723),#6726);
#6723 = B_SPLINE_CURVE_WITH_KNOTS('',1,(#6724,#6725),.UNSPECIFIED.,.F.,
  .F.,(2,2),(-0.,35.288913929208),.PIECEWISE_BEZIER_KNOTS.);
#6724 = CARTESIAN_POINT('',(0.,26.5));
#6725 = CARTESIAN_POINT('',(35.000653896056,21.998703170029));
#6726 = ( GEOMETRIC_REPRESENTATION_CONTEXT(2) 
PARAMETRIC_REPRESENTATION_CONTEXT() REPRESENTATION_CONTEXT('2D SPACE',''
  ) );
#6727 = PCURVE('',#1328,#6728);
#6728 = DEFINITIONAL_REPRESENTATION('',(#6729),#6732);
#6729 = B_SPLINE_CURVE_WITH_KNOTS('',1,(#6730,#6731),.UNSPECIFIED.,.F.,
  .F.,(2,2),(-0.,35.288913929208),.PIECEWISE_BEZIER_KNOTS.);
#6730 = CARTESIAN_POINT('',(0.,0.));
#6731 = CARTESIAN_POINT('',(35.000653896056,4.501296829971));
#6732 = ( GEOMETRIC_REPRESENTATION_CONTEXT(2) 
PARAMETRIC_REPRESENTATION_CONTEXT() REPRESENTATION_CONTEXT('2D SPACE',''
  ) );
#6733 = ADVANCED_FACE('',(#6734),#1328,.F.);
#6734 = FACE_BOUND('',#6735,.F.);
#6735 = EDGE_LOOP('',(#6736,#6737,#6738,#6739));
#6736 = ORIENTED_EDGE('',*,*,#6644,.F.);
#6737 = ORIENTED_EDGE('',*,*,#1313,.F.);
#6738 = ORIENTED_EDGE('',*,*,#6715,.T.);
#6739 = ORIENTED_EDGE('',*,*,#6740,.T.);
#6740 = EDGE_CURVE('',#6693,#6645,#6741,.T.);
#6741 = SURFACE_CURVE('',#6742,(#6746,#6753),.PCURVE_S1.);
#6742 = LINE('',#6743,#6744);
#6743 = CARTESIAN_POINT('',(-55.75,-57.25129682997,5.8));
#6744 = VECTOR('',#6745,1.);
#6745 = DIRECTION('',(-1.,0.,0.));
#6746 = PCURVE('',#1328,#6747);
#6747 = DEFINITIONAL_REPRESENTATION('',(#6748),#6752);
#6748 = LINE('',#6749,#6750);
#6749 = CARTESIAN_POINT('',(35.000653896056,0.));
#6750 = VECTOR('',#6751,1.);
#6751 = DIRECTION('',(-0.,1.));
#6752 = ( GEOMETRIC_REPRESENTATION_CONTEXT(2) 
PARAMETRIC_REPRESENTATION_CONTEXT() REPRESENTATION_CONTEXT('2D SPACE',''
  ) );
#6753 = PCURVE('',#6609,#6754);
#6754 = DEFINITIONAL_REPRESENTATION('',(#6755),#6759);
#6755 = LINE('',#6756,#6757);
#6756 = CARTESIAN_POINT('',(14.25,8.748703170029));
#6757 = VECTOR('',#6758,1.);
#6758 = DIRECTION('',(-1.,0.));
#6759 = ( GEOMETRIC_REPRESENTATION_CONTEXT(2) 
PARAMETRIC_REPRESENTATION_CONTEXT() REPRESENTATION_CONTEXT('2D SPACE',''
  ) );
#6760 = ADVANCED_FACE('',(#6761),#1382,.F.);
#6761 = FACE_BOUND('',#6762,.F.);
#6762 = EDGE_LOOP('',(#6763,#6764,#6785,#6813));
#6763 = ORIENTED_EDGE('',*,*,#1365,.F.);
#6764 = ORIENTED_EDGE('',*,*,#6765,.T.);
#6765 = EDGE_CURVE('',#1366,#6766,#6768,.T.);
#6766 = VERTEX_POINT('',#6767);
#6767 = CARTESIAN_POINT('',(-44.74870317002,-74.74870317002,5.8));
#6768 = SURFACE_CURVE('',#6769,(#6773,#6779),.PCURVE_S1.);
#6769 = LINE('',#6770,#6771);
#6770 = CARTESIAN_POINT('',(-49.25,-79.25,40.51));
#6771 = VECTOR('',#6772,1.);
#6772 = DIRECTION('',(0.127555550137,0.127555550137,-0.983595019944));
#6773 = PCURVE('',#1382,#6774);
#6774 = DEFINITIONAL_REPRESENTATION('',(#6775),#6778);
#6775 = B_SPLINE_CURVE_WITH_KNOTS('',1,(#6776,#6777),.UNSPECIFIED.,.F.,
  .F.,(2,2),(0.,35.288913929208),.PIECEWISE_BEZIER_KNOTS.);
#6776 = CARTESIAN_POINT('',(0.,0.));
#6777 = CARTESIAN_POINT('',(35.000653896056,4.501296829971));
#6778 = ( GEOMETRIC_REPRESENTATION_CONTEXT(2) 
PARAMETRIC_REPRESENTATION_CONTEXT() REPRESENTATION_CONTEXT('2D SPACE',''
  ) );
#6779 = PCURVE('',#1408,#6780);
#6780 = DEFINITIONAL_REPRESENTATION('',(#6781),#6784);
#6781 = B_SPLINE_CURVE_WITH_KNOTS('',1,(#6782,#6783),.UNSPECIFIED.,.F.,
  .F.,(2,2),(0.,35.288913929208),.PIECEWISE_BEZIER_KNOTS.);
#6782 = CARTESIAN_POINT('',(0.,26.5));
#6783 = CARTESIAN_POINT('',(35.000653896056,21.998703170029));
#6784 = ( GEOMETRIC_REPRESENTATION_CONTEXT(2) 
PARAMETRIC_REPRESENTATION_CONTEXT() REPRESENTATION_CONTEXT('2D SPACE',''
  ) );
#6785 = ORIENTED_EDGE('',*,*,#6786,.T.);
#6786 = EDGE_CURVE('',#6766,#6787,#6789,.T.);
#6787 = VERTEX_POINT('',#6788);
#6788 = CARTESIAN_POINT('',(-25.25129682997,-74.74870317002,5.8));
#6789 = SURFACE_CURVE('',#6790,(#6794,#6801),.PCURVE_S1.);
#6790 = LINE('',#6791,#6792);
#6791 = CARTESIAN_POINT('',(-49.25,-74.74870317002,5.8));
#6792 = VECTOR('',#6793,1.);
#6793 = DIRECTION('',(1.,0.,0.));
#6794 = PCURVE('',#1382,#6795);
#6795 = DEFINITIONAL_REPRESENTATION('',(#6796),#6800);
#6796 = LINE('',#6797,#6798);
#6797 = CARTESIAN_POINT('',(35.000653896056,0.));
#6798 = VECTOR('',#6799,1.);
#6799 = DIRECTION('',(0.,1.));
#6800 = ( GEOMETRIC_REPRESENTATION_CONTEXT(2) 
PARAMETRIC_REPRESENTATION_CONTEXT() REPRESENTATION_CONTEXT('2D SPACE',''
  ) );
#6801 = PCURVE('',#6802,#6807);
#6802 = PLANE('',#6803);
#6803 = AXIS2_PLACEMENT_3D('',#6804,#6805,#6806);
#6804 = CARTESIAN_POINT('',(-35.,-66.,5.8));
#6805 = DIRECTION('',(0.,0.,1.));
#6806 = DIRECTION('',(1.,0.,0.));
#6807 = DEFINITIONAL_REPRESENTATION('',(#6808),#6812);
#6808 = LINE('',#6809,#6810);
#6809 = CARTESIAN_POINT('',(-14.25,-8.748703170029));
#6810 = VECTOR('',#6811,1.);
#6811 = DIRECTION('',(1.,0.));
#6812 = ( GEOMETRIC_REPRESENTATION_CONTEXT(2) 
PARAMETRIC_REPRESENTATION_CONTEXT() REPRESENTATION_CONTEXT('2D SPACE',''
  ) );
#6813 = ORIENTED_EDGE('',*,*,#6814,.F.);
#6814 = EDGE_CURVE('',#1368,#6787,#6815,.T.);
#6815 = SURFACE_CURVE('',#6816,(#6820,#6826),.PCURVE_S1.);
#6816 = LINE('',#6817,#6818);
#6817 = CARTESIAN_POINT('',(-20.75,-79.25,40.51));
#6818 = VECTOR('',#6819,1.);
#6819 = DIRECTION('',(-0.127555550137,0.127555550137,-0.983595019944));
#6820 = PCURVE('',#1382,#6821);
#6821 = DEFINITIONAL_REPRESENTATION('',(#6822),#6825);
#6822 = B_SPLINE_CURVE_WITH_KNOTS('',1,(#6823,#6824),.UNSPECIFIED.,.F.,
  .F.,(2,2),(0.,35.288913929208),.PIECEWISE_BEZIER_KNOTS.);
#6823 = CARTESIAN_POINT('',(0.,28.5));
#6824 = CARTESIAN_POINT('',(35.000653896056,23.998703170029));
#6825 = ( GEOMETRIC_REPRESENTATION_CONTEXT(2) 
PARAMETRIC_REPRESENTATION_CONTEXT() REPRESENTATION_CONTEXT('2D SPACE',''
  ) );
#6826 = PCURVE('',#1458,#6827);
#6827 = DEFINITIONAL_REPRESENTATION('',(#6828),#6831);
#6828 = B_SPLINE_CURVE_WITH_KNOTS('',1,(#6829,#6830),.UNSPECIFIED.,.F.,
  .F.,(2,2),(0.,35.288913929208),.PIECEWISE_BEZIER_KNOTS.);
#6829 = CARTESIAN_POINT('',(0.,0.));
#6830 = CARTESIAN_POINT('',(35.000653896056,4.501296829971));
#6831 = ( GEOMETRIC_REPRESENTATION_CONTEXT(2) 
PARAMETRIC_REPRESENTATION_CONTEXT() REPRESENTATION_CONTEXT('2D SPACE',''
  ) );
#6832 = ADVANCED_FACE('',(#6833),#1408,.F.);
#6833 = FACE_BOUND('',#6834,.F.);
#6834 = EDGE_LOOP('',(#6835,#6836,#6857,#6878));
#6835 = ORIENTED_EDGE('',*,*,#1393,.F.);
#6836 = ORIENTED_EDGE('',*,*,#6837,.T.);
#6837 = EDGE_CURVE('',#1394,#6838,#6840,.T.);
#6838 = VERTEX_POINT('',#6839);
#6839 = CARTESIAN_POINT('',(-44.74870317002,-57.25129682997,5.8));
#6840 = SURFACE_CURVE('',#6841,(#6845,#6851),.PCURVE_S1.);
#6841 = LINE('',#6842,#6843);
#6842 = CARTESIAN_POINT('',(-49.25,-52.75,40.51));
#6843 = VECTOR('',#6844,1.);
#6844 = DIRECTION('',(0.127555550137,-0.127555550137,-0.983595019944));
#6845 = PCURVE('',#1408,#6846);
#6846 = DEFINITIONAL_REPRESENTATION('',(#6847),#6850);
#6847 = B_SPLINE_CURVE_WITH_KNOTS('',1,(#6848,#6849),.UNSPECIFIED.,.F.,
  .F.,(2,2),(0.,35.288913929208),.PIECEWISE_BEZIER_KNOTS.);
#6848 = CARTESIAN_POINT('',(0.,0.));
#6849 = CARTESIAN_POINT('',(35.000653896056,4.501296829971));
#6850 = ( GEOMETRIC_REPRESENTATION_CONTEXT(2) 
PARAMETRIC_REPRESENTATION_CONTEXT() REPRESENTATION_CONTEXT('2D SPACE',''
  ) );
#6851 = PCURVE('',#1434,#6852);
#6852 = DEFINITIONAL_REPRESENTATION('',(#6853),#6856);
#6853 = B_SPLINE_CURVE_WITH_KNOTS('',1,(#6854,#6855),.UNSPECIFIED.,.F.,
  .F.,(2,2),(0.,35.288913929208),.PIECEWISE_BEZIER_KNOTS.);
#6854 = CARTESIAN_POINT('',(0.,28.5));
#6855 = CARTESIAN_POINT('',(35.000653896056,23.998703170029));
#6856 = ( GEOMETRIC_REPRESENTATION_CONTEXT(2) 
PARAMETRIC_REPRESENTATION_CONTEXT() REPRESENTATION_CONTEXT('2D SPACE',''
  ) );
#6857 = ORIENTED_EDGE('',*,*,#6858,.T.);
#6858 = EDGE_CURVE('',#6838,#6766,#6859,.T.);
#6859 = SURFACE_CURVE('',#6860,(#6864,#6871),.PCURVE_S1.);
#6860 = LINE('',#6861,#6862);
#6861 = CARTESIAN_POINT('',(-44.74870317002,-52.75,5.8));
#6862 = VECTOR('',#6863,1.);
#6863 = DIRECTION('',(0.,-1.,0.));
#6864 = PCURVE('',#1408,#6865);
#6865 = DEFINITIONAL_REPRESENTATION('',(#6866),#6870);
#6866 = LINE('',#6867,#6868);
#6867 = CARTESIAN_POINT('',(35.000653896056,0.));
#6868 = VECTOR('',#6869,1.);
#6869 = DIRECTION('',(0.,1.));
#6870 = ( GEOMETRIC_REPRESENTATION_CONTEXT(2) 
PARAMETRIC_REPRESENTATION_CONTEXT() REPRESENTATION_CONTEXT('2D SPACE',''
  ) );
#6871 = PCURVE('',#6802,#6872);
#6872 = DEFINITIONAL_REPRESENTATION('',(#6873),#6877);
#6873 = LINE('',#6874,#6875);
#6874 = CARTESIAN_POINT('',(-9.748703170029,13.25));
#6875 = VECTOR('',#6876,1.);
#6876 = DIRECTION('',(0.,-1.));
#6877 = ( GEOMETRIC_REPRESENTATION_CONTEXT(2) 
PARAMETRIC_REPRESENTATION_CONTEXT() REPRESENTATION_CONTEXT('2D SPACE',''
  ) );
#6878 = ORIENTED_EDGE('',*,*,#6765,.F.);
#6879 = ADVANCED_FACE('',(#6880),#1458,.F.);
#6880 = FACE_BOUND('',#6881,.F.);
#6881 = EDGE_LOOP('',(#6882,#6883,#6884,#6907));
#6882 = ORIENTED_EDGE('',*,*,#1445,.F.);
#6883 = ORIENTED_EDGE('',*,*,#6814,.T.);
#6884 = ORIENTED_EDGE('',*,*,#6885,.T.);
#6885 = EDGE_CURVE('',#6787,#6886,#6888,.T.);
#6886 = VERTEX_POINT('',#6887);
#6887 = CARTESIAN_POINT('',(-25.25129682997,-57.25129682997,5.8));
#6888 = SURFACE_CURVE('',#6889,(#6893,#6900),.PCURVE_S1.);
#6889 = LINE('',#6890,#6891);
#6890 = CARTESIAN_POINT('',(-25.25129682997,-79.25,5.8));
#6891 = VECTOR('',#6892,1.);
#6892 = DIRECTION('',(0.,1.,0.));
#6893 = PCURVE('',#1458,#6894);
#6894 = DEFINITIONAL_REPRESENTATION('',(#6895),#6899);
#6895 = LINE('',#6896,#6897);
#6896 = CARTESIAN_POINT('',(35.000653896056,0.));
#6897 = VECTOR('',#6898,1.);
#6898 = DIRECTION('',(0.,1.));
#6899 = ( GEOMETRIC_REPRESENTATION_CONTEXT(2) 
PARAMETRIC_REPRESENTATION_CONTEXT() REPRESENTATION_CONTEXT('2D SPACE',''
  ) );
#6900 = PCURVE('',#6802,#6901);
#6901 = DEFINITIONAL_REPRESENTATION('',(#6902),#6906);
#6902 = LINE('',#6903,#6904);
#6903 = CARTESIAN_POINT('',(9.748703170029,-13.25));
#6904 = VECTOR('',#6905,1.);
#6905 = DIRECTION('',(0.,1.));
#6906 = ( GEOMETRIC_REPRESENTATION_CONTEXT(2) 
PARAMETRIC_REPRESENTATION_CONTEXT() REPRESENTATION_CONTEXT('2D SPACE',''
  ) );
#6907 = ORIENTED_EDGE('',*,*,#6908,.F.);
#6908 = EDGE_CURVE('',#1420,#6886,#6909,.T.);
#6909 = SURFACE_CURVE('',#6910,(#6914,#6920),.PCURVE_S1.);
#6910 = LINE('',#6911,#6912);
#6911 = CARTESIAN_POINT('',(-20.75,-52.75,40.51));
#6912 = VECTOR('',#6913,1.);
#6913 = DIRECTION('',(-0.127555550137,-0.127555550137,-0.983595019944));
#6914 = PCURVE('',#1458,#6915);
#6915 = DEFINITIONAL_REPRESENTATION('',(#6916),#6919);
#6916 = B_SPLINE_CURVE_WITH_KNOTS('',1,(#6917,#6918),.UNSPECIFIED.,.F.,
  .F.,(2,2),(-0.,35.288913929208),.PIECEWISE_BEZIER_KNOTS.);
#6917 = CARTESIAN_POINT('',(0.,26.5));
#6918 = CARTESIAN_POINT('',(35.000653896056,21.998703170029));
#6919 = ( GEOMETRIC_REPRESENTATION_CONTEXT(2) 
PARAMETRIC_REPRESENTATION_CONTEXT() REPRESENTATION_CONTEXT('2D SPACE',''
  ) );
#6920 = PCURVE('',#1434,#6921);
#6921 = DEFINITIONAL_REPRESENTATION('',(#6922),#6925);
#6922 = B_SPLINE_CURVE_WITH_KNOTS('',1,(#6923,#6924),.UNSPECIFIED.,.F.,
  .F.,(2,2),(-0.,35.288913929208),.PIECEWISE_BEZIER_KNOTS.);
#6923 = CARTESIAN_POINT('',(0.,0.));
#6924 = CARTESIAN_POINT('',(35.000653896056,4.501296829971));
#6925 = ( GEOMETRIC_REPRESENTATION_CONTEXT(2) 
PARAMETRIC_REPRESENTATION_CONTEXT() REPRESENTATION_CONTEXT('2D SPACE',''
  ) );
#6926 = ADVANCED_FACE('',(#6927),#1434,.F.);
#6927 = FACE_BOUND('',#6928,.F.);
#6928 = EDGE_LOOP('',(#6929,#6930,#6931,#6932));
#6929 = ORIENTED_EDGE('',*,*,#6837,.F.);
#6930 = ORIENTED_EDGE('',*,*,#1419,.F.);
#6931 = ORIENTED_EDGE('',*,*,#6908,.T.);
#6932 = ORIENTED_EDGE('',*,*,#6933,.T.);
#6933 = EDGE_CURVE('',#6886,#6838,#6934,.T.);
#6934 = SURFACE_CURVE('',#6935,(#6939,#6946),.PCURVE_S1.);
#6935 = LINE('',#6936,#6937);
#6936 = CARTESIAN_POINT('',(-20.75,-57.25129682997,5.8));
#6937 = VECTOR('',#6938,1.);
#6938 = DIRECTION('',(-1.,0.,0.));
#6939 = PCURVE('',#1434,#6940);
#6940 = DEFINITIONAL_REPRESENTATION('',(#6941),#6945);
#6941 = LINE('',#6942,#6943);
#6942 = CARTESIAN_POINT('',(35.000653896056,0.));
#6943 = VECTOR('',#6944,1.);
#6944 = DIRECTION('',(-0.,1.));
#6945 = ( GEOMETRIC_REPRESENTATION_CONTEXT(2) 
PARAMETRIC_REPRESENTATION_CONTEXT() REPRESENTATION_CONTEXT('2D SPACE',''
  ) );
#6946 = PCURVE('',#6802,#6947);
#6947 = DEFINITIONAL_REPRESENTATION('',(#6948),#6952);
#6948 = LINE('',#6949,#6950);
#6949 = CARTESIAN_POINT('',(14.25,8.748703170029));
#6950 = VECTOR('',#6951,1.);
#6951 = DIRECTION('',(-1.,0.));
#6952 = ( GEOMETRIC_REPRESENTATION_CONTEXT(2) 
PARAMETRIC_REPRESENTATION_CONTEXT() REPRESENTATION_CONTEXT('2D SPACE',''
  ) );
#6953 = ADVANCED_FACE('',(#6954),#1488,.F.);
#6954 = FACE_BOUND('',#6955,.F.);
#6955 = EDGE_LOOP('',(#6956,#6957,#6978,#7006));
#6956 = ORIENTED_EDGE('',*,*,#1471,.F.);
#6957 = ORIENTED_EDGE('',*,*,#6958,.T.);
#6958 = EDGE_CURVE('',#1472,#6959,#6961,.T.);
#6959 = VERTEX_POINT('',#6960);
#6960 = CARTESIAN_POINT('',(-79.74870317002,-41.74870317002,5.8));
#6961 = SURFACE_CURVE('',#6962,(#6966,#6972),.PCURVE_S1.);
#6962 = LINE('',#6963,#6964);
#6963 = CARTESIAN_POINT('',(-84.25,-46.25,40.51));
#6964 = VECTOR('',#6965,1.);
#6965 = DIRECTION('',(0.127555550137,0.127555550137,-0.983595019944));
#6966 = PCURVE('',#1488,#6967);
#6967 = DEFINITIONAL_REPRESENTATION('',(#6968),#6971);
#6968 = B_SPLINE_CURVE_WITH_KNOTS('',1,(#6969,#6970),.UNSPECIFIED.,.F.,
  .F.,(2,2),(0.,35.288913929208),.PIECEWISE_BEZIER_KNOTS.);
#6969 = CARTESIAN_POINT('',(0.,0.));
#6970 = CARTESIAN_POINT('',(35.000653896056,4.501296829971));
#6971 = ( GEOMETRIC_REPRESENTATION_CONTEXT(2) 
PARAMETRIC_REPRESENTATION_CONTEXT() REPRESENTATION_CONTEXT('2D SPACE',''
  ) );
#6972 = PCURVE('',#1514,#6973);
#6973 = DEFINITIONAL_REPRESENTATION('',(#6974),#6977);
#6974 = B_SPLINE_CURVE_WITH_KNOTS('',1,(#6975,#6976),.UNSPECIFIED.,.F.,
  .F.,(2,2),(0.,35.288913929208),.PIECEWISE_BEZIER_KNOTS.);
#6975 = CARTESIAN_POINT('',(0.,26.5));
#6976 = CARTESIAN_POINT('',(35.000653896056,21.998703170029));
#6977 = ( GEOMETRIC_REPRESENTATION_CONTEXT(2) 
PARAMETRIC_REPRESENTATION_CONTEXT() REPRESENTATION_CONTEXT('2D SPACE',''
  ) );
#6978 = ORIENTED_EDGE('',*,*,#6979,.T.);
#6979 = EDGE_CURVE('',#6959,#6980,#6982,.T.);
#6980 = VERTEX_POINT('',#6981);
#6981 = CARTESIAN_POINT('',(-60.25129682997,-41.74870317002,5.8));
#6982 = SURFACE_CURVE('',#6983,(#6987,#6994),.PCURVE_S1.);
#6983 = LINE('',#6984,#6985);
#6984 = CARTESIAN_POINT('',(-84.25,-41.74870317002,5.8));
#6985 = VECTOR('',#6986,1.);
#6986 = DIRECTION('',(1.,0.,0.));
#6987 = PCURVE('',#1488,#6988);
#6988 = DEFINITIONAL_REPRESENTATION('',(#6989),#6993);
#6989 = LINE('',#6990,#6991);
#6990 = CARTESIAN_POINT('',(35.000653896056,0.));
#6991 = VECTOR('',#6992,1.);
#6992 = DIRECTION('',(0.,1.));
#6993 = ( GEOMETRIC_REPRESENTATION_CONTEXT(2) 
PARAMETRIC_REPRESENTATION_CONTEXT() REPRESENTATION_CONTEXT('2D SPACE',''
  ) );
#6994 = PCURVE('',#6995,#7000);
#6995 = PLANE('',#6996);
#6996 = AXIS2_PLACEMENT_3D('',#6997,#6998,#6999);
#6997 = CARTESIAN_POINT('',(-70.,-33.,5.8));
#6998 = DIRECTION('',(0.,0.,1.));
#6999 = DIRECTION('',(1.,0.,0.));
#7000 = DEFINITIONAL_REPRESENTATION('',(#7001),#7005);
#7001 = LINE('',#7002,#7003);
#7002 = CARTESIAN_POINT('',(-14.25,-8.748703170029));
#7003 = VECTOR('',#7004,1.);
#7004 = DIRECTION('',(1.,0.));
#7005 = ( GEOMETRIC_REPRESENTATION_CONTEXT(2) 
PARAMETRIC_REPRESENTATION_CONTEXT() REPRESENTATION_CONTEXT('2D SPACE',''
  ) );
#7006 = ORIENTED_EDGE('',*,*,#7007,.F.);
#7007 = EDGE_CURVE('',#1474,#6980,#7008,.T.);
#7008 = SURFACE_CURVE('',#7009,(#7013,#7019),.PCURVE_S1.);
#7009 = LINE('',#7010,#7011);
#7010 = CARTESIAN_POINT('',(-55.75,-46.25,40.51));
#7011 = VECTOR('',#7012,1.);
#7012 = DIRECTION('',(-0.127555550137,0.127555550137,-0.983595019944));
#7013 = PCURVE('',#1488,#7014);
#7014 = DEFINITIONAL_REPRESENTATION('',(#7015),#7018);
#7015 = B_SPLINE_CURVE_WITH_KNOTS('',1,(#7016,#7017),.UNSPECIFIED.,.F.,
  .F.,(2,2),(0.,35.288913929208),.PIECEWISE_BEZIER_KNOTS.);
#7016 = CARTESIAN_POINT('',(0.,28.5));
#7017 = CARTESIAN_POINT('',(35.000653896056,23.998703170029));
#7018 = ( GEOMETRIC_REPRESENTATION_CONTEXT(2) 
PARAMETRIC_REPRESENTATION_CONTEXT() REPRESENTATION_CONTEXT('2D SPACE',''
  ) );
#7019 = PCURVE('',#1564,#7020);
#7020 = DEFINITIONAL_REPRESENTATION('',(#7021),#7024);
#7021 = B_SPLINE_CURVE_WITH_KNOTS('',1,(#7022,#7023),.UNSPECIFIED.,.F.,
  .F.,(2,2),(0.,35.288913929208),.PIECEWISE_BEZIER_KNOTS.);
#7022 = CARTESIAN_POINT('',(0.,0.));
#7023 = CARTESIAN_POINT('',(35.000653896056,4.501296829971));
#7024 = ( GEOMETRIC_REPRESENTATION_CONTEXT(2) 
PARAMETRIC_REPRESENTATION_CONTEXT() REPRESENTATION_CONTEXT('2D SPACE',''
  ) );
#7025 = ADVANCED_FACE('',(#7026),#1514,.F.);
#7026 = FACE_BOUND('',#7027,.F.);
#7027 = EDGE_LOOP('',(#7028,#7029,#7050,#7071));
#7028 = ORIENTED_EDGE('',*,*,#1499,.F.);
#7029 = ORIENTED_EDGE('',*,*,#7030,.T.);
#7030 = EDGE_CURVE('',#1500,#7031,#7033,.T.);
#7031 = VERTEX_POINT('',#7032);
#7032 = CARTESIAN_POINT('',(-79.74870317002,-24.25129682997,5.8));
#7033 = SURFACE_CURVE('',#7034,(#7038,#7044),.PCURVE_S1.);
#7034 = LINE('',#7035,#7036);
#7035 = CARTESIAN_POINT('',(-84.25,-19.75,40.51));
#7036 = VECTOR('',#7037,1.);
#7037 = DIRECTION('',(0.127555550137,-0.127555550137,-0.983595019944));
#7038 = PCURVE('',#1514,#7039);
#7039 = DEFINITIONAL_REPRESENTATION('',(#7040),#7043);
#7040 = B_SPLINE_CURVE_WITH_KNOTS('',1,(#7041,#7042),.UNSPECIFIED.,.F.,
  .F.,(2,2),(0.,35.288913929208),.PIECEWISE_BEZIER_KNOTS.);
#7041 = CARTESIAN_POINT('',(0.,0.));
#7042 = CARTESIAN_POINT('',(35.000653896056,4.501296829971));
#7043 = ( GEOMETRIC_REPRESENTATION_CONTEXT(2) 
PARAMETRIC_REPRESENTATION_CONTEXT() REPRESENTATION_CONTEXT('2D SPACE',''
  ) );
#7044 = PCURVE('',#1540,#7045);
#7045 = DEFINITIONAL_REPRESENTATION('',(#7046),#7049);
#7046 = B_SPLINE_CURVE_WITH_KNOTS('',1,(#7047,#7048),.UNSPECIFIED.,.F.,
  .F.,(2,2),(0.,35.288913929208),.PIECEWISE_BEZIER_KNOTS.);
#7047 = CARTESIAN_POINT('',(0.,28.5));
#7048 = CARTESIAN_POINT('',(35.000653896056,23.998703170029));
#7049 = ( GEOMETRIC_REPRESENTATION_CONTEXT(2) 
PARAMETRIC_REPRESENTATION_CONTEXT() REPRESENTATION_CONTEXT('2D SPACE',''
  ) );
#7050 = ORIENTED_EDGE('',*,*,#7051,.T.);
#7051 = EDGE_CURVE('',#7031,#6959,#7052,.T.);
#7052 = SURFACE_CURVE('',#7053,(#7057,#7064),.PCURVE_S1.);
#7053 = LINE('',#7054,#7055);
#7054 = CARTESIAN_POINT('',(-79.74870317002,-19.75,5.8));
#7055 = VECTOR('',#7056,1.);
#7056 = DIRECTION('',(0.,-1.,0.));
#7057 = PCURVE('',#1514,#7058);
#7058 = DEFINITIONAL_REPRESENTATION('',(#7059),#7063);
#7059 = LINE('',#7060,#7061);
#7060 = CARTESIAN_POINT('',(35.000653896056,0.));
#7061 = VECTOR('',#7062,1.);
#7062 = DIRECTION('',(0.,1.));
#7063 = ( GEOMETRIC_REPRESENTATION_CONTEXT(2) 
PARAMETRIC_REPRESENTATION_CONTEXT() REPRESENTATION_CONTEXT('2D SPACE',''
  ) );
#7064 = PCURVE('',#6995,#7065);
#7065 = DEFINITIONAL_REPRESENTATION('',(#7066),#7070);
#7066 = LINE('',#7067,#7068);
#7067 = CARTESIAN_POINT('',(-9.748703170029,13.25));
#7068 = VECTOR('',#7069,1.);
#7069 = DIRECTION('',(0.,-1.));
#7070 = ( GEOMETRIC_REPRESENTATION_CONTEXT(2) 
PARAMETRIC_REPRESENTATION_CONTEXT() REPRESENTATION_CONTEXT('2D SPACE',''
  ) );
#7071 = ORIENTED_EDGE('',*,*,#6958,.F.);
#7072 = ADVANCED_FACE('',(#7073),#1564,.F.);
#7073 = FACE_BOUND('',#7074,.F.);
#7074 = EDGE_LOOP('',(#7075,#7076,#7077,#7100));
#7075 = ORIENTED_EDGE('',*,*,#1551,.F.);
#7076 = ORIENTED_EDGE('',*,*,#7007,.T.);
#7077 = ORIENTED_EDGE('',*,*,#7078,.T.);
#7078 = EDGE_CURVE('',#6980,#7079,#7081,.T.);
#7079 = VERTEX_POINT('',#7080);
#7080 = CARTESIAN_POINT('',(-60.25129682997,-24.25129682997,5.8));
#7081 = SURFACE_CURVE('',#7082,(#7086,#7093),.PCURVE_S1.);
#7082 = LINE('',#7083,#7084);
#7083 = CARTESIAN_POINT('',(-60.25129682997,-46.25,5.8));
#7084 = VECTOR('',#7085,1.);
#7085 = DIRECTION('',(0.,1.,0.));
#7086 = PCURVE('',#1564,#7087);
#7087 = DEFINITIONAL_REPRESENTATION('',(#7088),#7092);
#7088 = LINE('',#7089,#7090);
#7089 = CARTESIAN_POINT('',(35.000653896056,0.));
#7090 = VECTOR('',#7091,1.);
#7091 = DIRECTION('',(0.,1.));
#7092 = ( GEOMETRIC_REPRESENTATION_CONTEXT(2) 
PARAMETRIC_REPRESENTATION_CONTEXT() REPRESENTATION_CONTEXT('2D SPACE',''
  ) );
#7093 = PCURVE('',#6995,#7094);
#7094 = DEFINITIONAL_REPRESENTATION('',(#7095),#7099);
#7095 = LINE('',#7096,#7097);
#7096 = CARTESIAN_POINT('',(9.748703170029,-13.25));
#7097 = VECTOR('',#7098,1.);
#7098 = DIRECTION('',(0.,1.));
#7099 = ( GEOMETRIC_REPRESENTATION_CONTEXT(2) 
PARAMETRIC_REPRESENTATION_CONTEXT() REPRESENTATION_CONTEXT('2D SPACE',''
  ) );
#7100 = ORIENTED_EDGE('',*,*,#7101,.F.);
#7101 = EDGE_CURVE('',#1526,#7079,#7102,.T.);
#7102 = SURFACE_CURVE('',#7103,(#7107,#7113),.PCURVE_S1.);
#7103 = LINE('',#7104,#7105);
#7104 = CARTESIAN_POINT('',(-55.75,-19.75,40.51));
#7105 = VECTOR('',#7106,1.);
#7106 = DIRECTION('',(-0.127555550137,-0.127555550137,-0.983595019944));
#7107 = PCURVE('',#1564,#7108);
#7108 = DEFINITIONAL_REPRESENTATION('',(#7109),#7112);
#7109 = B_SPLINE_CURVE_WITH_KNOTS('',1,(#7110,#7111),.UNSPECIFIED.,.F.,
  .F.,(2,2),(-0.,35.288913929208),.PIECEWISE_BEZIER_KNOTS.);
#7110 = CARTESIAN_POINT('',(0.,26.5));
#7111 = CARTESIAN_POINT('',(35.000653896056,21.998703170029));
#7112 = ( GEOMETRIC_REPRESENTATION_CONTEXT(2) 
PARAMETRIC_REPRESENTATION_CONTEXT() REPRESENTATION_CONTEXT('2D SPACE',''
  ) );
#7113 = PCURVE('',#1540,#7114);
#7114 = DEFINITIONAL_REPRESENTATION('',(#7115),#7118);
#7115 = B_SPLINE_CURVE_WITH_KNOTS('',1,(#7116,#7117),.UNSPECIFIED.,.F.,
  .F.,(2,2),(-0.,35.288913929208),.PIECEWISE_BEZIER_KNOTS.);
#7116 = CARTESIAN_POINT('',(0.,0.));
#7117 = CARTESIAN_POINT('',(35.000653896056,4.501296829971));
#7118 = ( GEOMETRIC_REPRESENTATION_CONTEXT(2) 
PARAMETRIC_REPRESENTATION_CONTEXT() REPRESENTATION_CONTEXT('2D SPACE',''
  ) );
#7119 = ADVANCED_FACE('',(#7120),#1540,.F.);
#7120 = FACE_BOUND('',#7121,.F.);
#7121 = EDGE_LOOP('',(#7122,#7123,#7124,#7125));
#7122 = ORIENTED_EDGE('',*,*,#7030,.F.);
#7123 = ORIENTED_EDGE('',*,*,#1525,.F.);
#7124 = ORIENTED_EDGE('',*,*,#7101,.T.);
#7125 = ORIENTED_EDGE('',*,*,#7126,.T.);
#7126 = EDGE_CURVE('',#7079,#7031,#7127,.T.);
#7127 = SURFACE_CURVE('',#7128,(#7132,#7139),.PCURVE_S1.);
#7128 = LINE('',#7129,#7130);
#7129 = CARTESIAN_POINT('',(-55.75,-24.25129682997,5.8));
#7130 = VECTOR('',#7131,1.);
#7131 = DIRECTION('',(-1.,0.,0.));
#7132 = PCURVE('',#1540,#7133);
#7133 = DEFINITIONAL_REPRESENTATION('',(#7134),#7138);
#7134 = LINE('',#7135,#7136);
#7135 = CARTESIAN_POINT('',(35.000653896056,0.));
#7136 = VECTOR('',#7137,1.);
#7137 = DIRECTION('',(-0.,1.));
#7138 = ( GEOMETRIC_REPRESENTATION_CONTEXT(2) 
PARAMETRIC_REPRESENTATION_CONTEXT() REPRESENTATION_CONTEXT('2D SPACE',''
  ) );
#7139 = PCURVE('',#6995,#7140);
#7140 = DEFINITIONAL_REPRESENTATION('',(#7141),#7145);
#7141 = LINE('',#7142,#7143);
#7142 = CARTESIAN_POINT('',(14.25,8.748703170029));
#7143 = VECTOR('',#7144,1.);
#7144 = DIRECTION('',(-1.,0.));
#7145 = ( GEOMETRIC_REPRESENTATION_CONTEXT(2) 
PARAMETRIC_REPRESENTATION_CONTEXT() REPRESENTATION_CONTEXT('2D SPACE',''
  ) );
#7146 = ADVANCED_FACE('',(#7147),#1594,.F.);
#7147 = FACE_BOUND('',#7148,.F.);
#7148 = EDGE_LOOP('',(#7149,#7150,#7171,#7199));
#7149 = ORIENTED_EDGE('',*,*,#1577,.F.);
#7150 = ORIENTED_EDGE('',*,*,#7151,.T.);
#7151 = EDGE_CURVE('',#1578,#7152,#7154,.T.);
#7152 = VERTEX_POINT('',#7153);
#7153 = CARTESIAN_POINT('',(-44.74870317002,-41.74870317002,5.8));
#7154 = SURFACE_CURVE('',#7155,(#7159,#7165),.PCURVE_S1.);
#7155 = LINE('',#7156,#7157);
#7156 = CARTESIAN_POINT('',(-49.25,-46.25,40.51));
#7157 = VECTOR('',#7158,1.);
#7158 = DIRECTION('',(0.127555550137,0.127555550137,-0.983595019944));
#7159 = PCURVE('',#1594,#7160);
#7160 = DEFINITIONAL_REPRESENTATION('',(#7161),#7164);
#7161 = B_SPLINE_CURVE_WITH_KNOTS('',1,(#7162,#7163),.UNSPECIFIED.,.F.,
  .F.,(2,2),(0.,35.288913929208),.PIECEWISE_BEZIER_KNOTS.);
#7162 = CARTESIAN_POINT('',(0.,0.));
#7163 = CARTESIAN_POINT('',(35.000653896056,4.501296829971));
#7164 = ( GEOMETRIC_REPRESENTATION_CONTEXT(2) 
PARAMETRIC_REPRESENTATION_CONTEXT() REPRESENTATION_CONTEXT('2D SPACE',''
  ) );
#7165 = PCURVE('',#1620,#7166);
#7166 = DEFINITIONAL_REPRESENTATION('',(#7167),#7170);
#7167 = B_SPLINE_CURVE_WITH_KNOTS('',1,(#7168,#7169),.UNSPECIFIED.,.F.,
  .F.,(2,2),(0.,35.288913929208),.PIECEWISE_BEZIER_KNOTS.);
#7168 = CARTESIAN_POINT('',(0.,26.5));
#7169 = CARTESIAN_POINT('',(35.000653896056,21.998703170029));
#7170 = ( GEOMETRIC_REPRESENTATION_CONTEXT(2) 
PARAMETRIC_REPRESENTATION_CONTEXT() REPRESENTATION_CONTEXT('2D SPACE',''
  ) );
#7171 = ORIENTED_EDGE('',*,*,#7172,.T.);
#7172 = EDGE_CURVE('',#7152,#7173,#7175,.T.);
#7173 = VERTEX_POINT('',#7174);
#7174 = CARTESIAN_POINT('',(-25.25129682997,-41.74870317002,5.8));
#7175 = SURFACE_CURVE('',#7176,(#7180,#7187),.PCURVE_S1.);
#7176 = LINE('',#7177,#7178);
#7177 = CARTESIAN_POINT('',(-49.25,-41.74870317002,5.8));
#7178 = VECTOR('',#7179,1.);
#7179 = DIRECTION('',(1.,0.,0.));
#7180 = PCURVE('',#1594,#7181);
#7181 = DEFINITIONAL_REPRESENTATION('',(#7182),#7186);
#7182 = LINE('',#7183,#7184);
#7183 = CARTESIAN_POINT('',(35.000653896056,0.));
#7184 = VECTOR('',#7185,1.);
#7185 = DIRECTION('',(0.,1.));
#7186 = ( GEOMETRIC_REPRESENTATION_CONTEXT(2) 
PARAMETRIC_REPRESENTATION_CONTEXT() REPRESENTATION_CONTEXT('2D SPACE',''
  ) );
#7187 = PCURVE('',#7188,#7193);
#7188 = PLANE('',#7189);
#7189 = AXIS2_PLACEMENT_3D('',#7190,#7191,#7192);
#7190 = CARTESIAN_POINT('',(-35.,-33.,5.8));
#7191 = DIRECTION('',(0.,0.,1.));
#7192 = DIRECTION('',(1.,0.,0.));
#7193 = DEFINITIONAL_REPRESENTATION('',(#7194),#7198);
#7194 = LINE('',#7195,#7196);
#7195 = CARTESIAN_POINT('',(-14.25,-8.748703170029));
#7196 = VECTOR('',#7197,1.);
#7197 = DIRECTION('',(1.,0.));
#7198 = ( GEOMETRIC_REPRESENTATION_CONTEXT(2) 
PARAMETRIC_REPRESENTATION_CONTEXT() REPRESENTATION_CONTEXT('2D SPACE',''
  ) );
#7199 = ORIENTED_EDGE('',*,*,#7200,.F.);
#7200 = EDGE_CURVE('',#1580,#7173,#7201,.T.);
#7201 = SURFACE_CURVE('',#7202,(#7206,#7212),.PCURVE_S1.);
#7202 = LINE('',#7203,#7204);
#7203 = CARTESIAN_POINT('',(-20.75,-46.25,40.51));
#7204 = VECTOR('',#7205,1.);
#7205 = DIRECTION('',(-0.127555550137,0.127555550137,-0.983595019944));
#7206 = PCURVE('',#1594,#7207);
#7207 = DEFINITIONAL_REPRESENTATION('',(#7208),#7211);
#7208 = B_SPLINE_CURVE_WITH_KNOTS('',1,(#7209,#7210),.UNSPECIFIED.,.F.,
  .F.,(2,2),(0.,35.288913929208),.PIECEWISE_BEZIER_KNOTS.);
#7209 = CARTESIAN_POINT('',(0.,28.5));
#7210 = CARTESIAN_POINT('',(35.000653896056,23.998703170029));
#7211 = ( GEOMETRIC_REPRESENTATION_CONTEXT(2) 
PARAMETRIC_REPRESENTATION_CONTEXT() REPRESENTATION_CONTEXT('2D SPACE',''
  ) );
#7212 = PCURVE('',#1670,#7213);
#7213 = DEFINITIONAL_REPRESENTATION('',(#7214),#7217);
#7214 = B_SPLINE_CURVE_WITH_KNOTS('',1,(#7215,#7216),.UNSPECIFIED.,.F.,
  .F.,(2,2),(0.,35.288913929208),.PIECEWISE_BEZIER_KNOTS.);
#7215 = CARTESIAN_POINT('',(0.,0.));
#7216 = CARTESIAN_POINT('',(35.000653896056,4.501296829971));
#7217 = ( GEOMETRIC_REPRESENTATION_CONTEXT(2) 
PARAMETRIC_REPRESENTATION_CONTEXT() REPRESENTATION_CONTEXT('2D SPACE',''
  ) );
#7218 = ADVANCED_FACE('',(#7219),#1620,.F.);
#7219 = FACE_BOUND('',#7220,.F.);
#7220 = EDGE_LOOP('',(#7221,#7222,#7243,#7264));
#7221 = ORIENTED_EDGE('',*,*,#1605,.F.);
#7222 = ORIENTED_EDGE('',*,*,#7223,.T.);
#7223 = EDGE_CURVE('',#1606,#7224,#7226,.T.);
#7224 = VERTEX_POINT('',#7225);
#7225 = CARTESIAN_POINT('',(-44.74870317002,-24.25129682997,5.8));
#7226 = SURFACE_CURVE('',#7227,(#7231,#7237),.PCURVE_S1.);
#7227 = LINE('',#7228,#7229);
#7228 = CARTESIAN_POINT('',(-49.25,-19.75,40.51));
#7229 = VECTOR('',#7230,1.);
#7230 = DIRECTION('',(0.127555550137,-0.127555550137,-0.983595019944));
#7231 = PCURVE('',#1620,#7232);
#7232 = DEFINITIONAL_REPRESENTATION('',(#7233),#7236);
#7233 = B_SPLINE_CURVE_WITH_KNOTS('',1,(#7234,#7235),.UNSPECIFIED.,.F.,
  .F.,(2,2),(0.,35.288913929208),.PIECEWISE_BEZIER_KNOTS.);
#7234 = CARTESIAN_POINT('',(0.,0.));
#7235 = CARTESIAN_POINT('',(35.000653896056,4.501296829971));
#7236 = ( GEOMETRIC_REPRESENTATION_CONTEXT(2) 
PARAMETRIC_REPRESENTATION_CONTEXT() REPRESENTATION_CONTEXT('2D SPACE',''
  ) );
#7237 = PCURVE('',#1646,#7238);
#7238 = DEFINITIONAL_REPRESENTATION('',(#7239),#7242);
#7239 = B_SPLINE_CURVE_WITH_KNOTS('',1,(#7240,#7241),.UNSPECIFIED.,.F.,
  .F.,(2,2),(0.,35.288913929208),.PIECEWISE_BEZIER_KNOTS.);
#7240 = CARTESIAN_POINT('',(0.,28.5));
#7241 = CARTESIAN_POINT('',(35.000653896056,23.998703170029));
#7242 = ( GEOMETRIC_REPRESENTATION_CONTEXT(2) 
PARAMETRIC_REPRESENTATION_CONTEXT() REPRESENTATION_CONTEXT('2D SPACE',''
  ) );
#7243 = ORIENTED_EDGE('',*,*,#7244,.T.);
#7244 = EDGE_CURVE('',#7224,#7152,#7245,.T.);
#7245 = SURFACE_CURVE('',#7246,(#7250,#7257),.PCURVE_S1.);
#7246 = LINE('',#7247,#7248);
#7247 = CARTESIAN_POINT('',(-44.74870317002,-19.75,5.8));
#7248 = VECTOR('',#7249,1.);
#7249 = DIRECTION('',(0.,-1.,0.));
#7250 = PCURVE('',#1620,#7251);
#7251 = DEFINITIONAL_REPRESENTATION('',(#7252),#7256);
#7252 = LINE('',#7253,#7254);
#7253 = CARTESIAN_POINT('',(35.000653896056,0.));
#7254 = VECTOR('',#7255,1.);
#7255 = DIRECTION('',(0.,1.));
#7256 = ( GEOMETRIC_REPRESENTATION_CONTEXT(2) 
PARAMETRIC_REPRESENTATION_CONTEXT() REPRESENTATION_CONTEXT('2D SPACE',''
  ) );
#7257 = PCURVE('',#7188,#7258);
#7258 = DEFINITIONAL_REPRESENTATION('',(#7259),#7263);
#7259 = LINE('',#7260,#7261);
#7260 = CARTESIAN_POINT('',(-9.748703170029,13.25));
#7261 = VECTOR('',#7262,1.);
#7262 = DIRECTION('',(0.,-1.));
#7263 = ( GEOMETRIC_REPRESENTATION_CONTEXT(2) 
PARAMETRIC_REPRESENTATION_CONTEXT() REPRESENTATION_CONTEXT('2D SPACE',''
  ) );
#7264 = ORIENTED_EDGE('',*,*,#7151,.F.);
#7265 = ADVANCED_FACE('',(#7266),#1670,.F.);
#7266 = FACE_BOUND('',#7267,.F.);
#7267 = EDGE_LOOP('',(#7268,#7269,#7270,#7293));
#7268 = ORIENTED_EDGE('',*,*,#1657,.F.);
#7269 = ORIENTED_EDGE('',*,*,#7200,.T.);
#7270 = ORIENTED_EDGE('',*,*,#7271,.T.);
#7271 = EDGE_CURVE('',#7173,#7272,#7274,.T.);
#7272 = VERTEX_POINT('',#7273);
#7273 = CARTESIAN_POINT('',(-25.25129682997,-24.25129682997,5.8));
#7274 = SURFACE_CURVE('',#7275,(#7279,#7286),.PCURVE_S1.);
#7275 = LINE('',#7276,#7277);
#7276 = CARTESIAN_POINT('',(-25.25129682997,-46.25,5.8));
#7277 = VECTOR('',#7278,1.);
#7278 = DIRECTION('',(0.,1.,0.));
#7279 = PCURVE('',#1670,#7280);
#7280 = DEFINITIONAL_REPRESENTATION('',(#7281),#7285);
#7281 = LINE('',#7282,#7283);
#7282 = CARTESIAN_POINT('',(35.000653896056,0.));
#7283 = VECTOR('',#7284,1.);
#7284 = DIRECTION('',(0.,1.));
#7285 = ( GEOMETRIC_REPRESENTATION_CONTEXT(2) 
PARAMETRIC_REPRESENTATION_CONTEXT() REPRESENTATION_CONTEXT('2D SPACE',''
  ) );
#7286 = PCURVE('',#7188,#7287);
#7287 = DEFINITIONAL_REPRESENTATION('',(#7288),#7292);
#7288 = LINE('',#7289,#7290);
#7289 = CARTESIAN_POINT('',(9.748703170029,-13.25));
#7290 = VECTOR('',#7291,1.);
#7291 = DIRECTION('',(0.,1.));
#7292 = ( GEOMETRIC_REPRESENTATION_CONTEXT(2) 
PARAMETRIC_REPRESENTATION_CONTEXT() REPRESENTATION_CONTEXT('2D SPACE',''
  ) );
#7293 = ORIENTED_EDGE('',*,*,#7294,.F.);
#7294 = EDGE_CURVE('',#1632,#7272,#7295,.T.);
#7295 = SURFACE_CURVE('',#7296,(#7300,#7306),.PCURVE_S1.);
#7296 = LINE('',#7297,#7298);
#7297 = CARTESIAN_POINT('',(-20.75,-19.75,40.51));
#7298 = VECTOR('',#7299,1.);
#7299 = DIRECTION('',(-0.127555550137,-0.127555550137,-0.983595019944));
#7300 = PCURVE('',#1670,#7301);
#7301 = DEFINITIONAL_REPRESENTATION('',(#7302),#7305);
#7302 = B_SPLINE_CURVE_WITH_KNOTS('',1,(#7303,#7304),.UNSPECIFIED.,.F.,
  .F.,(2,2),(-0.,35.288913929208),.PIECEWISE_BEZIER_KNOTS.);
#7303 = CARTESIAN_POINT('',(0.,26.5));
#7304 = CARTESIAN_POINT('',(35.000653896056,21.998703170029));
#7305 = ( GEOMETRIC_REPRESENTATION_CONTEXT(2) 
PARAMETRIC_REPRESENTATION_CONTEXT() REPRESENTATION_CONTEXT('2D SPACE',''
  ) );
#7306 = PCURVE('',#1646,#7307);
#7307 = DEFINITIONAL_REPRESENTATION('',(#7308),#7311);
#7308 = B_SPLINE_CURVE_WITH_KNOTS('',1,(#7309,#7310),.UNSPECIFIED.,.F.,
  .F.,(2,2),(-0.,35.288913929208),.PIECEWISE_BEZIER_KNOTS.);
#7309 = CARTESIAN_POINT('',(0.,0.));
#7310 = CARTESIAN_POINT('',(35.000653896056,4.501296829971));
#7311 = ( GEOMETRIC_REPRESENTATION_CONTEXT(2) 
PARAMETRIC_REPRESENTATION_CONTEXT() REPRESENTATION_CONTEXT('2D SPACE',''
  ) );
#7312 = ADVANCED_FACE('',(#7313),#1646,.F.);
#7313 = FACE_BOUND('',#7314,.F.);
#7314 = EDGE_LOOP('',(#7315,#7316,#7317,#7318));
#7315 = ORIENTED_EDGE('',*,*,#7223,.F.);
#7316 = ORIENTED_EDGE('',*,*,#1631,.F.);
#7317 = ORIENTED_EDGE('',*,*,#7294,.T.);
#7318 = ORIENTED_EDGE('',*,*,#7319,.T.);
#7319 = EDGE_CURVE('',#7272,#7224,#7320,.T.);
#7320 = SURFACE_CURVE('',#7321,(#7325,#7332),.PCURVE_S1.);
#7321 = LINE('',#7322,#7323);
#7322 = CARTESIAN_POINT('',(-20.75,-24.25129682997,5.8));
#7323 = VECTOR('',#7324,1.);
#7324 = DIRECTION('',(-1.,0.,0.));
#7325 = PCURVE('',#1646,#7326);
#7326 = DEFINITIONAL_REPRESENTATION('',(#7327),#7331);
#7327 = LINE('',#7328,#7329);
#7328 = CARTESIAN_POINT('',(35.000653896056,0.));
#7329 = VECTOR('',#7330,1.);
#7330 = DIRECTION('',(-0.,1.));
#7331 = ( GEOMETRIC_REPRESENTATION_CONTEXT(2) 
PARAMETRIC_REPRESENTATION_CONTEXT() REPRESENTATION_CONTEXT('2D SPACE',''
  ) );
#7332 = PCURVE('',#7188,#7333);
#7333 = DEFINITIONAL_REPRESENTATION('',(#7334),#7338);
#7334 = LINE('',#7335,#7336);
#7335 = CARTESIAN_POINT('',(14.25,8.748703170029));
#7336 = VECTOR('',#7337,1.);
#7337 = DIRECTION('',(-1.,0.));
#7338 = ( GEOMETRIC_REPRESENTATION_CONTEXT(2) 
PARAMETRIC_REPRESENTATION_CONTEXT() REPRESENTATION_CONTEXT('2D SPACE',''
  ) );
#7339 = ADVANCED_FACE('',(#7340),#1700,.F.);
#7340 = FACE_BOUND('',#7341,.F.);
#7341 = EDGE_LOOP('',(#7342,#7343,#7364,#7392));
#7342 = ORIENTED_EDGE('',*,*,#1683,.F.);
#7343 = ORIENTED_EDGE('',*,*,#7344,.T.);
#7344 = EDGE_CURVE('',#1684,#7345,#7347,.T.);
#7345 = VERTEX_POINT('',#7346);
#7346 = CARTESIAN_POINT('',(-9.748703170029,-74.74870317002,5.8));
#7347 = SURFACE_CURVE('',#7348,(#7352,#7358),.PCURVE_S1.);
#7348 = LINE('',#7349,#7350);
#7349 = CARTESIAN_POINT('',(-14.25,-79.25,40.51));
#7350 = VECTOR('',#7351,1.);
#7351 = DIRECTION('',(0.127555550137,0.127555550137,-0.983595019944));
#7352 = PCURVE('',#1700,#7353);
#7353 = DEFINITIONAL_REPRESENTATION('',(#7354),#7357);
#7354 = B_SPLINE_CURVE_WITH_KNOTS('',1,(#7355,#7356),.UNSPECIFIED.,.F.,
  .F.,(2,2),(0.,35.288913929208),.PIECEWISE_BEZIER_KNOTS.);
#7355 = CARTESIAN_POINT('',(0.,0.));
#7356 = CARTESIAN_POINT('',(35.000653896056,4.501296829971));
#7357 = ( GEOMETRIC_REPRESENTATION_CONTEXT(2) 
PARAMETRIC_REPRESENTATION_CONTEXT() REPRESENTATION_CONTEXT('2D SPACE',''
  ) );
#7358 = PCURVE('',#1726,#7359);
#7359 = DEFINITIONAL_REPRESENTATION('',(#7360),#7363);
#7360 = B_SPLINE_CURVE_WITH_KNOTS('',1,(#7361,#7362),.UNSPECIFIED.,.F.,
  .F.,(2,2),(0.,35.288913929208),.PIECEWISE_BEZIER_KNOTS.);
#7361 = CARTESIAN_POINT('',(0.,26.5));
#7362 = CARTESIAN_POINT('',(35.000653896056,21.998703170029));
#7363 = ( GEOMETRIC_REPRESENTATION_CONTEXT(2) 
PARAMETRIC_REPRESENTATION_CONTEXT() REPRESENTATION_CONTEXT('2D SPACE',''
  ) );
#7364 = ORIENTED_EDGE('',*,*,#7365,.T.);
#7365 = EDGE_CURVE('',#7345,#7366,#7368,.T.);
#7366 = VERTEX_POINT('',#7367);
#7367 = CARTESIAN_POINT('',(9.748703170029,-74.74870317002,5.8));
#7368 = SURFACE_CURVE('',#7369,(#7373,#7380),.PCURVE_S1.);
#7369 = LINE('',#7370,#7371);
#7370 = CARTESIAN_POINT('',(-14.25,-74.74870317002,5.8));
#7371 = VECTOR('',#7372,1.);
#7372 = DIRECTION('',(1.,0.,0.));
#7373 = PCURVE('',#1700,#7374);
#7374 = DEFINITIONAL_REPRESENTATION('',(#7375),#7379);
#7375 = LINE('',#7376,#7377);
#7376 = CARTESIAN_POINT('',(35.000653896056,0.));
#7377 = VECTOR('',#7378,1.);
#7378 = DIRECTION('',(0.,1.));
#7379 = ( GEOMETRIC_REPRESENTATION_CONTEXT(2) 
PARAMETRIC_REPRESENTATION_CONTEXT() REPRESENTATION_CONTEXT('2D SPACE',''
  ) );
#7380 = PCURVE('',#7381,#7386);
#7381 = PLANE('',#7382);
#7382 = AXIS2_PLACEMENT_3D('',#7383,#7384,#7385);
#7383 = CARTESIAN_POINT('',(0.,-66.,5.8));
#7384 = DIRECTION('',(0.,0.,1.));
#7385 = DIRECTION('',(1.,0.,0.));
#7386 = DEFINITIONAL_REPRESENTATION('',(#7387),#7391);
#7387 = LINE('',#7388,#7389);
#7388 = CARTESIAN_POINT('',(-14.25,-8.748703170029));
#7389 = VECTOR('',#7390,1.);
#7390 = DIRECTION('',(1.,0.));
#7391 = ( GEOMETRIC_REPRESENTATION_CONTEXT(2) 
PARAMETRIC_REPRESENTATION_CONTEXT() REPRESENTATION_CONTEXT('2D SPACE',''
  ) );
#7392 = ORIENTED_EDGE('',*,*,#7393,.F.);
#7393 = EDGE_CURVE('',#1686,#7366,#7394,.T.);
#7394 = SURFACE_CURVE('',#7395,(#7399,#7405),.PCURVE_S1.);
#7395 = LINE('',#7396,#7397);
#7396 = CARTESIAN_POINT('',(14.25,-79.25,40.51));
#7397 = VECTOR('',#7398,1.);
#7398 = DIRECTION('',(-0.127555550137,0.127555550137,-0.983595019944));
#7399 = PCURVE('',#1700,#7400);
#7400 = DEFINITIONAL_REPRESENTATION('',(#7401),#7404);
#7401 = B_SPLINE_CURVE_WITH_KNOTS('',1,(#7402,#7403),.UNSPECIFIED.,.F.,
  .F.,(2,2),(0.,35.288913929208),.PIECEWISE_BEZIER_KNOTS.);
#7402 = CARTESIAN_POINT('',(0.,28.5));
#7403 = CARTESIAN_POINT('',(35.000653896056,23.998703170029));
#7404 = ( GEOMETRIC_REPRESENTATION_CONTEXT(2) 
PARAMETRIC_REPRESENTATION_CONTEXT() REPRESENTATION_CONTEXT('2D SPACE',''
  ) );
#7405 = PCURVE('',#1776,#7406);
#7406 = DEFINITIONAL_REPRESENTATION('',(#7407),#7410);
#7407 = B_SPLINE_CURVE_WITH_KNOTS('',1,(#7408,#7409),.UNSPECIFIED.,.F.,
  .F.,(2,2),(0.,35.288913929208),.PIECEWISE_BEZIER_KNOTS.);
#7408 = CARTESIAN_POINT('',(0.,0.));
#7409 = CARTESIAN_POINT('',(35.000653896056,4.501296829971));
#7410 = ( GEOMETRIC_REPRESENTATION_CONTEXT(2) 
PARAMETRIC_REPRESENTATION_CONTEXT() REPRESENTATION_CONTEXT('2D SPACE',''
  ) );
#7411 = ADVANCED_FACE('',(#7412),#1726,.F.);
#7412 = FACE_BOUND('',#7413,.F.);
#7413 = EDGE_LOOP('',(#7414,#7415,#7436,#7457));
#7414 = ORIENTED_EDGE('',*,*,#1711,.F.);
#7415 = ORIENTED_EDGE('',*,*,#7416,.T.);
#7416 = EDGE_CURVE('',#1712,#7417,#7419,.T.);
#7417 = VERTEX_POINT('',#7418);
#7418 = CARTESIAN_POINT('',(-9.748703170029,-57.25129682997,5.8));
#7419 = SURFACE_CURVE('',#7420,(#7424,#7430),.PCURVE_S1.);
#7420 = LINE('',#7421,#7422);
#7421 = CARTESIAN_POINT('',(-14.25,-52.75,40.51));
#7422 = VECTOR('',#7423,1.);
#7423 = DIRECTION('',(0.127555550137,-0.127555550137,-0.983595019944));
#7424 = PCURVE('',#1726,#7425);
#7425 = DEFINITIONAL_REPRESENTATION('',(#7426),#7429);
#7426 = B_SPLINE_CURVE_WITH_KNOTS('',1,(#7427,#7428),.UNSPECIFIED.,.F.,
  .F.,(2,2),(0.,35.288913929208),.PIECEWISE_BEZIER_KNOTS.);
#7427 = CARTESIAN_POINT('',(0.,0.));
#7428 = CARTESIAN_POINT('',(35.000653896056,4.501296829971));
#7429 = ( GEOMETRIC_REPRESENTATION_CONTEXT(2) 
PARAMETRIC_REPRESENTATION_CONTEXT() REPRESENTATION_CONTEXT('2D SPACE',''
  ) );
#7430 = PCURVE('',#1752,#7431);
#7431 = DEFINITIONAL_REPRESENTATION('',(#7432),#7435);
#7432 = B_SPLINE_CURVE_WITH_KNOTS('',1,(#7433,#7434),.UNSPECIFIED.,.F.,
  .F.,(2,2),(0.,35.288913929208),.PIECEWISE_BEZIER_KNOTS.);
#7433 = CARTESIAN_POINT('',(0.,28.5));
#7434 = CARTESIAN_POINT('',(35.000653896056,23.998703170029));
#7435 = ( GEOMETRIC_REPRESENTATION_CONTEXT(2) 
PARAMETRIC_REPRESENTATION_CONTEXT() REPRESENTATION_CONTEXT('2D SPACE',''
  ) );
#7436 = ORIENTED_EDGE('',*,*,#7437,.T.);
#7437 = EDGE_CURVE('',#7417,#7345,#7438,.T.);
#7438 = SURFACE_CURVE('',#7439,(#7443,#7450),.PCURVE_S1.);
#7439 = LINE('',#7440,#7441);
#7440 = CARTESIAN_POINT('',(-9.748703170029,-52.75,5.8));
#7441 = VECTOR('',#7442,1.);
#7442 = DIRECTION('',(0.,-1.,0.));
#7443 = PCURVE('',#1726,#7444);
#7444 = DEFINITIONAL_REPRESENTATION('',(#7445),#7449);
#7445 = LINE('',#7446,#7447);
#7446 = CARTESIAN_POINT('',(35.000653896056,0.));
#7447 = VECTOR('',#7448,1.);
#7448 = DIRECTION('',(0.,1.));
#7449 = ( GEOMETRIC_REPRESENTATION_CONTEXT(2) 
PARAMETRIC_REPRESENTATION_CONTEXT() REPRESENTATION_CONTEXT('2D SPACE',''
  ) );
#7450 = PCURVE('',#7381,#7451);
#7451 = DEFINITIONAL_REPRESENTATION('',(#7452),#7456);
#7452 = LINE('',#7453,#7454);
#7453 = CARTESIAN_POINT('',(-9.748703170029,13.25));
#7454 = VECTOR('',#7455,1.);
#7455 = DIRECTION('',(0.,-1.));
#7456 = ( GEOMETRIC_REPRESENTATION_CONTEXT(2) 
PARAMETRIC_REPRESENTATION_CONTEXT() REPRESENTATION_CONTEXT('2D SPACE',''
  ) );
#7457 = ORIENTED_EDGE('',*,*,#7344,.F.);
#7458 = ADVANCED_FACE('',(#7459),#1776,.F.);
#7459 = FACE_BOUND('',#7460,.F.);
#7460 = EDGE_LOOP('',(#7461,#7462,#7463,#7486));
#7461 = ORIENTED_EDGE('',*,*,#1763,.F.);
#7462 = ORIENTED_EDGE('',*,*,#7393,.T.);
#7463 = ORIENTED_EDGE('',*,*,#7464,.T.);
#7464 = EDGE_CURVE('',#7366,#7465,#7467,.T.);
#7465 = VERTEX_POINT('',#7466);
#7466 = CARTESIAN_POINT('',(9.748703170029,-57.25129682997,5.8));
#7467 = SURFACE_CURVE('',#7468,(#7472,#7479),.PCURVE_S1.);
#7468 = LINE('',#7469,#7470);
#7469 = CARTESIAN_POINT('',(9.748703170029,-79.25,5.8));
#7470 = VECTOR('',#7471,1.);
#7471 = DIRECTION('',(0.,1.,0.));
#7472 = PCURVE('',#1776,#7473);
#7473 = DEFINITIONAL_REPRESENTATION('',(#7474),#7478);
#7474 = LINE('',#7475,#7476);
#7475 = CARTESIAN_POINT('',(35.000653896056,0.));
#7476 = VECTOR('',#7477,1.);
#7477 = DIRECTION('',(0.,1.));
#7478 = ( GEOMETRIC_REPRESENTATION_CONTEXT(2) 
PARAMETRIC_REPRESENTATION_CONTEXT() REPRESENTATION_CONTEXT('2D SPACE',''
  ) );
#7479 = PCURVE('',#7381,#7480);
#7480 = DEFINITIONAL_REPRESENTATION('',(#7481),#7485);
#7481 = LINE('',#7482,#7483);
#7482 = CARTESIAN_POINT('',(9.748703170029,-13.25));
#7483 = VECTOR('',#7484,1.);
#7484 = DIRECTION('',(0.,1.));
#7485 = ( GEOMETRIC_REPRESENTATION_CONTEXT(2) 
PARAMETRIC_REPRESENTATION_CONTEXT() REPRESENTATION_CONTEXT('2D SPACE',''
  ) );
#7486 = ORIENTED_EDGE('',*,*,#7487,.F.);
#7487 = EDGE_CURVE('',#1738,#7465,#7488,.T.);
#7488 = SURFACE_CURVE('',#7489,(#7493,#7499),.PCURVE_S1.);
#7489 = LINE('',#7490,#7491);
#7490 = CARTESIAN_POINT('',(14.25,-52.75,40.51));
#7491 = VECTOR('',#7492,1.);
#7492 = DIRECTION('',(-0.127555550137,-0.127555550137,-0.983595019944));
#7493 = PCURVE('',#1776,#7494);
#7494 = DEFINITIONAL_REPRESENTATION('',(#7495),#7498);
#7495 = B_SPLINE_CURVE_WITH_KNOTS('',1,(#7496,#7497),.UNSPECIFIED.,.F.,
  .F.,(2,2),(-0.,35.288913929208),.PIECEWISE_BEZIER_KNOTS.);
#7496 = CARTESIAN_POINT('',(0.,26.5));
#7497 = CARTESIAN_POINT('',(35.000653896056,21.998703170029));
#7498 = ( GEOMETRIC_REPRESENTATION_CONTEXT(2) 
PARAMETRIC_REPRESENTATION_CONTEXT() REPRESENTATION_CONTEXT('2D SPACE',''
  ) );
#7499 = PCURVE('',#1752,#7500);
#7500 = DEFINITIONAL_REPRESENTATION('',(#7501),#7504);
#7501 = B_SPLINE_CURVE_WITH_KNOTS('',1,(#7502,#7503),.UNSPECIFIED.,.F.,
  .F.,(2,2),(-0.,35.288913929208),.PIECEWISE_BEZIER_KNOTS.);
#7502 = CARTESIAN_POINT('',(0.,0.));
#7503 = CARTESIAN_POINT('',(35.000653896056,4.501296829971));
#7504 = ( GEOMETRIC_REPRESENTATION_CONTEXT(2) 
PARAMETRIC_REPRESENTATION_CONTEXT() REPRESENTATION_CONTEXT('2D SPACE',''
  ) );
#7505 = ADVANCED_FACE('',(#7506),#1752,.F.);
#7506 = FACE_BOUND('',#7507,.F.);
#7507 = EDGE_LOOP('',(#7508,#7509,#7510,#7511));
#7508 = ORIENTED_EDGE('',*,*,#7416,.F.);
#7509 = ORIENTED_EDGE('',*,*,#1737,.F.);
#7510 = ORIENTED_EDGE('',*,*,#7487,.T.);
#7511 = ORIENTED_EDGE('',*,*,#7512,.T.);
#7512 = EDGE_CURVE('',#7465,#7417,#7513,.T.);
#7513 = SURFACE_CURVE('',#7514,(#7518,#7525),.PCURVE_S1.);
#7514 = LINE('',#7515,#7516);
#7515 = CARTESIAN_POINT('',(14.25,-57.25129682997,5.8));
#7516 = VECTOR('',#7517,1.);
#7517 = DIRECTION('',(-1.,0.,0.));
#7518 = PCURVE('',#1752,#7519);
#7519 = DEFINITIONAL_REPRESENTATION('',(#7520),#7524);
#7520 = LINE('',#7521,#7522);
#7521 = CARTESIAN_POINT('',(35.000653896056,0.));
#7522 = VECTOR('',#7523,1.);
#7523 = DIRECTION('',(-0.,1.));
#7524 = ( GEOMETRIC_REPRESENTATION_CONTEXT(2) 
PARAMETRIC_REPRESENTATION_CONTEXT() REPRESENTATION_CONTEXT('2D SPACE',''
  ) );
#7525 = PCURVE('',#7381,#7526);
#7526 = DEFINITIONAL_REPRESENTATION('',(#7527),#7531);
#7527 = LINE('',#7528,#7529);
#7528 = CARTESIAN_POINT('',(14.25,8.748703170029));
#7529 = VECTOR('',#7530,1.);
#7530 = DIRECTION('',(-1.,0.));
#7531 = ( GEOMETRIC_REPRESENTATION_CONTEXT(2) 
PARAMETRIC_REPRESENTATION_CONTEXT() REPRESENTATION_CONTEXT('2D SPACE',''
  ) );
#7532 = ADVANCED_FACE('',(#7533),#1806,.F.);
#7533 = FACE_BOUND('',#7534,.F.);
#7534 = EDGE_LOOP('',(#7535,#7536,#7557,#7585));
#7535 = ORIENTED_EDGE('',*,*,#1789,.F.);
#7536 = ORIENTED_EDGE('',*,*,#7537,.T.);
#7537 = EDGE_CURVE('',#1790,#7538,#7540,.T.);
#7538 = VERTEX_POINT('',#7539);
#7539 = CARTESIAN_POINT('',(25.251296829971,-74.74870317002,5.8));
#7540 = SURFACE_CURVE('',#7541,(#7545,#7551),.PCURVE_S1.);
#7541 = LINE('',#7542,#7543);
#7542 = CARTESIAN_POINT('',(20.75,-79.25,40.51));
#7543 = VECTOR('',#7544,1.);
#7544 = DIRECTION('',(0.127555550137,0.127555550137,-0.983595019944));
#7545 = PCURVE('',#1806,#7546);
#7546 = DEFINITIONAL_REPRESENTATION('',(#7547),#7550);
#7547 = B_SPLINE_CURVE_WITH_KNOTS('',1,(#7548,#7549),.UNSPECIFIED.,.F.,
  .F.,(2,2),(0.,35.288913929208),.PIECEWISE_BEZIER_KNOTS.);
#7548 = CARTESIAN_POINT('',(0.,0.));
#7549 = CARTESIAN_POINT('',(35.000653896056,4.501296829971));
#7550 = ( GEOMETRIC_REPRESENTATION_CONTEXT(2) 
PARAMETRIC_REPRESENTATION_CONTEXT() REPRESENTATION_CONTEXT('2D SPACE',''
  ) );
#7551 = PCURVE('',#1832,#7552);
#7552 = DEFINITIONAL_REPRESENTATION('',(#7553),#7556);
#7553 = B_SPLINE_CURVE_WITH_KNOTS('',1,(#7554,#7555),.UNSPECIFIED.,.F.,
  .F.,(2,2),(0.,35.288913929208),.PIECEWISE_BEZIER_KNOTS.);
#7554 = CARTESIAN_POINT('',(0.,26.5));
#7555 = CARTESIAN_POINT('',(35.000653896056,21.998703170029));
#7556 = ( GEOMETRIC_REPRESENTATION_CONTEXT(2) 
PARAMETRIC_REPRESENTATION_CONTEXT() REPRESENTATION_CONTEXT('2D SPACE',''
  ) );
#7557 = ORIENTED_EDGE('',*,*,#7558,.T.);
#7558 = EDGE_CURVE('',#7538,#7559,#7561,.T.);
#7559 = VERTEX_POINT('',#7560);
#7560 = CARTESIAN_POINT('',(44.748703170029,-74.74870317002,5.8));
#7561 = SURFACE_CURVE('',#7562,(#7566,#7573),.PCURVE_S1.);
#7562 = LINE('',#7563,#7564);
#7563 = CARTESIAN_POINT('',(20.75,-74.74870317002,5.8));
#7564 = VECTOR('',#7565,1.);
#7565 = DIRECTION('',(1.,0.,0.));
#7566 = PCURVE('',#1806,#7567);
#7567 = DEFINITIONAL_REPRESENTATION('',(#7568),#7572);
#7568 = LINE('',#7569,#7570);
#7569 = CARTESIAN_POINT('',(35.000653896056,0.));
#7570 = VECTOR('',#7571,1.);
#7571 = DIRECTION('',(0.,1.));
#7572 = ( GEOMETRIC_REPRESENTATION_CONTEXT(2) 
PARAMETRIC_REPRESENTATION_CONTEXT() REPRESENTATION_CONTEXT('2D SPACE',''
  ) );
#7573 = PCURVE('',#7574,#7579);
#7574 = PLANE('',#7575);
#7575 = AXIS2_PLACEMENT_3D('',#7576,#7577,#7578);
#7576 = CARTESIAN_POINT('',(35.,-66.,5.8));
#7577 = DIRECTION('',(0.,0.,1.));
#7578 = DIRECTION('',(1.,0.,0.));
#7579 = DEFINITIONAL_REPRESENTATION('',(#7580),#7584);
#7580 = LINE('',#7581,#7582);
#7581 = CARTESIAN_POINT('',(-14.25,-8.748703170029));
#7582 = VECTOR('',#7583,1.);
#7583 = DIRECTION('',(1.,0.));
#7584 = ( GEOMETRIC_REPRESENTATION_CONTEXT(2) 
PARAMETRIC_REPRESENTATION_CONTEXT() REPRESENTATION_CONTEXT('2D SPACE',''
  ) );
#7585 = ORIENTED_EDGE('',*,*,#7586,.F.);
#7586 = EDGE_CURVE('',#1792,#7559,#7587,.T.);
#7587 = SURFACE_CURVE('',#7588,(#7592,#7598),.PCURVE_S1.);
#7588 = LINE('',#7589,#7590);
#7589 = CARTESIAN_POINT('',(49.25,-79.25,40.51));
#7590 = VECTOR('',#7591,1.);
#7591 = DIRECTION('',(-0.127555550137,0.127555550137,-0.983595019944));
#7592 = PCURVE('',#1806,#7593);
#7593 = DEFINITIONAL_REPRESENTATION('',(#7594),#7597);
#7594 = B_SPLINE_CURVE_WITH_KNOTS('',1,(#7595,#7596),.UNSPECIFIED.,.F.,
  .F.,(2,2),(0.,35.288913929208),.PIECEWISE_BEZIER_KNOTS.);
#7595 = CARTESIAN_POINT('',(0.,28.5));
#7596 = CARTESIAN_POINT('',(35.000653896056,23.998703170029));
#7597 = ( GEOMETRIC_REPRESENTATION_CONTEXT(2) 
PARAMETRIC_REPRESENTATION_CONTEXT() REPRESENTATION_CONTEXT('2D SPACE',''
  ) );
#7598 = PCURVE('',#1882,#7599);
#7599 = DEFINITIONAL_REPRESENTATION('',(#7600),#7603);
#7600 = B_SPLINE_CURVE_WITH_KNOTS('',1,(#7601,#7602),.UNSPECIFIED.,.F.,
  .F.,(2,2),(0.,35.288913929208),.PIECEWISE_BEZIER_KNOTS.);
#7601 = CARTESIAN_POINT('',(0.,0.));
#7602 = CARTESIAN_POINT('',(35.000653896056,4.501296829971));
#7603 = ( GEOMETRIC_REPRESENTATION_CONTEXT(2) 
PARAMETRIC_REPRESENTATION_CONTEXT() REPRESENTATION_CONTEXT('2D SPACE',''
  ) );
#7604 = ADVANCED_FACE('',(#7605),#1832,.F.);
#7605 = FACE_BOUND('',#7606,.F.);
#7606 = EDGE_LOOP('',(#7607,#7608,#7629,#7650));
#7607 = ORIENTED_EDGE('',*,*,#1817,.F.);
#7608 = ORIENTED_EDGE('',*,*,#7609,.T.);
#7609 = EDGE_CURVE('',#1818,#7610,#7612,.T.);
#7610 = VERTEX_POINT('',#7611);
#7611 = CARTESIAN_POINT('',(25.251296829971,-57.25129682997,5.8));
#7612 = SURFACE_CURVE('',#7613,(#7617,#7623),.PCURVE_S1.);
#7613 = LINE('',#7614,#7615);
#7614 = CARTESIAN_POINT('',(20.75,-52.75,40.51));
#7615 = VECTOR('',#7616,1.);
#7616 = DIRECTION('',(0.127555550137,-0.127555550137,-0.983595019944));
#7617 = PCURVE('',#1832,#7618);
#7618 = DEFINITIONAL_REPRESENTATION('',(#7619),#7622);
#7619 = B_SPLINE_CURVE_WITH_KNOTS('',1,(#7620,#7621),.UNSPECIFIED.,.F.,
  .F.,(2,2),(0.,35.288913929208),.PIECEWISE_BEZIER_KNOTS.);
#7620 = CARTESIAN_POINT('',(0.,0.));
#7621 = CARTESIAN_POINT('',(35.000653896056,4.501296829971));
#7622 = ( GEOMETRIC_REPRESENTATION_CONTEXT(2) 
PARAMETRIC_REPRESENTATION_CONTEXT() REPRESENTATION_CONTEXT('2D SPACE',''
  ) );
#7623 = PCURVE('',#1858,#7624);
#7624 = DEFINITIONAL_REPRESENTATION('',(#7625),#7628);
#7625 = B_SPLINE_CURVE_WITH_KNOTS('',1,(#7626,#7627),.UNSPECIFIED.,.F.,
  .F.,(2,2),(0.,35.288913929208),.PIECEWISE_BEZIER_KNOTS.);
#7626 = CARTESIAN_POINT('',(0.,28.5));
#7627 = CARTESIAN_POINT('',(35.000653896056,23.998703170029));
#7628 = ( GEOMETRIC_REPRESENTATION_CONTEXT(2) 
PARAMETRIC_REPRESENTATION_CONTEXT() REPRESENTATION_CONTEXT('2D SPACE',''
  ) );
#7629 = ORIENTED_EDGE('',*,*,#7630,.T.);
#7630 = EDGE_CURVE('',#7610,#7538,#7631,.T.);
#7631 = SURFACE_CURVE('',#7632,(#7636,#7643),.PCURVE_S1.);
#7632 = LINE('',#7633,#7634);
#7633 = CARTESIAN_POINT('',(25.251296829971,-52.75,5.8));
#7634 = VECTOR('',#7635,1.);
#7635 = DIRECTION('',(0.,-1.,0.));
#7636 = PCURVE('',#1832,#7637);
#7637 = DEFINITIONAL_REPRESENTATION('',(#7638),#7642);
#7638 = LINE('',#7639,#7640);
#7639 = CARTESIAN_POINT('',(35.000653896056,0.));
#7640 = VECTOR('',#7641,1.);
#7641 = DIRECTION('',(0.,1.));
#7642 = ( GEOMETRIC_REPRESENTATION_CONTEXT(2) 
PARAMETRIC_REPRESENTATION_CONTEXT() REPRESENTATION_CONTEXT('2D SPACE',''
  ) );
#7643 = PCURVE('',#7574,#7644);
#7644 = DEFINITIONAL_REPRESENTATION('',(#7645),#7649);
#7645 = LINE('',#7646,#7647);
#7646 = CARTESIAN_POINT('',(-9.748703170029,13.25));
#7647 = VECTOR('',#7648,1.);
#7648 = DIRECTION('',(0.,-1.));
#7649 = ( GEOMETRIC_REPRESENTATION_CONTEXT(2) 
PARAMETRIC_REPRESENTATION_CONTEXT() REPRESENTATION_CONTEXT('2D SPACE',''
  ) );
#7650 = ORIENTED_EDGE('',*,*,#7537,.F.);
#7651 = ADVANCED_FACE('',(#7652),#1882,.F.);
#7652 = FACE_BOUND('',#7653,.F.);
#7653 = EDGE_LOOP('',(#7654,#7655,#7656,#7679));
#7654 = ORIENTED_EDGE('',*,*,#1869,.F.);
#7655 = ORIENTED_EDGE('',*,*,#7586,.T.);
#7656 = ORIENTED_EDGE('',*,*,#7657,.T.);
#7657 = EDGE_CURVE('',#7559,#7658,#7660,.T.);
#7658 = VERTEX_POINT('',#7659);
#7659 = CARTESIAN_POINT('',(44.748703170029,-57.25129682997,5.8));
#7660 = SURFACE_CURVE('',#7661,(#7665,#7672),.PCURVE_S1.);
#7661 = LINE('',#7662,#7663);
#7662 = CARTESIAN_POINT('',(44.748703170029,-79.25,5.8));
#7663 = VECTOR('',#7664,1.);
#7664 = DIRECTION('',(0.,1.,0.));
#7665 = PCURVE('',#1882,#7666);
#7666 = DEFINITIONAL_REPRESENTATION('',(#7667),#7671);
#7667 = LINE('',#7668,#7669);
#7668 = CARTESIAN_POINT('',(35.000653896056,0.));
#7669 = VECTOR('',#7670,1.);
#7670 = DIRECTION('',(0.,1.));
#7671 = ( GEOMETRIC_REPRESENTATION_CONTEXT(2) 
PARAMETRIC_REPRESENTATION_CONTEXT() REPRESENTATION_CONTEXT('2D SPACE',''
  ) );
#7672 = PCURVE('',#7574,#7673);
#7673 = DEFINITIONAL_REPRESENTATION('',(#7674),#7678);
#7674 = LINE('',#7675,#7676);
#7675 = CARTESIAN_POINT('',(9.748703170029,-13.25));
#7676 = VECTOR('',#7677,1.);
#7677 = DIRECTION('',(0.,1.));
#7678 = ( GEOMETRIC_REPRESENTATION_CONTEXT(2) 
PARAMETRIC_REPRESENTATION_CONTEXT() REPRESENTATION_CONTEXT('2D SPACE',''
  ) );
#7679 = ORIENTED_EDGE('',*,*,#7680,.F.);
#7680 = EDGE_CURVE('',#1844,#7658,#7681,.T.);
#7681 = SURFACE_CURVE('',#7682,(#7686,#7692),.PCURVE_S1.);
#7682 = LINE('',#7683,#7684);
#7683 = CARTESIAN_POINT('',(49.25,-52.75,40.51));
#7684 = VECTOR('',#7685,1.);
#7685 = DIRECTION('',(-0.127555550137,-0.127555550137,-0.983595019944));
#7686 = PCURVE('',#1882,#7687);
#7687 = DEFINITIONAL_REPRESENTATION('',(#7688),#7691);
#7688 = B_SPLINE_CURVE_WITH_KNOTS('',1,(#7689,#7690),.UNSPECIFIED.,.F.,
  .F.,(2,2),(-0.,35.288913929208),.PIECEWISE_BEZIER_KNOTS.);
#7689 = CARTESIAN_POINT('',(0.,26.5));
#7690 = CARTESIAN_POINT('',(35.000653896056,21.998703170029));
#7691 = ( GEOMETRIC_REPRESENTATION_CONTEXT(2) 
PARAMETRIC_REPRESENTATION_CONTEXT() REPRESENTATION_CONTEXT('2D SPACE',''
  ) );
#7692 = PCURVE('',#1858,#7693);
#7693 = DEFINITIONAL_REPRESENTATION('',(#7694),#7697);
#7694 = B_SPLINE_CURVE_WITH_KNOTS('',1,(#7695,#7696),.UNSPECIFIED.,.F.,
  .F.,(2,2),(-0.,35.288913929208),.PIECEWISE_BEZIER_KNOTS.);
#7695 = CARTESIAN_POINT('',(0.,0.));
#7696 = CARTESIAN_POINT('',(35.000653896056,4.501296829971));
#7697 = ( GEOMETRIC_REPRESENTATION_CONTEXT(2) 
PARAMETRIC_REPRESENTATION_CONTEXT() REPRESENTATION_CONTEXT('2D SPACE',''
  ) );
#7698 = ADVANCED_FACE('',(#7699),#1858,.F.);
#7699 = FACE_BOUND('',#7700,.F.);
#7700 = EDGE_LOOP('',(#7701,#7702,#7703,#7704));
#7701 = ORIENTED_EDGE('',*,*,#7609,.F.);
#7702 = ORIENTED_EDGE('',*,*,#1843,.F.);
#7703 = ORIENTED_EDGE('',*,*,#7680,.T.);
#7704 = ORIENTED_EDGE('',*,*,#7705,.T.);
#7705 = EDGE_CURVE('',#7658,#7610,#7706,.T.);
#7706 = SURFACE_CURVE('',#7707,(#7711,#7718),.PCURVE_S1.);
#7707 = LINE('',#7708,#7709);
#7708 = CARTESIAN_POINT('',(49.25,-57.25129682997,5.8));
#7709 = VECTOR('',#7710,1.);
#7710 = DIRECTION('',(-1.,0.,0.));
#7711 = PCURVE('',#1858,#7712);
#7712 = DEFINITIONAL_REPRESENTATION('',(#7713),#7717);
#7713 = LINE('',#7714,#7715);
#7714 = CARTESIAN_POINT('',(35.000653896056,0.));
#7715 = VECTOR('',#7716,1.);
#7716 = DIRECTION('',(-0.,1.));
#7717 = ( GEOMETRIC_REPRESENTATION_CONTEXT(2) 
PARAMETRIC_REPRESENTATION_CONTEXT() REPRESENTATION_CONTEXT('2D SPACE',''
  ) );
#7718 = PCURVE('',#7574,#7719);
#7719 = DEFINITIONAL_REPRESENTATION('',(#7720),#7724);
#7720 = LINE('',#7721,#7722);
#7721 = CARTESIAN_POINT('',(14.25,8.748703170029));
#7722 = VECTOR('',#7723,1.);
#7723 = DIRECTION('',(-1.,0.));
#7724 = ( GEOMETRIC_REPRESENTATION_CONTEXT(2) 
PARAMETRIC_REPRESENTATION_CONTEXT() REPRESENTATION_CONTEXT('2D SPACE',''
  ) );
#7725 = ADVANCED_FACE('',(#7726),#1912,.F.);
#7726 = FACE_BOUND('',#7727,.F.);
#7727 = EDGE_LOOP('',(#7728,#7729,#7750,#7778));
#7728 = ORIENTED_EDGE('',*,*,#1895,.F.);
#7729 = ORIENTED_EDGE('',*,*,#7730,.T.);
#7730 = EDGE_CURVE('',#1896,#7731,#7733,.T.);
#7731 = VERTEX_POINT('',#7732);
#7732 = CARTESIAN_POINT('',(60.251296829971,-74.74870317002,5.8));
#7733 = SURFACE_CURVE('',#7734,(#7738,#7744),.PCURVE_S1.);
#7734 = LINE('',#7735,#7736);
#7735 = CARTESIAN_POINT('',(55.75,-79.25,40.51));
#7736 = VECTOR('',#7737,1.);
#7737 = DIRECTION('',(0.127555550137,0.127555550137,-0.983595019944));
#7738 = PCURVE('',#1912,#7739);
#7739 = DEFINITIONAL_REPRESENTATION('',(#7740),#7743);
#7740 = B_SPLINE_CURVE_WITH_KNOTS('',1,(#7741,#7742),.UNSPECIFIED.,.F.,
  .F.,(2,2),(0.,35.288913929208),.PIECEWISE_BEZIER_KNOTS.);
#7741 = CARTESIAN_POINT('',(0.,0.));
#7742 = CARTESIAN_POINT('',(35.000653896056,4.501296829971));
#7743 = ( GEOMETRIC_REPRESENTATION_CONTEXT(2) 
PARAMETRIC_REPRESENTATION_CONTEXT() REPRESENTATION_CONTEXT('2D SPACE',''
  ) );
#7744 = PCURVE('',#1938,#7745);
#7745 = DEFINITIONAL_REPRESENTATION('',(#7746),#7749);
#7746 = B_SPLINE_CURVE_WITH_KNOTS('',1,(#7747,#7748),.UNSPECIFIED.,.F.,
  .F.,(2,2),(0.,35.288913929208),.PIECEWISE_BEZIER_KNOTS.);
#7747 = CARTESIAN_POINT('',(0.,26.5));
#7748 = CARTESIAN_POINT('',(35.000653896056,21.998703170029));
#7749 = ( GEOMETRIC_REPRESENTATION_CONTEXT(2) 
PARAMETRIC_REPRESENTATION_CONTEXT() REPRESENTATION_CONTEXT('2D SPACE',''
  ) );
#7750 = ORIENTED_EDGE('',*,*,#7751,.T.);
#7751 = EDGE_CURVE('',#7731,#7752,#7754,.T.);
#7752 = VERTEX_POINT('',#7753);
#7753 = CARTESIAN_POINT('',(79.748703170029,-74.74870317002,5.8));
#7754 = SURFACE_CURVE('',#7755,(#7759,#7766),.PCURVE_S1.);
#7755 = LINE('',#7756,#7757);
#7756 = CARTESIAN_POINT('',(55.75,-74.74870317002,5.8));
#7757 = VECTOR('',#7758,1.);
#7758 = DIRECTION('',(1.,0.,0.));
#7759 = PCURVE('',#1912,#7760);
#7760 = DEFINITIONAL_REPRESENTATION('',(#7761),#7765);
#7761 = LINE('',#7762,#7763);
#7762 = CARTESIAN_POINT('',(35.000653896056,0.));
#7763 = VECTOR('',#7764,1.);
#7764 = DIRECTION('',(0.,1.));
#7765 = ( GEOMETRIC_REPRESENTATION_CONTEXT(2) 
PARAMETRIC_REPRESENTATION_CONTEXT() REPRESENTATION_CONTEXT('2D SPACE',''
  ) );
#7766 = PCURVE('',#7767,#7772);
#7767 = PLANE('',#7768);
#7768 = AXIS2_PLACEMENT_3D('',#7769,#7770,#7771);
#7769 = CARTESIAN_POINT('',(70.,-66.,5.8));
#7770 = DIRECTION('',(0.,0.,1.));
#7771 = DIRECTION('',(1.,0.,0.));
#7772 = DEFINITIONAL_REPRESENTATION('',(#7773),#7777);
#7773 = LINE('',#7774,#7775);
#7774 = CARTESIAN_POINT('',(-14.25,-8.748703170029));
#7775 = VECTOR('',#7776,1.);
#7776 = DIRECTION('',(1.,0.));
#7777 = ( GEOMETRIC_REPRESENTATION_CONTEXT(2) 
PARAMETRIC_REPRESENTATION_CONTEXT() REPRESENTATION_CONTEXT('2D SPACE',''
  ) );
#7778 = ORIENTED_EDGE('',*,*,#7779,.F.);
#7779 = EDGE_CURVE('',#1898,#7752,#7780,.T.);
#7780 = SURFACE_CURVE('',#7781,(#7785,#7791),.PCURVE_S1.);
#7781 = LINE('',#7782,#7783);
#7782 = CARTESIAN_POINT('',(84.25,-79.25,40.51));
#7783 = VECTOR('',#7784,1.);
#7784 = DIRECTION('',(-0.127555550137,0.127555550137,-0.983595019944));
#7785 = PCURVE('',#1912,#7786);
#7786 = DEFINITIONAL_REPRESENTATION('',(#7787),#7790);
#7787 = B_SPLINE_CURVE_WITH_KNOTS('',1,(#7788,#7789),.UNSPECIFIED.,.F.,
  .F.,(2,2),(0.,35.288913929208),.PIECEWISE_BEZIER_KNOTS.);
#7788 = CARTESIAN_POINT('',(0.,28.5));
#7789 = CARTESIAN_POINT('',(35.000653896056,23.998703170029));
#7790 = ( GEOMETRIC_REPRESENTATION_CONTEXT(2) 
PARAMETRIC_REPRESENTATION_CONTEXT() REPRESENTATION_CONTEXT('2D SPACE',''
  ) );
#7791 = PCURVE('',#1988,#7792);
#7792 = DEFINITIONAL_REPRESENTATION('',(#7793),#7796);
#7793 = B_SPLINE_CURVE_WITH_KNOTS('',1,(#7794,#7795),.UNSPECIFIED.,.F.,
  .F.,(2,2),(0.,35.288913929208),.PIECEWISE_BEZIER_KNOTS.);
#7794 = CARTESIAN_POINT('',(0.,0.));
#7795 = CARTESIAN_POINT('',(35.000653896056,4.501296829971));
#7796 = ( GEOMETRIC_REPRESENTATION_CONTEXT(2) 
PARAMETRIC_REPRESENTATION_CONTEXT() REPRESENTATION_CONTEXT('2D SPACE',''
  ) );
#7797 = ADVANCED_FACE('',(#7798),#1938,.F.);
#7798 = FACE_BOUND('',#7799,.F.);
#7799 = EDGE_LOOP('',(#7800,#7801,#7822,#7843));
#7800 = ORIENTED_EDGE('',*,*,#1923,.F.);
#7801 = ORIENTED_EDGE('',*,*,#7802,.T.);
#7802 = EDGE_CURVE('',#1924,#7803,#7805,.T.);
#7803 = VERTEX_POINT('',#7804);
#7804 = CARTESIAN_POINT('',(60.251296829971,-57.25129682997,5.8));
#7805 = SURFACE_CURVE('',#7806,(#7810,#7816),.PCURVE_S1.);
#7806 = LINE('',#7807,#7808);
#7807 = CARTESIAN_POINT('',(55.75,-52.75,40.51));
#7808 = VECTOR('',#7809,1.);
#7809 = DIRECTION('',(0.127555550137,-0.127555550137,-0.983595019944));
#7810 = PCURVE('',#1938,#7811);
#7811 = DEFINITIONAL_REPRESENTATION('',(#7812),#7815);
#7812 = B_SPLINE_CURVE_WITH_KNOTS('',1,(#7813,#7814),.UNSPECIFIED.,.F.,
  .F.,(2,2),(0.,35.288913929208),.PIECEWISE_BEZIER_KNOTS.);
#7813 = CARTESIAN_POINT('',(0.,0.));
#7814 = CARTESIAN_POINT('',(35.000653896056,4.501296829971));
#7815 = ( GEOMETRIC_REPRESENTATION_CONTEXT(2) 
PARAMETRIC_REPRESENTATION_CONTEXT() REPRESENTATION_CONTEXT('2D SPACE',''
  ) );
#7816 = PCURVE('',#1964,#7817);
#7817 = DEFINITIONAL_REPRESENTATION('',(#7818),#7821);
#7818 = B_SPLINE_CURVE_WITH_KNOTS('',1,(#7819,#7820),.UNSPECIFIED.,.F.,
  .F.,(2,2),(0.,35.288913929208),.PIECEWISE_BEZIER_KNOTS.);
#7819 = CARTESIAN_POINT('',(0.,28.5));
#7820 = CARTESIAN_POINT('',(35.000653896056,23.998703170029));
#7821 = ( GEOMETRIC_REPRESENTATION_CONTEXT(2) 
PARAMETRIC_REPRESENTATION_CONTEXT() REPRESENTATION_CONTEXT('2D SPACE',''
  ) );
#7822 = ORIENTED_EDGE('',*,*,#7823,.T.);
#7823 = EDGE_CURVE('',#7803,#7731,#7824,.T.);
#7824 = SURFACE_CURVE('',#7825,(#7829,#7836),.PCURVE_S1.);
#7825 = LINE('',#7826,#7827);
#7826 = CARTESIAN_POINT('',(60.251296829971,-52.75,5.8));
#7827 = VECTOR('',#7828,1.);
#7828 = DIRECTION('',(0.,-1.,0.));
#7829 = PCURVE('',#1938,#7830);
#7830 = DEFINITIONAL_REPRESENTATION('',(#7831),#7835);
#7831 = LINE('',#7832,#7833);
#7832 = CARTESIAN_POINT('',(35.000653896056,0.));
#7833 = VECTOR('',#7834,1.);
#7834 = DIRECTION('',(0.,1.));
#7835 = ( GEOMETRIC_REPRESENTATION_CONTEXT(2) 
PARAMETRIC_REPRESENTATION_CONTEXT() REPRESENTATION_CONTEXT('2D SPACE',''
  ) );
#7836 = PCURVE('',#7767,#7837);
#7837 = DEFINITIONAL_REPRESENTATION('',(#7838),#7842);
#7838 = LINE('',#7839,#7840);
#7839 = CARTESIAN_POINT('',(-9.748703170029,13.25));
#7840 = VECTOR('',#7841,1.);
#7841 = DIRECTION('',(0.,-1.));
#7842 = ( GEOMETRIC_REPRESENTATION_CONTEXT(2) 
PARAMETRIC_REPRESENTATION_CONTEXT() REPRESENTATION_CONTEXT('2D SPACE',''
  ) );
#7843 = ORIENTED_EDGE('',*,*,#7730,.F.);
#7844 = ADVANCED_FACE('',(#7845),#1988,.F.);
#7845 = FACE_BOUND('',#7846,.F.);
#7846 = EDGE_LOOP('',(#7847,#7848,#7849,#7872));
#7847 = ORIENTED_EDGE('',*,*,#1975,.F.);
#7848 = ORIENTED_EDGE('',*,*,#7779,.T.);
#7849 = ORIENTED_EDGE('',*,*,#7850,.T.);
#7850 = EDGE_CURVE('',#7752,#7851,#7853,.T.);
#7851 = VERTEX_POINT('',#7852);
#7852 = CARTESIAN_POINT('',(79.748703170029,-57.25129682997,5.8));
#7853 = SURFACE_CURVE('',#7854,(#7858,#7865),.PCURVE_S1.);
#7854 = LINE('',#7855,#7856);
#7855 = CARTESIAN_POINT('',(79.748703170029,-79.25,5.8));
#7856 = VECTOR('',#7857,1.);
#7857 = DIRECTION('',(0.,1.,0.));
#7858 = PCURVE('',#1988,#7859);
#7859 = DEFINITIONAL_REPRESENTATION('',(#7860),#7864);
#7860 = LINE('',#7861,#7862);
#7861 = CARTESIAN_POINT('',(35.000653896056,0.));
#7862 = VECTOR('',#7863,1.);
#7863 = DIRECTION('',(0.,1.));
#7864 = ( GEOMETRIC_REPRESENTATION_CONTEXT(2) 
PARAMETRIC_REPRESENTATION_CONTEXT() REPRESENTATION_CONTEXT('2D SPACE',''
  ) );
#7865 = PCURVE('',#7767,#7866);
#7866 = DEFINITIONAL_REPRESENTATION('',(#7867),#7871);
#7867 = LINE('',#7868,#7869);
#7868 = CARTESIAN_POINT('',(9.748703170029,-13.25));
#7869 = VECTOR('',#7870,1.);
#7870 = DIRECTION('',(0.,1.));
#7871 = ( GEOMETRIC_REPRESENTATION_CONTEXT(2) 
PARAMETRIC_REPRESENTATION_CONTEXT() REPRESENTATION_CONTEXT('2D SPACE',''
  ) );
#7872 = ORIENTED_EDGE('',*,*,#7873,.F.);
#7873 = EDGE_CURVE('',#1950,#7851,#7874,.T.);
#7874 = SURFACE_CURVE('',#7875,(#7879,#7885),.PCURVE_S1.);
#7875 = LINE('',#7876,#7877);
#7876 = CARTESIAN_POINT('',(84.25,-52.75,40.51));
#7877 = VECTOR('',#7878,1.);
#7878 = DIRECTION('',(-0.127555550137,-0.127555550137,-0.983595019944));
#7879 = PCURVE('',#1988,#7880);
#7880 = DEFINITIONAL_REPRESENTATION('',(#7881),#7884);
#7881 = B_SPLINE_CURVE_WITH_KNOTS('',1,(#7882,#7883),.UNSPECIFIED.,.F.,
  .F.,(2,2),(-0.,35.288913929208),.PIECEWISE_BEZIER_KNOTS.);
#7882 = CARTESIAN_POINT('',(0.,26.5));
#7883 = CARTESIAN_POINT('',(35.000653896056,21.998703170029));
#7884 = ( GEOMETRIC_REPRESENTATION_CONTEXT(2) 
PARAMETRIC_REPRESENTATION_CONTEXT() REPRESENTATION_CONTEXT('2D SPACE',''
  ) );
#7885 = PCURVE('',#1964,#7886);
#7886 = DEFINITIONAL_REPRESENTATION('',(#7887),#7890);
#7887 = B_SPLINE_CURVE_WITH_KNOTS('',1,(#7888,#7889),.UNSPECIFIED.,.F.,
  .F.,(2,2),(-0.,35.288913929208),.PIECEWISE_BEZIER_KNOTS.);
#7888 = CARTESIAN_POINT('',(0.,0.));
#7889 = CARTESIAN_POINT('',(35.000653896056,4.501296829971));
#7890 = ( GEOMETRIC_REPRESENTATION_CONTEXT(2) 
PARAMETRIC_REPRESENTATION_CONTEXT() REPRESENTATION_CONTEXT('2D SPACE',''
  ) );
#7891 = ADVANCED_FACE('',(#7892),#1964,.F.);
#7892 = FACE_BOUND('',#7893,.F.);
#7893 = EDGE_LOOP('',(#7894,#7895,#7896,#7897));
#7894 = ORIENTED_EDGE('',*,*,#7802,.F.);
#7895 = ORIENTED_EDGE('',*,*,#1949,.F.);
#7896 = ORIENTED_EDGE('',*,*,#7873,.T.);
#7897 = ORIENTED_EDGE('',*,*,#7898,.T.);
#7898 = EDGE_CURVE('',#7851,#7803,#7899,.T.);
#7899 = SURFACE_CURVE('',#7900,(#7904,#7911),.PCURVE_S1.);
#7900 = LINE('',#7901,#7902);
#7901 = CARTESIAN_POINT('',(84.25,-57.25129682997,5.8));
#7902 = VECTOR('',#7903,1.);
#7903 = DIRECTION('',(-1.,0.,0.));
#7904 = PCURVE('',#1964,#7905);
#7905 = DEFINITIONAL_REPRESENTATION('',(#7906),#7910);
#7906 = LINE('',#7907,#7908);
#7907 = CARTESIAN_POINT('',(35.000653896056,0.));
#7908 = VECTOR('',#7909,1.);
#7909 = DIRECTION('',(-0.,1.));
#7910 = ( GEOMETRIC_REPRESENTATION_CONTEXT(2) 
PARAMETRIC_REPRESENTATION_CONTEXT() REPRESENTATION_CONTEXT('2D SPACE',''
  ) );
#7911 = PCURVE('',#7767,#7912);
#7912 = DEFINITIONAL_REPRESENTATION('',(#7913),#7917);
#7913 = LINE('',#7914,#7915);
#7914 = CARTESIAN_POINT('',(14.25,8.748703170029));
#7915 = VECTOR('',#7916,1.);
#7916 = DIRECTION('',(-1.,0.));
#7917 = ( GEOMETRIC_REPRESENTATION_CONTEXT(2) 
PARAMETRIC_REPRESENTATION_CONTEXT() REPRESENTATION_CONTEXT('2D SPACE',''
  ) );
#7918 = ADVANCED_FACE('',(#7919),#2018,.F.);
#7919 = FACE_BOUND('',#7920,.F.);
#7920 = EDGE_LOOP('',(#7921,#7922,#7943,#7971));
#7921 = ORIENTED_EDGE('',*,*,#2001,.F.);
#7922 = ORIENTED_EDGE('',*,*,#7923,.T.);
#7923 = EDGE_CURVE('',#2002,#7924,#7926,.T.);
#7924 = VERTEX_POINT('',#7925);
#7925 = CARTESIAN_POINT('',(-9.748703170029,-41.74870317002,5.8));
#7926 = SURFACE_CURVE('',#7927,(#7931,#7937),.PCURVE_S1.);
#7927 = LINE('',#7928,#7929);
#7928 = CARTESIAN_POINT('',(-14.25,-46.25,40.51));
#7929 = VECTOR('',#7930,1.);
#7930 = DIRECTION('',(0.127555550137,0.127555550137,-0.983595019944));
#7931 = PCURVE('',#2018,#7932);
#7932 = DEFINITIONAL_REPRESENTATION('',(#7933),#7936);
#7933 = B_SPLINE_CURVE_WITH_KNOTS('',1,(#7934,#7935),.UNSPECIFIED.,.F.,
  .F.,(2,2),(0.,35.288913929208),.PIECEWISE_BEZIER_KNOTS.);
#7934 = CARTESIAN_POINT('',(0.,0.));
#7935 = CARTESIAN_POINT('',(35.000653896056,4.501296829971));
#7936 = ( GEOMETRIC_REPRESENTATION_CONTEXT(2) 
PARAMETRIC_REPRESENTATION_CONTEXT() REPRESENTATION_CONTEXT('2D SPACE',''
  ) );
#7937 = PCURVE('',#2044,#7938);
#7938 = DEFINITIONAL_REPRESENTATION('',(#7939),#7942);
#7939 = B_SPLINE_CURVE_WITH_KNOTS('',1,(#7940,#7941),.UNSPECIFIED.,.F.,
  .F.,(2,2),(0.,35.288913929208),.PIECEWISE_BEZIER_KNOTS.);
#7940 = CARTESIAN_POINT('',(0.,26.5));
#7941 = CARTESIAN_POINT('',(35.000653896056,21.998703170029));
#7942 = ( GEOMETRIC_REPRESENTATION_CONTEXT(2) 
PARAMETRIC_REPRESENTATION_CONTEXT() REPRESENTATION_CONTEXT('2D SPACE',''
  ) );
#7943 = ORIENTED_EDGE('',*,*,#7944,.T.);
#7944 = EDGE_CURVE('',#7924,#7945,#7947,.T.);
#7945 = VERTEX_POINT('',#7946);
#7946 = CARTESIAN_POINT('',(9.748703170029,-41.74870317002,5.8));
#7947 = SURFACE_CURVE('',#7948,(#7952,#7959),.PCURVE_S1.);
#7948 = LINE('',#7949,#7950);
#7949 = CARTESIAN_POINT('',(-14.25,-41.74870317002,5.8));
#7950 = VECTOR('',#7951,1.);
#7951 = DIRECTION('',(1.,0.,0.));
#7952 = PCURVE('',#2018,#7953);
#7953 = DEFINITIONAL_REPRESENTATION('',(#7954),#7958);
#7954 = LINE('',#7955,#7956);
#7955 = CARTESIAN_POINT('',(35.000653896056,0.));
#7956 = VECTOR('',#7957,1.);
#7957 = DIRECTION('',(0.,1.));
#7958 = ( GEOMETRIC_REPRESENTATION_CONTEXT(2) 
PARAMETRIC_REPRESENTATION_CONTEXT() REPRESENTATION_CONTEXT('2D SPACE',''
  ) );
#7959 = PCURVE('',#7960,#7965);
#7960 = PLANE('',#7961);
#7961 = AXIS2_PLACEMENT_3D('',#7962,#7963,#7964);
#7962 = CARTESIAN_POINT('',(0.,-33.,5.8));
#7963 = DIRECTION('',(0.,0.,1.));
#7964 = DIRECTION('',(1.,0.,0.));
#7965 = DEFINITIONAL_REPRESENTATION('',(#7966),#7970);
#7966 = LINE('',#7967,#7968);
#7967 = CARTESIAN_POINT('',(-14.25,-8.748703170029));
#7968 = VECTOR('',#7969,1.);
#7969 = DIRECTION('',(1.,0.));
#7970 = ( GEOMETRIC_REPRESENTATION_CONTEXT(2) 
PARAMETRIC_REPRESENTATION_CONTEXT() REPRESENTATION_CONTEXT('2D SPACE',''
  ) );
#7971 = ORIENTED_EDGE('',*,*,#7972,.F.);
#7972 = EDGE_CURVE('',#2004,#7945,#7973,.T.);
#7973 = SURFACE_CURVE('',#7974,(#7978,#7984),.PCURVE_S1.);
#7974 = LINE('',#7975,#7976);
#7975 = CARTESIAN_POINT('',(14.25,-46.25,40.51));
#7976 = VECTOR('',#7977,1.);
#7977 = DIRECTION('',(-0.127555550137,0.127555550137,-0.983595019944));
#7978 = PCURVE('',#2018,#7979);
#7979 = DEFINITIONAL_REPRESENTATION('',(#7980),#7983);
#7980 = B_SPLINE_CURVE_WITH_KNOTS('',1,(#7981,#7982),.UNSPECIFIED.,.F.,
  .F.,(2,2),(0.,35.288913929208),.PIECEWISE_BEZIER_KNOTS.);
#7981 = CARTESIAN_POINT('',(0.,28.5));
#7982 = CARTESIAN_POINT('',(35.000653896056,23.998703170029));
#7983 = ( GEOMETRIC_REPRESENTATION_CONTEXT(2) 
PARAMETRIC_REPRESENTATION_CONTEXT() REPRESENTATION_CONTEXT('2D SPACE',''
  ) );
#7984 = PCURVE('',#2094,#7985);
#7985 = DEFINITIONAL_REPRESENTATION('',(#7986),#7989);
#7986 = B_SPLINE_CURVE_WITH_KNOTS('',1,(#7987,#7988),.UNSPECIFIED.,.F.,
  .F.,(2,2),(0.,35.288913929208),.PIECEWISE_BEZIER_KNOTS.);
#7987 = CARTESIAN_POINT('',(0.,0.));
#7988 = CARTESIAN_POINT('',(35.000653896056,4.501296829971));
#7989 = ( GEOMETRIC_REPRESENTATION_CONTEXT(2) 
PARAMETRIC_REPRESENTATION_CONTEXT() REPRESENTATION_CONTEXT('2D SPACE',''
  ) );
#7990 = ADVANCED_FACE('',(#7991),#2044,.F.);
#7991 = FACE_BOUND('',#7992,.F.);
#7992 = EDGE_LOOP('',(#7993,#7994,#8015,#8036));
#7993 = ORIENTED_EDGE('',*,*,#2029,.F.);
#7994 = ORIENTED_EDGE('',*,*,#7995,.T.);
#7995 = EDGE_CURVE('',#2030,#7996,#7998,.T.);
#7996 = VERTEX_POINT('',#7997);
#7997 = CARTESIAN_POINT('',(-9.748703170029,-24.25129682997,5.8));
#7998 = SURFACE_CURVE('',#7999,(#8003,#8009),.PCURVE_S1.);
#7999 = LINE('',#8000,#8001);
#8000 = CARTESIAN_POINT('',(-14.25,-19.75,40.51));
#8001 = VECTOR('',#8002,1.);
#8002 = DIRECTION('',(0.127555550137,-0.127555550137,-0.983595019944));
#8003 = PCURVE('',#2044,#8004);
#8004 = DEFINITIONAL_REPRESENTATION('',(#8005),#8008);
#8005 = B_SPLINE_CURVE_WITH_KNOTS('',1,(#8006,#8007),.UNSPECIFIED.,.F.,
  .F.,(2,2),(0.,35.288913929208),.PIECEWISE_BEZIER_KNOTS.);
#8006 = CARTESIAN_POINT('',(0.,0.));
#8007 = CARTESIAN_POINT('',(35.000653896056,4.501296829971));
#8008 = ( GEOMETRIC_REPRESENTATION_CONTEXT(2) 
PARAMETRIC_REPRESENTATION_CONTEXT() REPRESENTATION_CONTEXT('2D SPACE',''
  ) );
#8009 = PCURVE('',#2070,#8010);
#8010 = DEFINITIONAL_REPRESENTATION('',(#8011),#8014);
#8011 = B_SPLINE_CURVE_WITH_KNOTS('',1,(#8012,#8013),.UNSPECIFIED.,.F.,
  .F.,(2,2),(0.,35.288913929208),.PIECEWISE_BEZIER_KNOTS.);
#8012 = CARTESIAN_POINT('',(0.,28.5));
#8013 = CARTESIAN_POINT('',(35.000653896056,23.998703170029));
#8014 = ( GEOMETRIC_REPRESENTATION_CONTEXT(2) 
PARAMETRIC_REPRESENTATION_CONTEXT() REPRESENTATION_CONTEXT('2D SPACE',''
  ) );
#8015 = ORIENTED_EDGE('',*,*,#8016,.T.);
#8016 = EDGE_CURVE('',#7996,#7924,#8017,.T.);
#8017 = SURFACE_CURVE('',#8018,(#8022,#8029),.PCURVE_S1.);
#8018 = LINE('',#8019,#8020);
#8019 = CARTESIAN_POINT('',(-9.748703170029,-19.75,5.8));
#8020 = VECTOR('',#8021,1.);
#8021 = DIRECTION('',(0.,-1.,0.));
#8022 = PCURVE('',#2044,#8023);
#8023 = DEFINITIONAL_REPRESENTATION('',(#8024),#8028);
#8024 = LINE('',#8025,#8026);
#8025 = CARTESIAN_POINT('',(35.000653896056,0.));
#8026 = VECTOR('',#8027,1.);
#8027 = DIRECTION('',(0.,1.));
#8028 = ( GEOMETRIC_REPRESENTATION_CONTEXT(2) 
PARAMETRIC_REPRESENTATION_CONTEXT() REPRESENTATION_CONTEXT('2D SPACE',''
  ) );
#8029 = PCURVE('',#7960,#8030);
#8030 = DEFINITIONAL_REPRESENTATION('',(#8031),#8035);
#8031 = LINE('',#8032,#8033);
#8032 = CARTESIAN_POINT('',(-9.748703170029,13.25));
#8033 = VECTOR('',#8034,1.);
#8034 = DIRECTION('',(0.,-1.));
#8035 = ( GEOMETRIC_REPRESENTATION_CONTEXT(2) 
PARAMETRIC_REPRESENTATION_CONTEXT() REPRESENTATION_CONTEXT('2D SPACE',''
  ) );
#8036 = ORIENTED_EDGE('',*,*,#7923,.F.);
#8037 = ADVANCED_FACE('',(#8038),#2094,.F.);
#8038 = FACE_BOUND('',#8039,.F.);
#8039 = EDGE_LOOP('',(#8040,#8041,#8042,#8065));
#8040 = ORIENTED_EDGE('',*,*,#2081,.F.);
#8041 = ORIENTED_EDGE('',*,*,#7972,.T.);
#8042 = ORIENTED_EDGE('',*,*,#8043,.T.);
#8043 = EDGE_CURVE('',#7945,#8044,#8046,.T.);
#8044 = VERTEX_POINT('',#8045);
#8045 = CARTESIAN_POINT('',(9.748703170029,-24.25129682997,5.8));
#8046 = SURFACE_CURVE('',#8047,(#8051,#8058),.PCURVE_S1.);
#8047 = LINE('',#8048,#8049);
#8048 = CARTESIAN_POINT('',(9.748703170029,-46.25,5.8));
#8049 = VECTOR('',#8050,1.);
#8050 = DIRECTION('',(0.,1.,0.));
#8051 = PCURVE('',#2094,#8052);
#8052 = DEFINITIONAL_REPRESENTATION('',(#8053),#8057);
#8053 = LINE('',#8054,#8055);
#8054 = CARTESIAN_POINT('',(35.000653896056,0.));
#8055 = VECTOR('',#8056,1.);
#8056 = DIRECTION('',(0.,1.));
#8057 = ( GEOMETRIC_REPRESENTATION_CONTEXT(2) 
PARAMETRIC_REPRESENTATION_CONTEXT() REPRESENTATION_CONTEXT('2D SPACE',''
  ) );
#8058 = PCURVE('',#7960,#8059);
#8059 = DEFINITIONAL_REPRESENTATION('',(#8060),#8064);
#8060 = LINE('',#8061,#8062);
#8061 = CARTESIAN_POINT('',(9.748703170029,-13.25));
#8062 = VECTOR('',#8063,1.);
#8063 = DIRECTION('',(0.,1.));
#8064 = ( GEOMETRIC_REPRESENTATION_CONTEXT(2) 
PARAMETRIC_REPRESENTATION_CONTEXT() REPRESENTATION_CONTEXT('2D SPACE',''
  ) );
#8065 = ORIENTED_EDGE('',*,*,#8066,.F.);
#8066 = EDGE_CURVE('',#2056,#8044,#8067,.T.);
#8067 = SURFACE_CURVE('',#8068,(#8072,#8078),.PCURVE_S1.);
#8068 = LINE('',#8069,#8070);
#8069 = CARTESIAN_POINT('',(14.25,-19.75,40.51));
#8070 = VECTOR('',#8071,1.);
#8071 = DIRECTION('',(-0.127555550137,-0.127555550137,-0.983595019944));
#8072 = PCURVE('',#2094,#8073);
#8073 = DEFINITIONAL_REPRESENTATION('',(#8074),#8077);
#8074 = B_SPLINE_CURVE_WITH_KNOTS('',1,(#8075,#8076),.UNSPECIFIED.,.F.,
  .F.,(2,2),(-0.,35.288913929208),.PIECEWISE_BEZIER_KNOTS.);
#8075 = CARTESIAN_POINT('',(0.,26.5));
#8076 = CARTESIAN_POINT('',(35.000653896056,21.998703170029));
#8077 = ( GEOMETRIC_REPRESENTATION_CONTEXT(2) 
PARAMETRIC_REPRESENTATION_CONTEXT() REPRESENTATION_CONTEXT('2D SPACE',''
  ) );
#8078 = PCURVE('',#2070,#8079);
#8079 = DEFINITIONAL_REPRESENTATION('',(#8080),#8083);
#8080 = B_SPLINE_CURVE_WITH_KNOTS('',1,(#8081,#8082),.UNSPECIFIED.,.F.,
  .F.,(2,2),(-0.,35.288913929208),.PIECEWISE_BEZIER_KNOTS.);
#8081 = CARTESIAN_POINT('',(0.,0.));
#8082 = CARTESIAN_POINT('',(35.000653896056,4.501296829971));
#8083 = ( GEOMETRIC_REPRESENTATION_CONTEXT(2) 
PARAMETRIC_REPRESENTATION_CONTEXT() REPRESENTATION_CONTEXT('2D SPACE',''
  ) );
#8084 = ADVANCED_FACE('',(#8085),#2070,.F.);
#8085 = FACE_BOUND('',#8086,.F.);
#8086 = EDGE_LOOP('',(#8087,#8088,#8089,#8090));
#8087 = ORIENTED_EDGE('',*,*,#7995,.F.);
#8088 = ORIENTED_EDGE('',*,*,#2055,.F.);
#8089 = ORIENTED_EDGE('',*,*,#8066,.T.);
#8090 = ORIENTED_EDGE('',*,*,#8091,.T.);
#8091 = EDGE_CURVE('',#8044,#7996,#8092,.T.);
#8092 = SURFACE_CURVE('',#8093,(#8097,#8104),.PCURVE_S1.);
#8093 = LINE('',#8094,#8095);
#8094 = CARTESIAN_POINT('',(14.25,-24.25129682997,5.8));
#8095 = VECTOR('',#8096,1.);
#8096 = DIRECTION('',(-1.,0.,0.));
#8097 = PCURVE('',#2070,#8098);
#8098 = DEFINITIONAL_REPRESENTATION('',(#8099),#8103);
#8099 = LINE('',#8100,#8101);
#8100 = CARTESIAN_POINT('',(35.000653896056,0.));
#8101 = VECTOR('',#8102,1.);
#8102 = DIRECTION('',(-0.,1.));
#8103 = ( GEOMETRIC_REPRESENTATION_CONTEXT(2) 
PARAMETRIC_REPRESENTATION_CONTEXT() REPRESENTATION_CONTEXT('2D SPACE',''
  ) );
#8104 = PCURVE('',#7960,#8105);
#8105 = DEFINITIONAL_REPRESENTATION('',(#8106),#8110);
#8106 = LINE('',#8107,#8108);
#8107 = CARTESIAN_POINT('',(14.25,8.748703170029));
#8108 = VECTOR('',#8109,1.);
#8109 = DIRECTION('',(-1.,0.));
#8110 = ( GEOMETRIC_REPRESENTATION_CONTEXT(2) 
PARAMETRIC_REPRESENTATION_CONTEXT() REPRESENTATION_CONTEXT('2D SPACE',''
  ) );
#8111 = ADVANCED_FACE('',(#8112),#2124,.F.);
#8112 = FACE_BOUND('',#8113,.F.);
#8113 = EDGE_LOOP('',(#8114,#8115,#8136,#8164));
#8114 = ORIENTED_EDGE('',*,*,#2107,.F.);
#8115 = ORIENTED_EDGE('',*,*,#8116,.T.);
#8116 = EDGE_CURVE('',#2108,#8117,#8119,.T.);
#8117 = VERTEX_POINT('',#8118);
#8118 = CARTESIAN_POINT('',(25.251296829971,-41.74870317002,5.8));
#8119 = SURFACE_CURVE('',#8120,(#8124,#8130),.PCURVE_S1.);
#8120 = LINE('',#8121,#8122);
#8121 = CARTESIAN_POINT('',(20.75,-46.25,40.51));
#8122 = VECTOR('',#8123,1.);
#8123 = DIRECTION('',(0.127555550137,0.127555550137,-0.983595019944));
#8124 = PCURVE('',#2124,#8125);
#8125 = DEFINITIONAL_REPRESENTATION('',(#8126),#8129);
#8126 = B_SPLINE_CURVE_WITH_KNOTS('',1,(#8127,#8128),.UNSPECIFIED.,.F.,
  .F.,(2,2),(0.,35.288913929208),.PIECEWISE_BEZIER_KNOTS.);
#8127 = CARTESIAN_POINT('',(0.,0.));
#8128 = CARTESIAN_POINT('',(35.000653896056,4.501296829971));
#8129 = ( GEOMETRIC_REPRESENTATION_CONTEXT(2) 
PARAMETRIC_REPRESENTATION_CONTEXT() REPRESENTATION_CONTEXT('2D SPACE',''
  ) );
#8130 = PCURVE('',#2150,#8131);
#8131 = DEFINITIONAL_REPRESENTATION('',(#8132),#8135);
#8132 = B_SPLINE_CURVE_WITH_KNOTS('',1,(#8133,#8134),.UNSPECIFIED.,.F.,
  .F.,(2,2),(0.,35.288913929208),.PIECEWISE_BEZIER_KNOTS.);
#8133 = CARTESIAN_POINT('',(0.,26.5));
#8134 = CARTESIAN_POINT('',(35.000653896056,21.998703170029));
#8135 = ( GEOMETRIC_REPRESENTATION_CONTEXT(2) 
PARAMETRIC_REPRESENTATION_CONTEXT() REPRESENTATION_CONTEXT('2D SPACE',''
  ) );
#8136 = ORIENTED_EDGE('',*,*,#8137,.T.);
#8137 = EDGE_CURVE('',#8117,#8138,#8140,.T.);
#8138 = VERTEX_POINT('',#8139);
#8139 = CARTESIAN_POINT('',(44.748703170029,-41.74870317002,5.8));
#8140 = SURFACE_CURVE('',#8141,(#8145,#8152),.PCURVE_S1.);
#8141 = LINE('',#8142,#8143);
#8142 = CARTESIAN_POINT('',(20.75,-41.74870317002,5.8));
#8143 = VECTOR('',#8144,1.);
#8144 = DIRECTION('',(1.,0.,0.));
#8145 = PCURVE('',#2124,#8146);
#8146 = DEFINITIONAL_REPRESENTATION('',(#8147),#8151);
#8147 = LINE('',#8148,#8149);
#8148 = CARTESIAN_POINT('',(35.000653896056,0.));
#8149 = VECTOR('',#8150,1.);
#8150 = DIRECTION('',(0.,1.));
#8151 = ( GEOMETRIC_REPRESENTATION_CONTEXT(2) 
PARAMETRIC_REPRESENTATION_CONTEXT() REPRESENTATION_CONTEXT('2D SPACE',''
  ) );
#8152 = PCURVE('',#8153,#8158);
#8153 = PLANE('',#8154);
#8154 = AXIS2_PLACEMENT_3D('',#8155,#8156,#8157);
#8155 = CARTESIAN_POINT('',(35.,-33.,5.8));
#8156 = DIRECTION('',(0.,0.,1.));
#8157 = DIRECTION('',(1.,0.,0.));
#8158 = DEFINITIONAL_REPRESENTATION('',(#8159),#8163);
#8159 = LINE('',#8160,#8161);
#8160 = CARTESIAN_POINT('',(-14.25,-8.748703170029));
#8161 = VECTOR('',#8162,1.);
#8162 = DIRECTION('',(1.,0.));
#8163 = ( GEOMETRIC_REPRESENTATION_CONTEXT(2) 
PARAMETRIC_REPRESENTATION_CONTEXT() REPRESENTATION_CONTEXT('2D SPACE',''
  ) );
#8164 = ORIENTED_EDGE('',*,*,#8165,.F.);
#8165 = EDGE_CURVE('',#2110,#8138,#8166,.T.);
#8166 = SURFACE_CURVE('',#8167,(#8171,#8177),.PCURVE_S1.);
#8167 = LINE('',#8168,#8169);
#8168 = CARTESIAN_POINT('',(49.25,-46.25,40.51));
#8169 = VECTOR('',#8170,1.);
#8170 = DIRECTION('',(-0.127555550137,0.127555550137,-0.983595019944));
#8171 = PCURVE('',#2124,#8172);
#8172 = DEFINITIONAL_REPRESENTATION('',(#8173),#8176);
#8173 = B_SPLINE_CURVE_WITH_KNOTS('',1,(#8174,#8175),.UNSPECIFIED.,.F.,
  .F.,(2,2),(0.,35.288913929208),.PIECEWISE_BEZIER_KNOTS.);
#8174 = CARTESIAN_POINT('',(0.,28.5));
#8175 = CARTESIAN_POINT('',(35.000653896056,23.998703170029));
#8176 = ( GEOMETRIC_REPRESENTATION_CONTEXT(2) 
PARAMETRIC_REPRESENTATION_CONTEXT() REPRESENTATION_CONTEXT('2D SPACE',''
  ) );
#8177 = PCURVE('',#2200,#8178);
#8178 = DEFINITIONAL_REPRESENTATION('',(#8179),#8182);
#8179 = B_SPLINE_CURVE_WITH_KNOTS('',1,(#8180,#8181),.UNSPECIFIED.,.F.,
  .F.,(2,2),(0.,35.288913929208),.PIECEWISE_BEZIER_KNOTS.);
#8180 = CARTESIAN_POINT('',(0.,0.));
#8181 = CARTESIAN_POINT('',(35.000653896056,4.501296829971));
#8182 = ( GEOMETRIC_REPRESENTATION_CONTEXT(2) 
PARAMETRIC_REPRESENTATION_CONTEXT() REPRESENTATION_CONTEXT('2D SPACE',''
  ) );
#8183 = ADVANCED_FACE('',(#8184),#2150,.F.);
#8184 = FACE_BOUND('',#8185,.F.);
#8185 = EDGE_LOOP('',(#8186,#8187,#8208,#8229));
#8186 = ORIENTED_EDGE('',*,*,#2135,.F.);
#8187 = ORIENTED_EDGE('',*,*,#8188,.T.);
#8188 = EDGE_CURVE('',#2136,#8189,#8191,.T.);
#8189 = VERTEX_POINT('',#8190);
#8190 = CARTESIAN_POINT('',(25.251296829971,-24.25129682997,5.8));
#8191 = SURFACE_CURVE('',#8192,(#8196,#8202),.PCURVE_S1.);
#8192 = LINE('',#8193,#8194);
#8193 = CARTESIAN_POINT('',(20.75,-19.75,40.51));
#8194 = VECTOR('',#8195,1.);
#8195 = DIRECTION('',(0.127555550137,-0.127555550137,-0.983595019944));
#8196 = PCURVE('',#2150,#8197);
#8197 = DEFINITIONAL_REPRESENTATION('',(#8198),#8201);
#8198 = B_SPLINE_CURVE_WITH_KNOTS('',1,(#8199,#8200),.UNSPECIFIED.,.F.,
  .F.,(2,2),(0.,35.288913929208),.PIECEWISE_BEZIER_KNOTS.);
#8199 = CARTESIAN_POINT('',(0.,0.));
#8200 = CARTESIAN_POINT('',(35.000653896056,4.501296829971));
#8201 = ( GEOMETRIC_REPRESENTATION_CONTEXT(2) 
PARAMETRIC_REPRESENTATION_CONTEXT() REPRESENTATION_CONTEXT('2D SPACE',''
  ) );
#8202 = PCURVE('',#2176,#8203);
#8203 = DEFINITIONAL_REPRESENTATION('',(#8204),#8207);
#8204 = B_SPLINE_CURVE_WITH_KNOTS('',1,(#8205,#8206),.UNSPECIFIED.,.F.,
  .F.,(2,2),(0.,35.288913929208),.PIECEWISE_BEZIER_KNOTS.);
#8205 = CARTESIAN_POINT('',(0.,28.5));
#8206 = CARTESIAN_POINT('',(35.000653896056,23.998703170029));
#8207 = ( GEOMETRIC_REPRESENTATION_CONTEXT(2) 
PARAMETRIC_REPRESENTATION_CONTEXT() REPRESENTATION_CONTEXT('2D SPACE',''
  ) );
#8208 = ORIENTED_EDGE('',*,*,#8209,.T.);
#8209 = EDGE_CURVE('',#8189,#8117,#8210,.T.);
#8210 = SURFACE_CURVE('',#8211,(#8215,#8222),.PCURVE_S1.);
#8211 = LINE('',#8212,#8213);
#8212 = CARTESIAN_POINT('',(25.251296829971,-19.75,5.8));
#8213 = VECTOR('',#8214,1.);
#8214 = DIRECTION('',(0.,-1.,0.));
#8215 = PCURVE('',#2150,#8216);
#8216 = DEFINITIONAL_REPRESENTATION('',(#8217),#8221);
#8217 = LINE('',#8218,#8219);
#8218 = CARTESIAN_POINT('',(35.000653896056,0.));
#8219 = VECTOR('',#8220,1.);
#8220 = DIRECTION('',(0.,1.));
#8221 = ( GEOMETRIC_REPRESENTATION_CONTEXT(2) 
PARAMETRIC_REPRESENTATION_CONTEXT() REPRESENTATION_CONTEXT('2D SPACE',''
  ) );
#8222 = PCURVE('',#8153,#8223);
#8223 = DEFINITIONAL_REPRESENTATION('',(#8224),#8228);
#8224 = LINE('',#8225,#8226);
#8225 = CARTESIAN_POINT('',(-9.748703170029,13.25));
#8226 = VECTOR('',#8227,1.);
#8227 = DIRECTION('',(0.,-1.));
#8228 = ( GEOMETRIC_REPRESENTATION_CONTEXT(2) 
PARAMETRIC_REPRESENTATION_CONTEXT() REPRESENTATION_CONTEXT('2D SPACE',''
  ) );
#8229 = ORIENTED_EDGE('',*,*,#8116,.F.);
#8230 = ADVANCED_FACE('',(#8231),#2200,.F.);
#8231 = FACE_BOUND('',#8232,.F.);
#8232 = EDGE_LOOP('',(#8233,#8234,#8235,#8258));
#8233 = ORIENTED_EDGE('',*,*,#2187,.F.);
#8234 = ORIENTED_EDGE('',*,*,#8165,.T.);
#8235 = ORIENTED_EDGE('',*,*,#8236,.T.);
#8236 = EDGE_CURVE('',#8138,#8237,#8239,.T.);
#8237 = VERTEX_POINT('',#8238);
#8238 = CARTESIAN_POINT('',(44.748703170029,-24.25129682997,5.8));
#8239 = SURFACE_CURVE('',#8240,(#8244,#8251),.PCURVE_S1.);
#8240 = LINE('',#8241,#8242);
#8241 = CARTESIAN_POINT('',(44.748703170029,-46.25,5.8));
#8242 = VECTOR('',#8243,1.);
#8243 = DIRECTION('',(0.,1.,0.));
#8244 = PCURVE('',#2200,#8245);
#8245 = DEFINITIONAL_REPRESENTATION('',(#8246),#8250);
#8246 = LINE('',#8247,#8248);
#8247 = CARTESIAN_POINT('',(35.000653896056,0.));
#8248 = VECTOR('',#8249,1.);
#8249 = DIRECTION('',(0.,1.));
#8250 = ( GEOMETRIC_REPRESENTATION_CONTEXT(2) 
PARAMETRIC_REPRESENTATION_CONTEXT() REPRESENTATION_CONTEXT('2D SPACE',''
  ) );
#8251 = PCURVE('',#8153,#8252);
#8252 = DEFINITIONAL_REPRESENTATION('',(#8253),#8257);
#8253 = LINE('',#8254,#8255);
#8254 = CARTESIAN_POINT('',(9.748703170029,-13.25));
#8255 = VECTOR('',#8256,1.);
#8256 = DIRECTION('',(0.,1.));
#8257 = ( GEOMETRIC_REPRESENTATION_CONTEXT(2) 
PARAMETRIC_REPRESENTATION_CONTEXT() REPRESENTATION_CONTEXT('2D SPACE',''
  ) );
#8258 = ORIENTED_EDGE('',*,*,#8259,.F.);
#8259 = EDGE_CURVE('',#2162,#8237,#8260,.T.);
#8260 = SURFACE_CURVE('',#8261,(#8265,#8271),.PCURVE_S1.);
#8261 = LINE('',#8262,#8263);
#8262 = CARTESIAN_POINT('',(49.25,-19.75,40.51));
#8263 = VECTOR('',#8264,1.);
#8264 = DIRECTION('',(-0.127555550137,-0.127555550137,-0.983595019944));
#8265 = PCURVE('',#2200,#8266);
#8266 = DEFINITIONAL_REPRESENTATION('',(#8267),#8270);
#8267 = B_SPLINE_CURVE_WITH_KNOTS('',1,(#8268,#8269),.UNSPECIFIED.,.F.,
  .F.,(2,2),(-0.,35.288913929208),.PIECEWISE_BEZIER_KNOTS.);
#8268 = CARTESIAN_POINT('',(0.,26.5));
#8269 = CARTESIAN_POINT('',(35.000653896056,21.998703170029));
#8270 = ( GEOMETRIC_REPRESENTATION_CONTEXT(2) 
PARAMETRIC_REPRESENTATION_CONTEXT() REPRESENTATION_CONTEXT('2D SPACE',''
  ) );
#8271 = PCURVE('',#2176,#8272);
#8272 = DEFINITIONAL_REPRESENTATION('',(#8273),#8276);
#8273 = B_SPLINE_CURVE_WITH_KNOTS('',1,(#8274,#8275),.UNSPECIFIED.,.F.,
  .F.,(2,2),(-0.,35.288913929208),.PIECEWISE_BEZIER_KNOTS.);
#8274 = CARTESIAN_POINT('',(0.,0.));
#8275 = CARTESIAN_POINT('',(35.000653896056,4.501296829971));
#8276 = ( GEOMETRIC_REPRESENTATION_CONTEXT(2) 
PARAMETRIC_REPRESENTATION_CONTEXT() REPRESENTATION_CONTEXT('2D SPACE',''
  ) );
#8277 = ADVANCED_FACE('',(#8278),#2176,.F.);
#8278 = FACE_BOUND('',#8279,.F.);
#8279 = EDGE_LOOP('',(#8280,#8281,#8282,#8283));
#8280 = ORIENTED_EDGE('',*,*,#8188,.F.);
#8281 = ORIENTED_EDGE('',*,*,#2161,.F.);
#8282 = ORIENTED_EDGE('',*,*,#8259,.T.);
#8283 = ORIENTED_EDGE('',*,*,#8284,.T.);
#8284 = EDGE_CURVE('',#8237,#8189,#8285,.T.);
#8285 = SURFACE_CURVE('',#8286,(#8290,#8297),.PCURVE_S1.);
#8286 = LINE('',#8287,#8288);
#8287 = CARTESIAN_POINT('',(49.25,-24.25129682997,5.8));
#8288 = VECTOR('',#8289,1.);
#8289 = DIRECTION('',(-1.,0.,0.));
#8290 = PCURVE('',#2176,#8291);
#8291 = DEFINITIONAL_REPRESENTATION('',(#8292),#8296);
#8292 = LINE('',#8293,#8294);
#8293 = CARTESIAN_POINT('',(35.000653896056,0.));
#8294 = VECTOR('',#8295,1.);
#8295 = DIRECTION('',(-0.,1.));
#8296 = ( GEOMETRIC_REPRESENTATION_CONTEXT(2) 
PARAMETRIC_REPRESENTATION_CONTEXT() REPRESENTATION_CONTEXT('2D SPACE',''
  ) );
#8297 = PCURVE('',#8153,#8298);
#8298 = DEFINITIONAL_REPRESENTATION('',(#8299),#8303);
#8299 = LINE('',#8300,#8301);
#8300 = CARTESIAN_POINT('',(14.25,8.748703170029));
#8301 = VECTOR('',#8302,1.);
#8302 = DIRECTION('',(-1.,0.));
#8303 = ( GEOMETRIC_REPRESENTATION_CONTEXT(2) 
PARAMETRIC_REPRESENTATION_CONTEXT() REPRESENTATION_CONTEXT('2D SPACE',''
  ) );
#8304 = ADVANCED_FACE('',(#8305),#2230,.F.);
#8305 = FACE_BOUND('',#8306,.F.);
#8306 = EDGE_LOOP('',(#8307,#8308,#8329,#8357));
#8307 = ORIENTED_EDGE('',*,*,#2213,.F.);
#8308 = ORIENTED_EDGE('',*,*,#8309,.T.);
#8309 = EDGE_CURVE('',#2214,#8310,#8312,.T.);
#8310 = VERTEX_POINT('',#8311);
#8311 = CARTESIAN_POINT('',(60.251296829971,-41.74870317002,5.8));
#8312 = SURFACE_CURVE('',#8313,(#8317,#8323),.PCURVE_S1.);
#8313 = LINE('',#8314,#8315);
#8314 = CARTESIAN_POINT('',(55.75,-46.25,40.51));
#8315 = VECTOR('',#8316,1.);
#8316 = DIRECTION('',(0.127555550137,0.127555550137,-0.983595019944));
#8317 = PCURVE('',#2230,#8318);
#8318 = DEFINITIONAL_REPRESENTATION('',(#8319),#8322);
#8319 = B_SPLINE_CURVE_WITH_KNOTS('',1,(#8320,#8321),.UNSPECIFIED.,.F.,
  .F.,(2,2),(0.,35.288913929208),.PIECEWISE_BEZIER_KNOTS.);
#8320 = CARTESIAN_POINT('',(0.,0.));
#8321 = CARTESIAN_POINT('',(35.000653896056,4.501296829971));
#8322 = ( GEOMETRIC_REPRESENTATION_CONTEXT(2) 
PARAMETRIC_REPRESENTATION_CONTEXT() REPRESENTATION_CONTEXT('2D SPACE',''
  ) );
#8323 = PCURVE('',#2256,#8324);
#8324 = DEFINITIONAL_REPRESENTATION('',(#8325),#8328);
#8325 = B_SPLINE_CURVE_WITH_KNOTS('',1,(#8326,#8327),.UNSPECIFIED.,.F.,
  .F.,(2,2),(0.,35.288913929208),.PIECEWISE_BEZIER_KNOTS.);
#8326 = CARTESIAN_POINT('',(0.,26.5));
#8327 = CARTESIAN_POINT('',(35.000653896056,21.998703170029));
#8328 = ( GEOMETRIC_REPRESENTATION_CONTEXT(2) 
PARAMETRIC_REPRESENTATION_CONTEXT() REPRESENTATION_CONTEXT('2D SPACE',''
  ) );
#8329 = ORIENTED_EDGE('',*,*,#8330,.T.);
#8330 = EDGE_CURVE('',#8310,#8331,#8333,.T.);
#8331 = VERTEX_POINT('',#8332);
#8332 = CARTESIAN_POINT('',(79.748703170029,-41.74870317002,5.8));
#8333 = SURFACE_CURVE('',#8334,(#8338,#8345),.PCURVE_S1.);
#8334 = LINE('',#8335,#8336);
#8335 = CARTESIAN_POINT('',(55.75,-41.74870317002,5.8));
#8336 = VECTOR('',#8337,1.);
#8337 = DIRECTION('',(1.,0.,0.));
#8338 = PCURVE('',#2230,#8339);
#8339 = DEFINITIONAL_REPRESENTATION('',(#8340),#8344);
#8340 = LINE('',#8341,#8342);
#8341 = CARTESIAN_POINT('',(35.000653896056,0.));
#8342 = VECTOR('',#8343,1.);
#8343 = DIRECTION('',(0.,1.));
#8344 = ( GEOMETRIC_REPRESENTATION_CONTEXT(2) 
PARAMETRIC_REPRESENTATION_CONTEXT() REPRESENTATION_CONTEXT('2D SPACE',''
  ) );
#8345 = PCURVE('',#8346,#8351);
#8346 = PLANE('',#8347);
#8347 = AXIS2_PLACEMENT_3D('',#8348,#8349,#8350);
#8348 = CARTESIAN_POINT('',(70.,-33.,5.8));
#8349 = DIRECTION('',(0.,0.,1.));
#8350 = DIRECTION('',(1.,0.,0.));
#8351 = DEFINITIONAL_REPRESENTATION('',(#8352),#8356);
#8352 = LINE('',#8353,#8354);
#8353 = CARTESIAN_POINT('',(-14.25,-8.748703170029));
#8354 = VECTOR('',#8355,1.);
#8355 = DIRECTION('',(1.,0.));
#8356 = ( GEOMETRIC_REPRESENTATION_CONTEXT(2) 
PARAMETRIC_REPRESENTATION_CONTEXT() REPRESENTATION_CONTEXT('2D SPACE',''
  ) );
#8357 = ORIENTED_EDGE('',*,*,#8358,.F.);
#8358 = EDGE_CURVE('',#2216,#8331,#8359,.T.);
#8359 = SURFACE_CURVE('',#8360,(#8364,#8370),.PCURVE_S1.);
#8360 = LINE('',#8361,#8362);
#8361 = CARTESIAN_POINT('',(84.25,-46.25,40.51));
#8362 = VECTOR('',#8363,1.);
#8363 = DIRECTION('',(-0.127555550137,0.127555550137,-0.983595019944));
#8364 = PCURVE('',#2230,#8365);
#8365 = DEFINITIONAL_REPRESENTATION('',(#8366),#8369);
#8366 = B_SPLINE_CURVE_WITH_KNOTS('',1,(#8367,#8368),.UNSPECIFIED.,.F.,
  .F.,(2,2),(0.,35.288913929208),.PIECEWISE_BEZIER_KNOTS.);
#8367 = CARTESIAN_POINT('',(0.,28.5));
#8368 = CARTESIAN_POINT('',(35.000653896056,23.998703170029));
#8369 = ( GEOMETRIC_REPRESENTATION_CONTEXT(2) 
PARAMETRIC_REPRESENTATION_CONTEXT() REPRESENTATION_CONTEXT('2D SPACE',''
  ) );
#8370 = PCURVE('',#2306,#8371);
#8371 = DEFINITIONAL_REPRESENTATION('',(#8372),#8375);
#8372 = B_SPLINE_CURVE_WITH_KNOTS('',1,(#8373,#8374),.UNSPECIFIED.,.F.,
  .F.,(2,2),(0.,35.288913929208),.PIECEWISE_BEZIER_KNOTS.);
#8373 = CARTESIAN_POINT('',(0.,0.));
#8374 = CARTESIAN_POINT('',(35.000653896056,4.501296829971));
#8375 = ( GEOMETRIC_REPRESENTATION_CONTEXT(2) 
PARAMETRIC_REPRESENTATION_CONTEXT() REPRESENTATION_CONTEXT('2D SPACE',''
  ) );
#8376 = ADVANCED_FACE('',(#8377),#2256,.F.);
#8377 = FACE_BOUND('',#8378,.F.);
#8378 = EDGE_LOOP('',(#8379,#8380,#8401,#8422));
#8379 = ORIENTED_EDGE('',*,*,#2241,.F.);
#8380 = ORIENTED_EDGE('',*,*,#8381,.T.);
#8381 = EDGE_CURVE('',#2242,#8382,#8384,.T.);
#8382 = VERTEX_POINT('',#8383);
#8383 = CARTESIAN_POINT('',(60.251296829971,-24.25129682997,5.8));
#8384 = SURFACE_CURVE('',#8385,(#8389,#8395),.PCURVE_S1.);
#8385 = LINE('',#8386,#8387);
#8386 = CARTESIAN_POINT('',(55.75,-19.75,40.51));
#8387 = VECTOR('',#8388,1.);
#8388 = DIRECTION('',(0.127555550137,-0.127555550137,-0.983595019944));
#8389 = PCURVE('',#2256,#8390);
#8390 = DEFINITIONAL_REPRESENTATION('',(#8391),#8394);
#8391 = B_SPLINE_CURVE_WITH_KNOTS('',1,(#8392,#8393),.UNSPECIFIED.,.F.,
  .F.,(2,2),(0.,35.288913929208),.PIECEWISE_BEZIER_KNOTS.);
#8392 = CARTESIAN_POINT('',(0.,0.));
#8393 = CARTESIAN_POINT('',(35.000653896056,4.501296829971));
#8394 = ( GEOMETRIC_REPRESENTATION_CONTEXT(2) 
PARAMETRIC_REPRESENTATION_CONTEXT() REPRESENTATION_CONTEXT('2D SPACE',''
  ) );
#8395 = PCURVE('',#2282,#8396);
#8396 = DEFINITIONAL_REPRESENTATION('',(#8397),#8400);
#8397 = B_SPLINE_CURVE_WITH_KNOTS('',1,(#8398,#8399),.UNSPECIFIED.,.F.,
  .F.,(2,2),(0.,35.288913929208),.PIECEWISE_BEZIER_KNOTS.);
#8398 = CARTESIAN_POINT('',(0.,28.5));
#8399 = CARTESIAN_POINT('',(35.000653896056,23.998703170029));
#8400 = ( GEOMETRIC_REPRESENTATION_CONTEXT(2) 
PARAMETRIC_REPRESENTATION_CONTEXT() REPRESENTATION_CONTEXT('2D SPACE',''
  ) );
#8401 = ORIENTED_EDGE('',*,*,#8402,.T.);
#8402 = EDGE_CURVE('',#8382,#8310,#8403,.T.);
#8403 = SURFACE_CURVE('',#8404,(#8408,#8415),.PCURVE_S1.);
#8404 = LINE('',#8405,#8406);
#8405 = CARTESIAN_POINT('',(60.251296829971,-19.75,5.8));
#8406 = VECTOR('',#8407,1.);
#8407 = DIRECTION('',(0.,-1.,0.));
#8408 = PCURVE('',#2256,#8409);
#8409 = DEFINITIONAL_REPRESENTATION('',(#8410),#8414);
#8410 = LINE('',#8411,#8412);
#8411 = CARTESIAN_POINT('',(35.000653896056,0.));
#8412 = VECTOR('',#8413,1.);
#8413 = DIRECTION('',(0.,1.));
#8414 = ( GEOMETRIC_REPRESENTATION_CONTEXT(2) 
PARAMETRIC_REPRESENTATION_CONTEXT() REPRESENTATION_CONTEXT('2D SPACE',''
  ) );
#8415 = PCURVE('',#8346,#8416);
#8416 = DEFINITIONAL_REPRESENTATION('',(#8417),#8421);
#8417 = LINE('',#8418,#8419);
#8418 = CARTESIAN_POINT('',(-9.748703170029,13.25));
#8419 = VECTOR('',#8420,1.);
#8420 = DIRECTION('',(0.,-1.));
#8421 = ( GEOMETRIC_REPRESENTATION_CONTEXT(2) 
PARAMETRIC_REPRESENTATION_CONTEXT() REPRESENTATION_CONTEXT('2D SPACE',''
  ) );
#8422 = ORIENTED_EDGE('',*,*,#8309,.F.);
#8423 = ADVANCED_FACE('',(#8424),#2306,.F.);
#8424 = FACE_BOUND('',#8425,.F.);
#8425 = EDGE_LOOP('',(#8426,#8427,#8428,#8451));
#8426 = ORIENTED_EDGE('',*,*,#2293,.F.);
#8427 = ORIENTED_EDGE('',*,*,#8358,.T.);
#8428 = ORIENTED_EDGE('',*,*,#8429,.T.);
#8429 = EDGE_CURVE('',#8331,#8430,#8432,.T.);
#8430 = VERTEX_POINT('',#8431);
#8431 = CARTESIAN_POINT('',(79.748703170029,-24.25129682997,5.8));
#8432 = SURFACE_CURVE('',#8433,(#8437,#8444),.PCURVE_S1.);
#8433 = LINE('',#8434,#8435);
#8434 = CARTESIAN_POINT('',(79.748703170029,-46.25,5.8));
#8435 = VECTOR('',#8436,1.);
#8436 = DIRECTION('',(0.,1.,0.));
#8437 = PCURVE('',#2306,#8438);
#8438 = DEFINITIONAL_REPRESENTATION('',(#8439),#8443);
#8439 = LINE('',#8440,#8441);
#8440 = CARTESIAN_POINT('',(35.000653896056,0.));
#8441 = VECTOR('',#8442,1.);
#8442 = DIRECTION('',(0.,1.));
#8443 = ( GEOMETRIC_REPRESENTATION_CONTEXT(2) 
PARAMETRIC_REPRESENTATION_CONTEXT() REPRESENTATION_CONTEXT('2D SPACE',''
  ) );
#8444 = PCURVE('',#8346,#8445);
#8445 = DEFINITIONAL_REPRESENTATION('',(#8446),#8450);
#8446 = LINE('',#8447,#8448);
#8447 = CARTESIAN_POINT('',(9.748703170029,-13.25));
#8448 = VECTOR('',#8449,1.);
#8449 = DIRECTION('',(0.,1.));
#8450 = ( GEOMETRIC_REPRESENTATION_CONTEXT(2) 
PARAMETRIC_REPRESENTATION_CONTEXT() REPRESENTATION_CONTEXT('2D SPACE',''
  ) );
#8451 = ORIENTED_EDGE('',*,*,#8452,.F.);
#8452 = EDGE_CURVE('',#2268,#8430,#8453,.T.);
#8453 = SURFACE_CURVE('',#8454,(#8458,#8464),.PCURVE_S1.);
#8454 = LINE('',#8455,#8456);
#8455 = CARTESIAN_POINT('',(84.25,-19.75,40.51));
#8456 = VECTOR('',#8457,1.);
#8457 = DIRECTION('',(-0.127555550137,-0.127555550137,-0.983595019944));
#8458 = PCURVE('',#2306,#8459);
#8459 = DEFINITIONAL_REPRESENTATION('',(#8460),#8463);
#8460 = B_SPLINE_CURVE_WITH_KNOTS('',1,(#8461,#8462),.UNSPECIFIED.,.F.,
  .F.,(2,2),(-0.,35.288913929208),.PIECEWISE_BEZIER_KNOTS.);
#8461 = CARTESIAN_POINT('',(0.,26.5));
#8462 = CARTESIAN_POINT('',(35.000653896056,21.998703170029));
#8463 = ( GEOMETRIC_REPRESENTATION_CONTEXT(2) 
PARAMETRIC_REPRESENTATION_CONTEXT() REPRESENTATION_CONTEXT('2D SPACE',''
  ) );
#8464 = PCURVE('',#2282,#8465);
#8465 = DEFINITIONAL_REPRESENTATION('',(#8466),#8469);
#8466 = B_SPLINE_CURVE_WITH_KNOTS('',1,(#8467,#8468),.UNSPECIFIED.,.F.,
  .F.,(2,2),(-0.,35.288913929208),.PIECEWISE_BEZIER_KNOTS.);
#8467 = CARTESIAN_POINT('',(0.,0.));
#8468 = CARTESIAN_POINT('',(35.000653896056,4.501296829971));
#8469 = ( GEOMETRIC_REPRESENTATION_CONTEXT(2) 
PARAMETRIC_REPRESENTATION_CONTEXT() REPRESENTATION_CONTEXT('2D SPACE',''
  ) );
#8470 = ADVANCED_FACE('',(#8471),#2282,.F.);
#8471 = FACE_BOUND('',#8472,.F.);
#8472 = EDGE_LOOP('',(#8473,#8474,#8475,#8476));
#8473 = ORIENTED_EDGE('',*,*,#8381,.F.);
#8474 = ORIENTED_EDGE('',*,*,#2267,.F.);
#8475 = ORIENTED_EDGE('',*,*,#8452,.T.);
#8476 = ORIENTED_EDGE('',*,*,#8477,.T.);
#8477 = EDGE_CURVE('',#8430,#8382,#8478,.T.);
#8478 = SURFACE_CURVE('',#8479,(#8483,#8490),.PCURVE_S1.);
#8479 = LINE('',#8480,#8481);
#8480 = CARTESIAN_POINT('',(84.25,-24.25129682997,5.8));
#8481 = VECTOR('',#8482,1.);
#8482 = DIRECTION('',(-1.,0.,0.));
#8483 = PCURVE('',#2282,#8484);
#8484 = DEFINITIONAL_REPRESENTATION('',(#8485),#8489);
#8485 = LINE('',#8486,#8487);
#8486 = CARTESIAN_POINT('',(35.000653896056,0.));
#8487 = VECTOR('',#8488,1.);
#8488 = DIRECTION('',(-0.,1.));
#8489 = ( GEOMETRIC_REPRESENTATION_CONTEXT(2) 
PARAMETRIC_REPRESENTATION_CONTEXT() REPRESENTATION_CONTEXT('2D SPACE',''
  ) );
#8490 = PCURVE('',#8346,#8491);
#8491 = DEFINITIONAL_REPRESENTATION('',(#8492),#8496);
#8492 = LINE('',#8493,#8494);
#8493 = CARTESIAN_POINT('',(14.25,8.748703170029));
#8494 = VECTOR('',#8495,1.);
#8495 = DIRECTION('',(-1.,0.));
#8496 = ( GEOMETRIC_REPRESENTATION_CONTEXT(2) 
PARAMETRIC_REPRESENTATION_CONTEXT() REPRESENTATION_CONTEXT('2D SPACE',''
  ) );
#8497 = ADVANCED_FACE('',(#8498),#2336,.F.);
#8498 = FACE_BOUND('',#8499,.F.);
#8499 = EDGE_LOOP('',(#8500,#8501,#8522,#8550));
#8500 = ORIENTED_EDGE('',*,*,#2319,.F.);
#8501 = ORIENTED_EDGE('',*,*,#8502,.T.);
#8502 = EDGE_CURVE('',#2320,#8503,#8505,.T.);
#8503 = VERTEX_POINT('',#8504);
#8504 = CARTESIAN_POINT('',(-79.74870317002,-8.748703170029,5.8));
#8505 = SURFACE_CURVE('',#8506,(#8510,#8516),.PCURVE_S1.);
#8506 = LINE('',#8507,#8508);
#8507 = CARTESIAN_POINT('',(-84.25,-13.25,40.51));
#8508 = VECTOR('',#8509,1.);
#8509 = DIRECTION('',(0.127555550137,0.127555550137,-0.983595019944));
#8510 = PCURVE('',#2336,#8511);
#8511 = DEFINITIONAL_REPRESENTATION('',(#8512),#8515);
#8512 = B_SPLINE_CURVE_WITH_KNOTS('',1,(#8513,#8514),.UNSPECIFIED.,.F.,
  .F.,(2,2),(0.,35.288913929208),.PIECEWISE_BEZIER_KNOTS.);
#8513 = CARTESIAN_POINT('',(0.,0.));
#8514 = CARTESIAN_POINT('',(35.000653896056,4.501296829971));
#8515 = ( GEOMETRIC_REPRESENTATION_CONTEXT(2) 
PARAMETRIC_REPRESENTATION_CONTEXT() REPRESENTATION_CONTEXT('2D SPACE',''
  ) );
#8516 = PCURVE('',#2362,#8517);
#8517 = DEFINITIONAL_REPRESENTATION('',(#8518),#8521);
#8518 = B_SPLINE_CURVE_WITH_KNOTS('',1,(#8519,#8520),.UNSPECIFIED.,.F.,
  .F.,(2,2),(0.,35.288913929208),.PIECEWISE_BEZIER_KNOTS.);
#8519 = CARTESIAN_POINT('',(0.,26.5));
#8520 = CARTESIAN_POINT('',(35.000653896056,21.998703170029));
#8521 = ( GEOMETRIC_REPRESENTATION_CONTEXT(2) 
PARAMETRIC_REPRESENTATION_CONTEXT() REPRESENTATION_CONTEXT('2D SPACE',''
  ) );
#8522 = ORIENTED_EDGE('',*,*,#8523,.T.);
#8523 = EDGE_CURVE('',#8503,#8524,#8526,.T.);
#8524 = VERTEX_POINT('',#8525);
#8525 = CARTESIAN_POINT('',(-60.25129682997,-8.748703170029,5.8));
#8526 = SURFACE_CURVE('',#8527,(#8531,#8538),.PCURVE_S1.);
#8527 = LINE('',#8528,#8529);
#8528 = CARTESIAN_POINT('',(-84.25,-8.748703170029,5.8));
#8529 = VECTOR('',#8530,1.);
#8530 = DIRECTION('',(1.,0.,0.));
#8531 = PCURVE('',#2336,#8532);
#8532 = DEFINITIONAL_REPRESENTATION('',(#8533),#8537);
#8533 = LINE('',#8534,#8535);
#8534 = CARTESIAN_POINT('',(35.000653896056,0.));
#8535 = VECTOR('',#8536,1.);
#8536 = DIRECTION('',(0.,1.));
#8537 = ( GEOMETRIC_REPRESENTATION_CONTEXT(2) 
PARAMETRIC_REPRESENTATION_CONTEXT() REPRESENTATION_CONTEXT('2D SPACE',''
  ) );
#8538 = PCURVE('',#8539,#8544);
#8539 = PLANE('',#8540);
#8540 = AXIS2_PLACEMENT_3D('',#8541,#8542,#8543);
#8541 = CARTESIAN_POINT('',(-70.,0.,5.8));
#8542 = DIRECTION('',(0.,0.,1.));
#8543 = DIRECTION('',(1.,0.,0.));
#8544 = DEFINITIONAL_REPRESENTATION('',(#8545),#8549);
#8545 = LINE('',#8546,#8547);
#8546 = CARTESIAN_POINT('',(-14.25,-8.748703170029));
#8547 = VECTOR('',#8548,1.);
#8548 = DIRECTION('',(1.,0.));
#8549 = ( GEOMETRIC_REPRESENTATION_CONTEXT(2) 
PARAMETRIC_REPRESENTATION_CONTEXT() REPRESENTATION_CONTEXT('2D SPACE',''
  ) );
#8550 = ORIENTED_EDGE('',*,*,#8551,.F.);
#8551 = EDGE_CURVE('',#2322,#8524,#8552,.T.);
#8552 = SURFACE_CURVE('',#8553,(#8557,#8563),.PCURVE_S1.);
#8553 = LINE('',#8554,#8555);
#8554 = CARTESIAN_POINT('',(-55.75,-13.25,40.51));
#8555 = VECTOR('',#8556,1.);
#8556 = DIRECTION('',(-0.127555550137,0.127555550137,-0.983595019944));
#8557 = PCURVE('',#2336,#8558);
#8558 = DEFINITIONAL_REPRESENTATION('',(#8559),#8562);
#8559 = B_SPLINE_CURVE_WITH_KNOTS('',1,(#8560,#8561),.UNSPECIFIED.,.F.,
  .F.,(2,2),(0.,35.288913929208),.PIECEWISE_BEZIER_KNOTS.);
#8560 = CARTESIAN_POINT('',(0.,28.5));
#8561 = CARTESIAN_POINT('',(35.000653896056,23.998703170029));
#8562 = ( GEOMETRIC_REPRESENTATION_CONTEXT(2) 
PARAMETRIC_REPRESENTATION_CONTEXT() REPRESENTATION_CONTEXT('2D SPACE',''
  ) );
#8563 = PCURVE('',#2412,#8564);
#8564 = DEFINITIONAL_REPRESENTATION('',(#8565),#8568);
#8565 = B_SPLINE_CURVE_WITH_KNOTS('',1,(#8566,#8567),.UNSPECIFIED.,.F.,
  .F.,(2,2),(0.,35.288913929208),.PIECEWISE_BEZIER_KNOTS.);
#8566 = CARTESIAN_POINT('',(0.,0.));
#8567 = CARTESIAN_POINT('',(35.000653896056,4.501296829971));
#8568 = ( GEOMETRIC_REPRESENTATION_CONTEXT(2) 
PARAMETRIC_REPRESENTATION_CONTEXT() REPRESENTATION_CONTEXT('2D SPACE',''
  ) );
#8569 = ADVANCED_FACE('',(#8570),#2362,.F.);
#8570 = FACE_BOUND('',#8571,.F.);
#8571 = EDGE_LOOP('',(#8572,#8573,#8594,#8615));
#8572 = ORIENTED_EDGE('',*,*,#2347,.F.);
#8573 = ORIENTED_EDGE('',*,*,#8574,.T.);
#8574 = EDGE_CURVE('',#2348,#8575,#8577,.T.);
#8575 = VERTEX_POINT('',#8576);
#8576 = CARTESIAN_POINT('',(-79.74870317002,8.748703170029,5.8));
#8577 = SURFACE_CURVE('',#8578,(#8582,#8588),.PCURVE_S1.);
#8578 = LINE('',#8579,#8580);
#8579 = CARTESIAN_POINT('',(-84.25,13.25,40.51));
#8580 = VECTOR('',#8581,1.);
#8581 = DIRECTION('',(0.127555550137,-0.127555550137,-0.983595019944));
#8582 = PCURVE('',#2362,#8583);
#8583 = DEFINITIONAL_REPRESENTATION('',(#8584),#8587);
#8584 = B_SPLINE_CURVE_WITH_KNOTS('',1,(#8585,#8586),.UNSPECIFIED.,.F.,
  .F.,(2,2),(0.,35.288913929208),.PIECEWISE_BEZIER_KNOTS.);
#8585 = CARTESIAN_POINT('',(0.,0.));
#8586 = CARTESIAN_POINT('',(35.000653896056,4.501296829971));
#8587 = ( GEOMETRIC_REPRESENTATION_CONTEXT(2) 
PARAMETRIC_REPRESENTATION_CONTEXT() REPRESENTATION_CONTEXT('2D SPACE',''
  ) );
#8588 = PCURVE('',#2388,#8589);
#8589 = DEFINITIONAL_REPRESENTATION('',(#8590),#8593);
#8590 = B_SPLINE_CURVE_WITH_KNOTS('',1,(#8591,#8592),.UNSPECIFIED.,.F.,
  .F.,(2,2),(0.,35.288913929208),.PIECEWISE_BEZIER_KNOTS.);
#8591 = CARTESIAN_POINT('',(0.,28.5));
#8592 = CARTESIAN_POINT('',(35.000653896056,23.998703170029));
#8593 = ( GEOMETRIC_REPRESENTATION_CONTEXT(2) 
PARAMETRIC_REPRESENTATION_CONTEXT() REPRESENTATION_CONTEXT('2D SPACE',''
  ) );
#8594 = ORIENTED_EDGE('',*,*,#8595,.T.);
#8595 = EDGE_CURVE('',#8575,#8503,#8596,.T.);
#8596 = SURFACE_CURVE('',#8597,(#8601,#8608),.PCURVE_S1.);
#8597 = LINE('',#8598,#8599);
#8598 = CARTESIAN_POINT('',(-79.74870317002,13.25,5.8));
#8599 = VECTOR('',#8600,1.);
#8600 = DIRECTION('',(0.,-1.,0.));
#8601 = PCURVE('',#2362,#8602);
#8602 = DEFINITIONAL_REPRESENTATION('',(#8603),#8607);
#8603 = LINE('',#8604,#8605);
#8604 = CARTESIAN_POINT('',(35.000653896056,0.));
#8605 = VECTOR('',#8606,1.);
#8606 = DIRECTION('',(0.,1.));
#8607 = ( GEOMETRIC_REPRESENTATION_CONTEXT(2) 
PARAMETRIC_REPRESENTATION_CONTEXT() REPRESENTATION_CONTEXT('2D SPACE',''
  ) );
#8608 = PCURVE('',#8539,#8609);
#8609 = DEFINITIONAL_REPRESENTATION('',(#8610),#8614);
#8610 = LINE('',#8611,#8612);
#8611 = CARTESIAN_POINT('',(-9.748703170029,13.25));
#8612 = VECTOR('',#8613,1.);
#8613 = DIRECTION('',(0.,-1.));
#8614 = ( GEOMETRIC_REPRESENTATION_CONTEXT(2) 
PARAMETRIC_REPRESENTATION_CONTEXT() REPRESENTATION_CONTEXT('2D SPACE',''
  ) );
#8615 = ORIENTED_EDGE('',*,*,#8502,.F.);
#8616 = ADVANCED_FACE('',(#8617),#2412,.F.);
#8617 = FACE_BOUND('',#8618,.F.);
#8618 = EDGE_LOOP('',(#8619,#8620,#8621,#8644));
#8619 = ORIENTED_EDGE('',*,*,#2399,.F.);
#8620 = ORIENTED_EDGE('',*,*,#8551,.T.);
#8621 = ORIENTED_EDGE('',*,*,#8622,.T.);
#8622 = EDGE_CURVE('',#8524,#8623,#8625,.T.);
#8623 = VERTEX_POINT('',#8624);
#8624 = CARTESIAN_POINT('',(-60.25129682997,8.748703170029,5.8));
#8625 = SURFACE_CURVE('',#8626,(#8630,#8637),.PCURVE_S1.);
#8626 = LINE('',#8627,#8628);
#8627 = CARTESIAN_POINT('',(-60.25129682997,-13.25,5.8));
#8628 = VECTOR('',#8629,1.);
#8629 = DIRECTION('',(0.,1.,0.));
#8630 = PCURVE('',#2412,#8631);
#8631 = DEFINITIONAL_REPRESENTATION('',(#8632),#8636);
#8632 = LINE('',#8633,#8634);
#8633 = CARTESIAN_POINT('',(35.000653896056,0.));
#8634 = VECTOR('',#8635,1.);
#8635 = DIRECTION('',(0.,1.));
#8636 = ( GEOMETRIC_REPRESENTATION_CONTEXT(2) 
PARAMETRIC_REPRESENTATION_CONTEXT() REPRESENTATION_CONTEXT('2D SPACE',''
  ) );
#8637 = PCURVE('',#8539,#8638);
#8638 = DEFINITIONAL_REPRESENTATION('',(#8639),#8643);
#8639 = LINE('',#8640,#8641);
#8640 = CARTESIAN_POINT('',(9.748703170029,-13.25));
#8641 = VECTOR('',#8642,1.);
#8642 = DIRECTION('',(0.,1.));
#8643 = ( GEOMETRIC_REPRESENTATION_CONTEXT(2) 
PARAMETRIC_REPRESENTATION_CONTEXT() REPRESENTATION_CONTEXT('2D SPACE',''
  ) );
#8644 = ORIENTED_EDGE('',*,*,#8645,.F.);
#8645 = EDGE_CURVE('',#2374,#8623,#8646,.T.);
#8646 = SURFACE_CURVE('',#8647,(#8651,#8657),.PCURVE_S1.);
#8647 = LINE('',#8648,#8649);
#8648 = CARTESIAN_POINT('',(-55.75,13.25,40.51));
#8649 = VECTOR('',#8650,1.);
#8650 = DIRECTION('',(-0.127555550137,-0.127555550137,-0.983595019944));
#8651 = PCURVE('',#2412,#8652);
#8652 = DEFINITIONAL_REPRESENTATION('',(#8653),#8656);
#8653 = B_SPLINE_CURVE_WITH_KNOTS('',1,(#8654,#8655),.UNSPECIFIED.,.F.,
  .F.,(2,2),(-0.,35.288913929208),.PIECEWISE_BEZIER_KNOTS.);
#8654 = CARTESIAN_POINT('',(0.,26.5));
#8655 = CARTESIAN_POINT('',(35.000653896056,21.998703170029));
#8656 = ( GEOMETRIC_REPRESENTATION_CONTEXT(2) 
PARAMETRIC_REPRESENTATION_CONTEXT() REPRESENTATION_CONTEXT('2D SPACE',''
  ) );
#8657 = PCURVE('',#2388,#8658);
#8658 = DEFINITIONAL_REPRESENTATION('',(#8659),#8662);
#8659 = B_SPLINE_CURVE_WITH_KNOTS('',1,(#8660,#8661),.UNSPECIFIED.,.F.,
  .F.,(2,2),(-0.,35.288913929208),.PIECEWISE_BEZIER_KNOTS.);
#8660 = CARTESIAN_POINT('',(0.,0.));
#8661 = CARTESIAN_POINT('',(35.000653896056,4.501296829971));
#8662 = ( GEOMETRIC_REPRESENTATION_CONTEXT(2) 
PARAMETRIC_REPRESENTATION_CONTEXT() REPRESENTATION_CONTEXT('2D SPACE',''
  ) );
#8663 = ADVANCED_FACE('',(#8664),#2388,.F.);
#8664 = FACE_BOUND('',#8665,.F.);
#8665 = EDGE_LOOP('',(#8666,#8667,#8668,#8669));
#8666 = ORIENTED_EDGE('',*,*,#8574,.F.);
#8667 = ORIENTED_EDGE('',*,*,#2373,.F.);
#8668 = ORIENTED_EDGE('',*,*,#8645,.T.);
#8669 = ORIENTED_EDGE('',*,*,#8670,.T.);
#8670 = EDGE_CURVE('',#8623,#8575,#8671,.T.);
#8671 = SURFACE_CURVE('',#8672,(#8676,#8683),.PCURVE_S1.);
#8672 = LINE('',#8673,#8674);
#8673 = CARTESIAN_POINT('',(-55.75,8.748703170029,5.8));
#8674 = VECTOR('',#8675,1.);
#8675 = DIRECTION('',(-1.,0.,0.));
#8676 = PCURVE('',#2388,#8677);
#8677 = DEFINITIONAL_REPRESENTATION('',(#8678),#8682);
#8678 = LINE('',#8679,#8680);
#8679 = CARTESIAN_POINT('',(35.000653896056,0.));
#8680 = VECTOR('',#8681,1.);
#8681 = DIRECTION('',(-0.,1.));
#8682 = ( GEOMETRIC_REPRESENTATION_CONTEXT(2) 
PARAMETRIC_REPRESENTATION_CONTEXT() REPRESENTATION_CONTEXT('2D SPACE',''
  ) );
#8683 = PCURVE('',#8539,#8684);
#8684 = DEFINITIONAL_REPRESENTATION('',(#8685),#8689);
#8685 = LINE('',#8686,#8687);
#8686 = CARTESIAN_POINT('',(14.25,8.748703170029));
#8687 = VECTOR('',#8688,1.);
#8688 = DIRECTION('',(-1.,0.));
#8689 = ( GEOMETRIC_REPRESENTATION_CONTEXT(2) 
PARAMETRIC_REPRESENTATION_CONTEXT() REPRESENTATION_CONTEXT('2D SPACE',''
  ) );
#8690 = ADVANCED_FACE('',(#8691),#2442,.F.);
#8691 = FACE_BOUND('',#8692,.F.);
#8692 = EDGE_LOOP('',(#8693,#8694,#8715,#8743));
#8693 = ORIENTED_EDGE('',*,*,#2425,.F.);
#8694 = ORIENTED_EDGE('',*,*,#8695,.T.);
#8695 = EDGE_CURVE('',#2426,#8696,#8698,.T.);
#8696 = VERTEX_POINT('',#8697);
#8697 = CARTESIAN_POINT('',(-79.74870317002,24.251296829971,5.8));
#8698 = SURFACE_CURVE('',#8699,(#8703,#8709),.PCURVE_S1.);
#8699 = LINE('',#8700,#8701);
#8700 = CARTESIAN_POINT('',(-84.25,19.75,40.51));
#8701 = VECTOR('',#8702,1.);
#8702 = DIRECTION('',(0.127555550137,0.127555550137,-0.983595019944));
#8703 = PCURVE('',#2442,#8704);
#8704 = DEFINITIONAL_REPRESENTATION('',(#8705),#8708);
#8705 = B_SPLINE_CURVE_WITH_KNOTS('',1,(#8706,#8707),.UNSPECIFIED.,.F.,
  .F.,(2,2),(0.,35.288913929208),.PIECEWISE_BEZIER_KNOTS.);
#8706 = CARTESIAN_POINT('',(0.,0.));
#8707 = CARTESIAN_POINT('',(35.000653896056,4.501296829971));
#8708 = ( GEOMETRIC_REPRESENTATION_CONTEXT(2) 
PARAMETRIC_REPRESENTATION_CONTEXT() REPRESENTATION_CONTEXT('2D SPACE',''
  ) );
#8709 = PCURVE('',#2468,#8710);
#8710 = DEFINITIONAL_REPRESENTATION('',(#8711),#8714);
#8711 = B_SPLINE_CURVE_WITH_KNOTS('',1,(#8712,#8713),.UNSPECIFIED.,.F.,
  .F.,(2,2),(0.,35.288913929208),.PIECEWISE_BEZIER_KNOTS.);
#8712 = CARTESIAN_POINT('',(0.,26.5));
#8713 = CARTESIAN_POINT('',(35.000653896056,21.998703170029));
#8714 = ( GEOMETRIC_REPRESENTATION_CONTEXT(2) 
PARAMETRIC_REPRESENTATION_CONTEXT() REPRESENTATION_CONTEXT('2D SPACE',''
  ) );
#8715 = ORIENTED_EDGE('',*,*,#8716,.T.);
#8716 = EDGE_CURVE('',#8696,#8717,#8719,.T.);
#8717 = VERTEX_POINT('',#8718);
#8718 = CARTESIAN_POINT('',(-60.25129682997,24.251296829971,5.8));
#8719 = SURFACE_CURVE('',#8720,(#8724,#8731),.PCURVE_S1.);
#8720 = LINE('',#8721,#8722);
#8721 = CARTESIAN_POINT('',(-84.25,24.251296829971,5.8));
#8722 = VECTOR('',#8723,1.);
#8723 = DIRECTION('',(1.,0.,0.));
#8724 = PCURVE('',#2442,#8725);
#8725 = DEFINITIONAL_REPRESENTATION('',(#8726),#8730);
#8726 = LINE('',#8727,#8728);
#8727 = CARTESIAN_POINT('',(35.000653896056,0.));
#8728 = VECTOR('',#8729,1.);
#8729 = DIRECTION('',(0.,1.));
#8730 = ( GEOMETRIC_REPRESENTATION_CONTEXT(2) 
PARAMETRIC_REPRESENTATION_CONTEXT() REPRESENTATION_CONTEXT('2D SPACE',''
  ) );
#8731 = PCURVE('',#8732,#8737);
#8732 = PLANE('',#8733);
#8733 = AXIS2_PLACEMENT_3D('',#8734,#8735,#8736);
#8734 = CARTESIAN_POINT('',(-70.,33.,5.8));
#8735 = DIRECTION('',(0.,0.,1.));
#8736 = DIRECTION('',(1.,0.,0.));
#8737 = DEFINITIONAL_REPRESENTATION('',(#8738),#8742);
#8738 = LINE('',#8739,#8740);
#8739 = CARTESIAN_POINT('',(-14.25,-8.748703170029));
#8740 = VECTOR('',#8741,1.);
#8741 = DIRECTION('',(1.,0.));
#8742 = ( GEOMETRIC_REPRESENTATION_CONTEXT(2) 
PARAMETRIC_REPRESENTATION_CONTEXT() REPRESENTATION_CONTEXT('2D SPACE',''
  ) );
#8743 = ORIENTED_EDGE('',*,*,#8744,.F.);
#8744 = EDGE_CURVE('',#2428,#8717,#8745,.T.);
#8745 = SURFACE_CURVE('',#8746,(#8750,#8756),.PCURVE_S1.);
#8746 = LINE('',#8747,#8748);
#8747 = CARTESIAN_POINT('',(-55.75,19.75,40.51));
#8748 = VECTOR('',#8749,1.);
#8749 = DIRECTION('',(-0.127555550137,0.127555550137,-0.983595019944));
#8750 = PCURVE('',#2442,#8751);
#8751 = DEFINITIONAL_REPRESENTATION('',(#8752),#8755);
#8752 = B_SPLINE_CURVE_WITH_KNOTS('',1,(#8753,#8754),.UNSPECIFIED.,.F.,
  .F.,(2,2),(0.,35.288913929208),.PIECEWISE_BEZIER_KNOTS.);
#8753 = CARTESIAN_POINT('',(0.,28.5));
#8754 = CARTESIAN_POINT('',(35.000653896056,23.998703170029));
#8755 = ( GEOMETRIC_REPRESENTATION_CONTEXT(2) 
PARAMETRIC_REPRESENTATION_CONTEXT() REPRESENTATION_CONTEXT('2D SPACE',''
  ) );
#8756 = PCURVE('',#2518,#8757);
#8757 = DEFINITIONAL_REPRESENTATION('',(#8758),#8761);
#8758 = B_SPLINE_CURVE_WITH_KNOTS('',1,(#8759,#8760),.UNSPECIFIED.,.F.,
  .F.,(2,2),(0.,35.288913929208),.PIECEWISE_BEZIER_KNOTS.);
#8759 = CARTESIAN_POINT('',(0.,0.));
#8760 = CARTESIAN_POINT('',(35.000653896056,4.501296829971));
#8761 = ( GEOMETRIC_REPRESENTATION_CONTEXT(2) 
PARAMETRIC_REPRESENTATION_CONTEXT() REPRESENTATION_CONTEXT('2D SPACE',''
  ) );
#8762 = ADVANCED_FACE('',(#8763),#2468,.F.);
#8763 = FACE_BOUND('',#8764,.F.);
#8764 = EDGE_LOOP('',(#8765,#8766,#8787,#8808));
#8765 = ORIENTED_EDGE('',*,*,#2453,.F.);
#8766 = ORIENTED_EDGE('',*,*,#8767,.T.);
#8767 = EDGE_CURVE('',#2454,#8768,#8770,.T.);
#8768 = VERTEX_POINT('',#8769);
#8769 = CARTESIAN_POINT('',(-79.74870317002,41.748703170029,5.8));
#8770 = SURFACE_CURVE('',#8771,(#8775,#8781),.PCURVE_S1.);
#8771 = LINE('',#8772,#8773);
#8772 = CARTESIAN_POINT('',(-84.25,46.25,40.51));
#8773 = VECTOR('',#8774,1.);
#8774 = DIRECTION('',(0.127555550137,-0.127555550137,-0.983595019944));
#8775 = PCURVE('',#2468,#8776);
#8776 = DEFINITIONAL_REPRESENTATION('',(#8777),#8780);
#8777 = B_SPLINE_CURVE_WITH_KNOTS('',1,(#8778,#8779),.UNSPECIFIED.,.F.,
  .F.,(2,2),(0.,35.288913929208),.PIECEWISE_BEZIER_KNOTS.);
#8778 = CARTESIAN_POINT('',(0.,0.));
#8779 = CARTESIAN_POINT('',(35.000653896056,4.501296829971));
#8780 = ( GEOMETRIC_REPRESENTATION_CONTEXT(2) 
PARAMETRIC_REPRESENTATION_CONTEXT() REPRESENTATION_CONTEXT('2D SPACE',''
  ) );
#8781 = PCURVE('',#2494,#8782);
#8782 = DEFINITIONAL_REPRESENTATION('',(#8783),#8786);
#8783 = B_SPLINE_CURVE_WITH_KNOTS('',1,(#8784,#8785),.UNSPECIFIED.,.F.,
  .F.,(2,2),(0.,35.288913929208),.PIECEWISE_BEZIER_KNOTS.);
#8784 = CARTESIAN_POINT('',(0.,28.5));
#8785 = CARTESIAN_POINT('',(35.000653896056,23.998703170029));
#8786 = ( GEOMETRIC_REPRESENTATION_CONTEXT(2) 
PARAMETRIC_REPRESENTATION_CONTEXT() REPRESENTATION_CONTEXT('2D SPACE',''
  ) );
#8787 = ORIENTED_EDGE('',*,*,#8788,.T.);
#8788 = EDGE_CURVE('',#8768,#8696,#8789,.T.);
#8789 = SURFACE_CURVE('',#8790,(#8794,#8801),.PCURVE_S1.);
#8790 = LINE('',#8791,#8792);
#8791 = CARTESIAN_POINT('',(-79.74870317002,46.25,5.8));
#8792 = VECTOR('',#8793,1.);
#8793 = DIRECTION('',(0.,-1.,0.));
#8794 = PCURVE('',#2468,#8795);
#8795 = DEFINITIONAL_REPRESENTATION('',(#8796),#8800);
#8796 = LINE('',#8797,#8798);
#8797 = CARTESIAN_POINT('',(35.000653896056,0.));
#8798 = VECTOR('',#8799,1.);
#8799 = DIRECTION('',(0.,1.));
#8800 = ( GEOMETRIC_REPRESENTATION_CONTEXT(2) 
PARAMETRIC_REPRESENTATION_CONTEXT() REPRESENTATION_CONTEXT('2D SPACE',''
  ) );
#8801 = PCURVE('',#8732,#8802);
#8802 = DEFINITIONAL_REPRESENTATION('',(#8803),#8807);
#8803 = LINE('',#8804,#8805);
#8804 = CARTESIAN_POINT('',(-9.748703170029,13.25));
#8805 = VECTOR('',#8806,1.);
#8806 = DIRECTION('',(0.,-1.));
#8807 = ( GEOMETRIC_REPRESENTATION_CONTEXT(2) 
PARAMETRIC_REPRESENTATION_CONTEXT() REPRESENTATION_CONTEXT('2D SPACE',''
  ) );
#8808 = ORIENTED_EDGE('',*,*,#8695,.F.);
#8809 = ADVANCED_FACE('',(#8810),#2518,.F.);
#8810 = FACE_BOUND('',#8811,.F.);
#8811 = EDGE_LOOP('',(#8812,#8813,#8814,#8837));
#8812 = ORIENTED_EDGE('',*,*,#2505,.F.);
#8813 = ORIENTED_EDGE('',*,*,#8744,.T.);
#8814 = ORIENTED_EDGE('',*,*,#8815,.T.);
#8815 = EDGE_CURVE('',#8717,#8816,#8818,.T.);
#8816 = VERTEX_POINT('',#8817);
#8817 = CARTESIAN_POINT('',(-60.25129682997,41.748703170029,5.8));
#8818 = SURFACE_CURVE('',#8819,(#8823,#8830),.PCURVE_S1.);
#8819 = LINE('',#8820,#8821);
#8820 = CARTESIAN_POINT('',(-60.25129682997,19.75,5.8));
#8821 = VECTOR('',#8822,1.);
#8822 = DIRECTION('',(0.,1.,0.));
#8823 = PCURVE('',#2518,#8824);
#8824 = DEFINITIONAL_REPRESENTATION('',(#8825),#8829);
#8825 = LINE('',#8826,#8827);
#8826 = CARTESIAN_POINT('',(35.000653896056,0.));
#8827 = VECTOR('',#8828,1.);
#8828 = DIRECTION('',(0.,1.));
#8829 = ( GEOMETRIC_REPRESENTATION_CONTEXT(2) 
PARAMETRIC_REPRESENTATION_CONTEXT() REPRESENTATION_CONTEXT('2D SPACE',''
  ) );
#8830 = PCURVE('',#8732,#8831);
#8831 = DEFINITIONAL_REPRESENTATION('',(#8832),#8836);
#8832 = LINE('',#8833,#8834);
#8833 = CARTESIAN_POINT('',(9.748703170029,-13.25));
#8834 = VECTOR('',#8835,1.);
#8835 = DIRECTION('',(0.,1.));
#8836 = ( GEOMETRIC_REPRESENTATION_CONTEXT(2) 
PARAMETRIC_REPRESENTATION_CONTEXT() REPRESENTATION_CONTEXT('2D SPACE',''
  ) );
#8837 = ORIENTED_EDGE('',*,*,#8838,.F.);
#8838 = EDGE_CURVE('',#2480,#8816,#8839,.T.);
#8839 = SURFACE_CURVE('',#8840,(#8844,#8850),.PCURVE_S1.);
#8840 = LINE('',#8841,#8842);
#8841 = CARTESIAN_POINT('',(-55.75,46.25,40.51));
#8842 = VECTOR('',#8843,1.);
#8843 = DIRECTION('',(-0.127555550137,-0.127555550137,-0.983595019944));
#8844 = PCURVE('',#2518,#8845);
#8845 = DEFINITIONAL_REPRESENTATION('',(#8846),#8849);
#8846 = B_SPLINE_CURVE_WITH_KNOTS('',1,(#8847,#8848),.UNSPECIFIED.,.F.,
  .F.,(2,2),(-0.,35.288913929208),.PIECEWISE_BEZIER_KNOTS.);
#8847 = CARTESIAN_POINT('',(0.,26.5));
#8848 = CARTESIAN_POINT('',(35.000653896056,21.998703170029));
#8849 = ( GEOMETRIC_REPRESENTATION_CONTEXT(2) 
PARAMETRIC_REPRESENTATION_CONTEXT() REPRESENTATION_CONTEXT('2D SPACE',''
  ) );
#8850 = PCURVE('',#2494,#8851);
#8851 = DEFINITIONAL_REPRESENTATION('',(#8852),#8855);
#8852 = B_SPLINE_CURVE_WITH_KNOTS('',1,(#8853,#8854),.UNSPECIFIED.,.F.,
  .F.,(2,2),(-0.,35.288913929208),.PIECEWISE_BEZIER_KNOTS.);
#8853 = CARTESIAN_POINT('',(0.,0.));
#8854 = CARTESIAN_POINT('',(35.000653896056,4.501296829971));
#8855 = ( GEOMETRIC_REPRESENTATION_CONTEXT(2) 
PARAMETRIC_REPRESENTATION_CONTEXT() REPRESENTATION_CONTEXT('2D SPACE',''
  ) );
#8856 = ADVANCED_FACE('',(#8857),#2494,.F.);
#8857 = FACE_BOUND('',#8858,.F.);
#8858 = EDGE_LOOP('',(#8859,#8860,#8861,#8862));
#8859 = ORIENTED_EDGE('',*,*,#8767,.F.);
#8860 = ORIENTED_EDGE('',*,*,#2479,.F.);
#8861 = ORIENTED_EDGE('',*,*,#8838,.T.);
#8862 = ORIENTED_EDGE('',*,*,#8863,.T.);
#8863 = EDGE_CURVE('',#8816,#8768,#8864,.T.);
#8864 = SURFACE_CURVE('',#8865,(#8869,#8876),.PCURVE_S1.);
#8865 = LINE('',#8866,#8867);
#8866 = CARTESIAN_POINT('',(-55.75,41.748703170029,5.8));
#8867 = VECTOR('',#8868,1.);
#8868 = DIRECTION('',(-1.,0.,0.));
#8869 = PCURVE('',#2494,#8870);
#8870 = DEFINITIONAL_REPRESENTATION('',(#8871),#8875);
#8871 = LINE('',#8872,#8873);
#8872 = CARTESIAN_POINT('',(35.000653896056,0.));
#8873 = VECTOR('',#8874,1.);
#8874 = DIRECTION('',(-0.,1.));
#8875 = ( GEOMETRIC_REPRESENTATION_CONTEXT(2) 
PARAMETRIC_REPRESENTATION_CONTEXT() REPRESENTATION_CONTEXT('2D SPACE',''
  ) );
#8876 = PCURVE('',#8732,#8877);
#8877 = DEFINITIONAL_REPRESENTATION('',(#8878),#8882);
#8878 = LINE('',#8879,#8880);
#8879 = CARTESIAN_POINT('',(14.25,8.748703170029));
#8880 = VECTOR('',#8881,1.);
#8881 = DIRECTION('',(-1.,0.));
#8882 = ( GEOMETRIC_REPRESENTATION_CONTEXT(2) 
PARAMETRIC_REPRESENTATION_CONTEXT() REPRESENTATION_CONTEXT('2D SPACE',''
  ) );
#8883 = ADVANCED_FACE('',(#8884),#2548,.F.);
#8884 = FACE_BOUND('',#8885,.F.);
#8885 = EDGE_LOOP('',(#8886,#8887,#8908,#8936));
#8886 = ORIENTED_EDGE('',*,*,#2531,.F.);
#8887 = ORIENTED_EDGE('',*,*,#8888,.T.);
#8888 = EDGE_CURVE('',#2532,#8889,#8891,.T.);
#8889 = VERTEX_POINT('',#8890);
#8890 = CARTESIAN_POINT('',(-44.74870317002,-8.748703170029,5.8));
#8891 = SURFACE_CURVE('',#8892,(#8896,#8902),.PCURVE_S1.);
#8892 = LINE('',#8893,#8894);
#8893 = CARTESIAN_POINT('',(-49.25,-13.25,40.51));
#8894 = VECTOR('',#8895,1.);
#8895 = DIRECTION('',(0.127555550137,0.127555550137,-0.983595019944));
#8896 = PCURVE('',#2548,#8897);
#8897 = DEFINITIONAL_REPRESENTATION('',(#8898),#8901);
#8898 = B_SPLINE_CURVE_WITH_KNOTS('',1,(#8899,#8900),.UNSPECIFIED.,.F.,
  .F.,(2,2),(0.,35.288913929208),.PIECEWISE_BEZIER_KNOTS.);
#8899 = CARTESIAN_POINT('',(0.,0.));
#8900 = CARTESIAN_POINT('',(35.000653896056,4.501296829971));
#8901 = ( GEOMETRIC_REPRESENTATION_CONTEXT(2) 
PARAMETRIC_REPRESENTATION_CONTEXT() REPRESENTATION_CONTEXT('2D SPACE',''
  ) );
#8902 = PCURVE('',#2574,#8903);
#8903 = DEFINITIONAL_REPRESENTATION('',(#8904),#8907);
#8904 = B_SPLINE_CURVE_WITH_KNOTS('',1,(#8905,#8906),.UNSPECIFIED.,.F.,
  .F.,(2,2),(0.,35.288913929208),.PIECEWISE_BEZIER_KNOTS.);
#8905 = CARTESIAN_POINT('',(0.,26.5));
#8906 = CARTESIAN_POINT('',(35.000653896056,21.998703170029));
#8907 = ( GEOMETRIC_REPRESENTATION_CONTEXT(2) 
PARAMETRIC_REPRESENTATION_CONTEXT() REPRESENTATION_CONTEXT('2D SPACE',''
  ) );
#8908 = ORIENTED_EDGE('',*,*,#8909,.T.);
#8909 = EDGE_CURVE('',#8889,#8910,#8912,.T.);
#8910 = VERTEX_POINT('',#8911);
#8911 = CARTESIAN_POINT('',(-25.25129682997,-8.748703170029,5.8));
#8912 = SURFACE_CURVE('',#8913,(#8917,#8924),.PCURVE_S1.);
#8913 = LINE('',#8914,#8915);
#8914 = CARTESIAN_POINT('',(-49.25,-8.748703170029,5.8));
#8915 = VECTOR('',#8916,1.);
#8916 = DIRECTION('',(1.,0.,0.));
#8917 = PCURVE('',#2548,#8918);
#8918 = DEFINITIONAL_REPRESENTATION('',(#8919),#8923);
#8919 = LINE('',#8920,#8921);
#8920 = CARTESIAN_POINT('',(35.000653896056,0.));
#8921 = VECTOR('',#8922,1.);
#8922 = DIRECTION('',(0.,1.));
#8923 = ( GEOMETRIC_REPRESENTATION_CONTEXT(2) 
PARAMETRIC_REPRESENTATION_CONTEXT() REPRESENTATION_CONTEXT('2D SPACE',''
  ) );
#8924 = PCURVE('',#8925,#8930);
#8925 = PLANE('',#8926);
#8926 = AXIS2_PLACEMENT_3D('',#8927,#8928,#8929);
#8927 = CARTESIAN_POINT('',(-35.,0.,5.8));
#8928 = DIRECTION('',(0.,0.,1.));
#8929 = DIRECTION('',(1.,0.,0.));
#8930 = DEFINITIONAL_REPRESENTATION('',(#8931),#8935);
#8931 = LINE('',#8932,#8933);
#8932 = CARTESIAN_POINT('',(-14.25,-8.748703170029));
#8933 = VECTOR('',#8934,1.);
#8934 = DIRECTION('',(1.,0.));
#8935 = ( GEOMETRIC_REPRESENTATION_CONTEXT(2) 
PARAMETRIC_REPRESENTATION_CONTEXT() REPRESENTATION_CONTEXT('2D SPACE',''
  ) );
#8936 = ORIENTED_EDGE('',*,*,#8937,.F.);
#8937 = EDGE_CURVE('',#2534,#8910,#8938,.T.);
#8938 = SURFACE_CURVE('',#8939,(#8943,#8949),.PCURVE_S1.);
#8939 = LINE('',#8940,#8941);
#8940 = CARTESIAN_POINT('',(-20.75,-13.25,40.51));
#8941 = VECTOR('',#8942,1.);
#8942 = DIRECTION('',(-0.127555550137,0.127555550137,-0.983595019944));
#8943 = PCURVE('',#2548,#8944);
#8944 = DEFINITIONAL_REPRESENTATION('',(#8945),#8948);
#8945 = B_SPLINE_CURVE_WITH_KNOTS('',1,(#8946,#8947),.UNSPECIFIED.,.F.,
  .F.,(2,2),(0.,35.288913929208),.PIECEWISE_BEZIER_KNOTS.);
#8946 = CARTESIAN_POINT('',(0.,28.5));
#8947 = CARTESIAN_POINT('',(35.000653896056,23.998703170029));
#8948 = ( GEOMETRIC_REPRESENTATION_CONTEXT(2) 
PARAMETRIC_REPRESENTATION_CONTEXT() REPRESENTATION_CONTEXT('2D SPACE',''
  ) );
#8949 = PCURVE('',#2624,#8950);
#8950 = DEFINITIONAL_REPRESENTATION('',(#8951),#8954);
#8951 = B_SPLINE_CURVE_WITH_KNOTS('',1,(#8952,#8953),.UNSPECIFIED.,.F.,
  .F.,(2,2),(0.,35.288913929208),.PIECEWISE_BEZIER_KNOTS.);
#8952 = CARTESIAN_POINT('',(0.,0.));
#8953 = CARTESIAN_POINT('',(35.000653896056,4.501296829971));
#8954 = ( GEOMETRIC_REPRESENTATION_CONTEXT(2) 
PARAMETRIC_REPRESENTATION_CONTEXT() REPRESENTATION_CONTEXT('2D SPACE',''
  ) );
#8955 = ADVANCED_FACE('',(#8956),#2574,.F.);
#8956 = FACE_BOUND('',#8957,.F.);
#8957 = EDGE_LOOP('',(#8958,#8959,#8980,#9001));
#8958 = ORIENTED_EDGE('',*,*,#2559,.F.);
#8959 = ORIENTED_EDGE('',*,*,#8960,.T.);
#8960 = EDGE_CURVE('',#2560,#8961,#8963,.T.);
#8961 = VERTEX_POINT('',#8962);
#8962 = CARTESIAN_POINT('',(-44.74870317002,8.748703170029,5.8));
#8963 = SURFACE_CURVE('',#8964,(#8968,#8974),.PCURVE_S1.);
#8964 = LINE('',#8965,#8966);
#8965 = CARTESIAN_POINT('',(-49.25,13.25,40.51));
#8966 = VECTOR('',#8967,1.);
#8967 = DIRECTION('',(0.127555550137,-0.127555550137,-0.983595019944));
#8968 = PCURVE('',#2574,#8969);
#8969 = DEFINITIONAL_REPRESENTATION('',(#8970),#8973);
#8970 = B_SPLINE_CURVE_WITH_KNOTS('',1,(#8971,#8972),.UNSPECIFIED.,.F.,
  .F.,(2,2),(0.,35.288913929208),.PIECEWISE_BEZIER_KNOTS.);
#8971 = CARTESIAN_POINT('',(0.,0.));
#8972 = CARTESIAN_POINT('',(35.000653896056,4.501296829971));
#8973 = ( GEOMETRIC_REPRESENTATION_CONTEXT(2) 
PARAMETRIC_REPRESENTATION_CONTEXT() REPRESENTATION_CONTEXT('2D SPACE',''
  ) );
#8974 = PCURVE('',#2600,#8975);
#8975 = DEFINITIONAL_REPRESENTATION('',(#8976),#8979);
#8976 = B_SPLINE_CURVE_WITH_KNOTS('',1,(#8977,#8978),.UNSPECIFIED.,.F.,
  .F.,(2,2),(0.,35.288913929208),.PIECEWISE_BEZIER_KNOTS.);
#8977 = CARTESIAN_POINT('',(0.,28.5));
#8978 = CARTESIAN_POINT('',(35.000653896056,23.998703170029));
#8979 = ( GEOMETRIC_REPRESENTATION_CONTEXT(2) 
PARAMETRIC_REPRESENTATION_CONTEXT() REPRESENTATION_CONTEXT('2D SPACE',''
  ) );
#8980 = ORIENTED_EDGE('',*,*,#8981,.T.);
#8981 = EDGE_CURVE('',#8961,#8889,#8982,.T.);
#8982 = SURFACE_CURVE('',#8983,(#8987,#8994),.PCURVE_S1.);
#8983 = LINE('',#8984,#8985);
#8984 = CARTESIAN_POINT('',(-44.74870317002,13.25,5.8));
#8985 = VECTOR('',#8986,1.);
#8986 = DIRECTION('',(0.,-1.,0.));
#8987 = PCURVE('',#2574,#8988);
#8988 = DEFINITIONAL_REPRESENTATION('',(#8989),#8993);
#8989 = LINE('',#8990,#8991);
#8990 = CARTESIAN_POINT('',(35.000653896056,0.));
#8991 = VECTOR('',#8992,1.);
#8992 = DIRECTION('',(0.,1.));
#8993 = ( GEOMETRIC_REPRESENTATION_CONTEXT(2) 
PARAMETRIC_REPRESENTATION_CONTEXT() REPRESENTATION_CONTEXT('2D SPACE',''
  ) );
#8994 = PCURVE('',#8925,#8995);
#8995 = DEFINITIONAL_REPRESENTATION('',(#8996),#9000);
#8996 = LINE('',#8997,#8998);
#8997 = CARTESIAN_POINT('',(-9.748703170029,13.25));
#8998 = VECTOR('',#8999,1.);
#8999 = DIRECTION('',(0.,-1.));
#9000 = ( GEOMETRIC_REPRESENTATION_CONTEXT(2) 
PARAMETRIC_REPRESENTATION_CONTEXT() REPRESENTATION_CONTEXT('2D SPACE',''
  ) );
#9001 = ORIENTED_EDGE('',*,*,#8888,.F.);
#9002 = ADVANCED_FACE('',(#9003),#2624,.F.);
#9003 = FACE_BOUND('',#9004,.F.);
#9004 = EDGE_LOOP('',(#9005,#9006,#9007,#9030));
#9005 = ORIENTED_EDGE('',*,*,#2611,.F.);
#9006 = ORIENTED_EDGE('',*,*,#8937,.T.);
#9007 = ORIENTED_EDGE('',*,*,#9008,.T.);
#9008 = EDGE_CURVE('',#8910,#9009,#9011,.T.);
#9009 = VERTEX_POINT('',#9010);
#9010 = CARTESIAN_POINT('',(-25.25129682997,8.748703170029,5.8));
#9011 = SURFACE_CURVE('',#9012,(#9016,#9023),.PCURVE_S1.);
#9012 = LINE('',#9013,#9014);
#9013 = CARTESIAN_POINT('',(-25.25129682997,-13.25,5.8));
#9014 = VECTOR('',#9015,1.);
#9015 = DIRECTION('',(0.,1.,0.));
#9016 = PCURVE('',#2624,#9017);
#9017 = DEFINITIONAL_REPRESENTATION('',(#9018),#9022);
#9018 = LINE('',#9019,#9020);
#9019 = CARTESIAN_POINT('',(35.000653896056,0.));
#9020 = VECTOR('',#9021,1.);
#9021 = DIRECTION('',(0.,1.));
#9022 = ( GEOMETRIC_REPRESENTATION_CONTEXT(2) 
PARAMETRIC_REPRESENTATION_CONTEXT() REPRESENTATION_CONTEXT('2D SPACE',''
  ) );
#9023 = PCURVE('',#8925,#9024);
#9024 = DEFINITIONAL_REPRESENTATION('',(#9025),#9029);
#9025 = LINE('',#9026,#9027);
#9026 = CARTESIAN_POINT('',(9.748703170029,-13.25));
#9027 = VECTOR('',#9028,1.);
#9028 = DIRECTION('',(0.,1.));
#9029 = ( GEOMETRIC_REPRESENTATION_CONTEXT(2) 
PARAMETRIC_REPRESENTATION_CONTEXT() REPRESENTATION_CONTEXT('2D SPACE',''
  ) );
#9030 = ORIENTED_EDGE('',*,*,#9031,.F.);
#9031 = EDGE_CURVE('',#2586,#9009,#9032,.T.);
#9032 = SURFACE_CURVE('',#9033,(#9037,#9043),.PCURVE_S1.);
#9033 = LINE('',#9034,#9035);
#9034 = CARTESIAN_POINT('',(-20.75,13.25,40.51));
#9035 = VECTOR('',#9036,1.);
#9036 = DIRECTION('',(-0.127555550137,-0.127555550137,-0.983595019944));
#9037 = PCURVE('',#2624,#9038);
#9038 = DEFINITIONAL_REPRESENTATION('',(#9039),#9042);
#9039 = B_SPLINE_CURVE_WITH_KNOTS('',1,(#9040,#9041),.UNSPECIFIED.,.F.,
  .F.,(2,2),(-0.,35.288913929208),.PIECEWISE_BEZIER_KNOTS.);
#9040 = CARTESIAN_POINT('',(0.,26.5));
#9041 = CARTESIAN_POINT('',(35.000653896056,21.998703170029));
#9042 = ( GEOMETRIC_REPRESENTATION_CONTEXT(2) 
PARAMETRIC_REPRESENTATION_CONTEXT() REPRESENTATION_CONTEXT('2D SPACE',''
  ) );
#9043 = PCURVE('',#2600,#9044);
#9044 = DEFINITIONAL_REPRESENTATION('',(#9045),#9048);
#9045 = B_SPLINE_CURVE_WITH_KNOTS('',1,(#9046,#9047),.UNSPECIFIED.,.F.,
  .F.,(2,2),(-0.,35.288913929208),.PIECEWISE_BEZIER_KNOTS.);
#9046 = CARTESIAN_POINT('',(0.,0.));
#9047 = CARTESIAN_POINT('',(35.000653896056,4.501296829971));
#9048 = ( GEOMETRIC_REPRESENTATION_CONTEXT(2) 
PARAMETRIC_REPRESENTATION_CONTEXT() REPRESENTATION_CONTEXT('2D SPACE',''
  ) );
#9049 = ADVANCED_FACE('',(#9050),#2600,.F.);
#9050 = FACE_BOUND('',#9051,.F.);
#9051 = EDGE_LOOP('',(#9052,#9053,#9054,#9055));
#9052 = ORIENTED_EDGE('',*,*,#8960,.F.);
#9053 = ORIENTED_EDGE('',*,*,#2585,.F.);
#9054 = ORIENTED_EDGE('',*,*,#9031,.T.);
#9055 = ORIENTED_EDGE('',*,*,#9056,.T.);
#9056 = EDGE_CURVE('',#9009,#8961,#9057,.T.);
#9057 = SURFACE_CURVE('',#9058,(#9062,#9069),.PCURVE_S1.);
#9058 = LINE('',#9059,#9060);
#9059 = CARTESIAN_POINT('',(-20.75,8.748703170029,5.8));
#9060 = VECTOR('',#9061,1.);
#9061 = DIRECTION('',(-1.,0.,0.));
#9062 = PCURVE('',#2600,#9063);
#9063 = DEFINITIONAL_REPRESENTATION('',(#9064),#9068);
#9064 = LINE('',#9065,#9066);
#9065 = CARTESIAN_POINT('',(35.000653896056,0.));
#9066 = VECTOR('',#9067,1.);
#9067 = DIRECTION('',(-0.,1.));
#9068 = ( GEOMETRIC_REPRESENTATION_CONTEXT(2) 
PARAMETRIC_REPRESENTATION_CONTEXT() REPRESENTATION_CONTEXT('2D SPACE',''
  ) );
#9069 = PCURVE('',#8925,#9070);
#9070 = DEFINITIONAL_REPRESENTATION('',(#9071),#9075);
#9071 = LINE('',#9072,#9073);
#9072 = CARTESIAN_POINT('',(14.25,8.748703170029));
#9073 = VECTOR('',#9074,1.);
#9074 = DIRECTION('',(-1.,0.));
#9075 = ( GEOMETRIC_REPRESENTATION_CONTEXT(2) 
PARAMETRIC_REPRESENTATION_CONTEXT() REPRESENTATION_CONTEXT('2D SPACE',''
  ) );
#9076 = ADVANCED_FACE('',(#9077),#2654,.F.);
#9077 = FACE_BOUND('',#9078,.F.);
#9078 = EDGE_LOOP('',(#9079,#9080,#9101,#9129));
#9079 = ORIENTED_EDGE('',*,*,#2637,.F.);
#9080 = ORIENTED_EDGE('',*,*,#9081,.T.);
#9081 = EDGE_CURVE('',#2638,#9082,#9084,.T.);
#9082 = VERTEX_POINT('',#9083);
#9083 = CARTESIAN_POINT('',(-44.74870317002,24.251296829971,5.8));
#9084 = SURFACE_CURVE('',#9085,(#9089,#9095),.PCURVE_S1.);
#9085 = LINE('',#9086,#9087);
#9086 = CARTESIAN_POINT('',(-49.25,19.75,40.51));
#9087 = VECTOR('',#9088,1.);
#9088 = DIRECTION('',(0.127555550137,0.127555550137,-0.983595019944));
#9089 = PCURVE('',#2654,#9090);
#9090 = DEFINITIONAL_REPRESENTATION('',(#9091),#9094);
#9091 = B_SPLINE_CURVE_WITH_KNOTS('',1,(#9092,#9093),.UNSPECIFIED.,.F.,
  .F.,(2,2),(0.,35.288913929208),.PIECEWISE_BEZIER_KNOTS.);
#9092 = CARTESIAN_POINT('',(0.,0.));
#9093 = CARTESIAN_POINT('',(35.000653896056,4.501296829971));
#9094 = ( GEOMETRIC_REPRESENTATION_CONTEXT(2) 
PARAMETRIC_REPRESENTATION_CONTEXT() REPRESENTATION_CONTEXT('2D SPACE',''
  ) );
#9095 = PCURVE('',#2680,#9096);
#9096 = DEFINITIONAL_REPRESENTATION('',(#9097),#9100);
#9097 = B_SPLINE_CURVE_WITH_KNOTS('',1,(#9098,#9099),.UNSPECIFIED.,.F.,
  .F.,(2,2),(0.,35.288913929208),.PIECEWISE_BEZIER_KNOTS.);
#9098 = CARTESIAN_POINT('',(0.,26.5));
#9099 = CARTESIAN_POINT('',(35.000653896056,21.998703170029));
#9100 = ( GEOMETRIC_REPRESENTATION_CONTEXT(2) 
PARAMETRIC_REPRESENTATION_CONTEXT() REPRESENTATION_CONTEXT('2D SPACE',''
  ) );
#9101 = ORIENTED_EDGE('',*,*,#9102,.T.);
#9102 = EDGE_CURVE('',#9082,#9103,#9105,.T.);
#9103 = VERTEX_POINT('',#9104);
#9104 = CARTESIAN_POINT('',(-25.25129682997,24.251296829971,5.8));
#9105 = SURFACE_CURVE('',#9106,(#9110,#9117),.PCURVE_S1.);
#9106 = LINE('',#9107,#9108);
#9107 = CARTESIAN_POINT('',(-49.25,24.251296829971,5.8));
#9108 = VECTOR('',#9109,1.);
#9109 = DIRECTION('',(1.,0.,0.));
#9110 = PCURVE('',#2654,#9111);
#9111 = DEFINITIONAL_REPRESENTATION('',(#9112),#9116);
#9112 = LINE('',#9113,#9114);
#9113 = CARTESIAN_POINT('',(35.000653896056,0.));
#9114 = VECTOR('',#9115,1.);
#9115 = DIRECTION('',(0.,1.));
#9116 = ( GEOMETRIC_REPRESENTATION_CONTEXT(2) 
PARAMETRIC_REPRESENTATION_CONTEXT() REPRESENTATION_CONTEXT('2D SPACE',''
  ) );
#9117 = PCURVE('',#9118,#9123);
#9118 = PLANE('',#9119);
#9119 = AXIS2_PLACEMENT_3D('',#9120,#9121,#9122);
#9120 = CARTESIAN_POINT('',(-35.,33.,5.8));
#9121 = DIRECTION('',(0.,0.,1.));
#9122 = DIRECTION('',(1.,0.,0.));
#9123 = DEFINITIONAL_REPRESENTATION('',(#9124),#9128);
#9124 = LINE('',#9125,#9126);
#9125 = CARTESIAN_POINT('',(-14.25,-8.748703170029));
#9126 = VECTOR('',#9127,1.);
#9127 = DIRECTION('',(1.,0.));
#9128 = ( GEOMETRIC_REPRESENTATION_CONTEXT(2) 
PARAMETRIC_REPRESENTATION_CONTEXT() REPRESENTATION_CONTEXT('2D SPACE',''
  ) );
#9129 = ORIENTED_EDGE('',*,*,#9130,.F.);
#9130 = EDGE_CURVE('',#2640,#9103,#9131,.T.);
#9131 = SURFACE_CURVE('',#9132,(#9136,#9142),.PCURVE_S1.);
#9132 = LINE('',#9133,#9134);
#9133 = CARTESIAN_POINT('',(-20.75,19.75,40.51));
#9134 = VECTOR('',#9135,1.);
#9135 = DIRECTION('',(-0.127555550137,0.127555550137,-0.983595019944));
#9136 = PCURVE('',#2654,#9137);
#9137 = DEFINITIONAL_REPRESENTATION('',(#9138),#9141);
#9138 = B_SPLINE_CURVE_WITH_KNOTS('',1,(#9139,#9140),.UNSPECIFIED.,.F.,
  .F.,(2,2),(0.,35.288913929208),.PIECEWISE_BEZIER_KNOTS.);
#9139 = CARTESIAN_POINT('',(0.,28.5));
#9140 = CARTESIAN_POINT('',(35.000653896056,23.998703170029));
#9141 = ( GEOMETRIC_REPRESENTATION_CONTEXT(2) 
PARAMETRIC_REPRESENTATION_CONTEXT() REPRESENTATION_CONTEXT('2D SPACE',''
  ) );
#9142 = PCURVE('',#2730,#9143);
#9143 = DEFINITIONAL_REPRESENTATION('',(#9144),#9147);
#9144 = B_SPLINE_CURVE_WITH_KNOTS('',1,(#9145,#9146),.UNSPECIFIED.,.F.,
  .F.,(2,2),(0.,35.288913929208),.PIECEWISE_BEZIER_KNOTS.);
#9145 = CARTESIAN_POINT('',(0.,0.));
#9146 = CARTESIAN_POINT('',(35.000653896056,4.501296829971));
#9147 = ( GEOMETRIC_REPRESENTATION_CONTEXT(2) 
PARAMETRIC_REPRESENTATION_CONTEXT() REPRESENTATION_CONTEXT('2D SPACE',''
  ) );
#9148 = ADVANCED_FACE('',(#9149),#2680,.F.);
#9149 = FACE_BOUND('',#9150,.F.);
#9150 = EDGE_LOOP('',(#9151,#9152,#9173,#9194));
#9151 = ORIENTED_EDGE('',*,*,#2665,.F.);
#9152 = ORIENTED_EDGE('',*,*,#9153,.T.);
#9153 = EDGE_CURVE('',#2666,#9154,#9156,.T.);
#9154 = VERTEX_POINT('',#9155);
#9155 = CARTESIAN_POINT('',(-44.74870317002,41.748703170029,5.8));
#9156 = SURFACE_CURVE('',#9157,(#9161,#9167),.PCURVE_S1.);
#9157 = LINE('',#9158,#9159);
#9158 = CARTESIAN_POINT('',(-49.25,46.25,40.51));
#9159 = VECTOR('',#9160,1.);
#9160 = DIRECTION('',(0.127555550137,-0.127555550137,-0.983595019944));
#9161 = PCURVE('',#2680,#9162);
#9162 = DEFINITIONAL_REPRESENTATION('',(#9163),#9166);
#9163 = B_SPLINE_CURVE_WITH_KNOTS('',1,(#9164,#9165),.UNSPECIFIED.,.F.,
  .F.,(2,2),(0.,35.288913929208),.PIECEWISE_BEZIER_KNOTS.);
#9164 = CARTESIAN_POINT('',(0.,0.));
#9165 = CARTESIAN_POINT('',(35.000653896056,4.501296829971));
#9166 = ( GEOMETRIC_REPRESENTATION_CONTEXT(2) 
PARAMETRIC_REPRESENTATION_CONTEXT() REPRESENTATION_CONTEXT('2D SPACE',''
  ) );
#9167 = PCURVE('',#2706,#9168);
#9168 = DEFINITIONAL_REPRESENTATION('',(#9169),#9172);
#9169 = B_SPLINE_CURVE_WITH_KNOTS('',1,(#9170,#9171),.UNSPECIFIED.,.F.,
  .F.,(2,2),(0.,35.288913929208),.PIECEWISE_BEZIER_KNOTS.);
#9170 = CARTESIAN_POINT('',(0.,28.5));
#9171 = CARTESIAN_POINT('',(35.000653896056,23.998703170029));
#9172 = ( GEOMETRIC_REPRESENTATION_CONTEXT(2) 
PARAMETRIC_REPRESENTATION_CONTEXT() REPRESENTATION_CONTEXT('2D SPACE',''
  ) );
#9173 = ORIENTED_EDGE('',*,*,#9174,.T.);
#9174 = EDGE_CURVE('',#9154,#9082,#9175,.T.);
#9175 = SURFACE_CURVE('',#9176,(#9180,#9187),.PCURVE_S1.);
#9176 = LINE('',#9177,#9178);
#9177 = CARTESIAN_POINT('',(-44.74870317002,46.25,5.8));
#9178 = VECTOR('',#9179,1.);
#9179 = DIRECTION('',(0.,-1.,0.));
#9180 = PCURVE('',#2680,#9181);
#9181 = DEFINITIONAL_REPRESENTATION('',(#9182),#9186);
#9182 = LINE('',#9183,#9184);
#9183 = CARTESIAN_POINT('',(35.000653896056,0.));
#9184 = VECTOR('',#9185,1.);
#9185 = DIRECTION('',(0.,1.));
#9186 = ( GEOMETRIC_REPRESENTATION_CONTEXT(2) 
PARAMETRIC_REPRESENTATION_CONTEXT() REPRESENTATION_CONTEXT('2D SPACE',''
  ) );
#9187 = PCURVE('',#9118,#9188);
#9188 = DEFINITIONAL_REPRESENTATION('',(#9189),#9193);
#9189 = LINE('',#9190,#9191);
#9190 = CARTESIAN_POINT('',(-9.748703170029,13.25));
#9191 = VECTOR('',#9192,1.);
#9192 = DIRECTION('',(0.,-1.));
#9193 = ( GEOMETRIC_REPRESENTATION_CONTEXT(2) 
PARAMETRIC_REPRESENTATION_CONTEXT() REPRESENTATION_CONTEXT('2D SPACE',''
  ) );
#9194 = ORIENTED_EDGE('',*,*,#9081,.F.);
#9195 = ADVANCED_FACE('',(#9196),#2730,.F.);
#9196 = FACE_BOUND('',#9197,.F.);
#9197 = EDGE_LOOP('',(#9198,#9199,#9200,#9223));
#9198 = ORIENTED_EDGE('',*,*,#2717,.F.);
#9199 = ORIENTED_EDGE('',*,*,#9130,.T.);
#9200 = ORIENTED_EDGE('',*,*,#9201,.T.);
#9201 = EDGE_CURVE('',#9103,#9202,#9204,.T.);
#9202 = VERTEX_POINT('',#9203);
#9203 = CARTESIAN_POINT('',(-25.25129682997,41.748703170029,5.8));
#9204 = SURFACE_CURVE('',#9205,(#9209,#9216),.PCURVE_S1.);
#9205 = LINE('',#9206,#9207);
#9206 = CARTESIAN_POINT('',(-25.25129682997,19.75,5.8));
#9207 = VECTOR('',#9208,1.);
#9208 = DIRECTION('',(0.,1.,0.));
#9209 = PCURVE('',#2730,#9210);
#9210 = DEFINITIONAL_REPRESENTATION('',(#9211),#9215);
#9211 = LINE('',#9212,#9213);
#9212 = CARTESIAN_POINT('',(35.000653896056,0.));
#9213 = VECTOR('',#9214,1.);
#9214 = DIRECTION('',(0.,1.));
#9215 = ( GEOMETRIC_REPRESENTATION_CONTEXT(2) 
PARAMETRIC_REPRESENTATION_CONTEXT() REPRESENTATION_CONTEXT('2D SPACE',''
  ) );
#9216 = PCURVE('',#9118,#9217);
#9217 = DEFINITIONAL_REPRESENTATION('',(#9218),#9222);
#9218 = LINE('',#9219,#9220);
#9219 = CARTESIAN_POINT('',(9.748703170029,-13.25));
#9220 = VECTOR('',#9221,1.);
#9221 = DIRECTION('',(0.,1.));
#9222 = ( GEOMETRIC_REPRESENTATION_CONTEXT(2) 
PARAMETRIC_REPRESENTATION_CONTEXT() REPRESENTATION_CONTEXT('2D SPACE',''
  ) );
#9223 = ORIENTED_EDGE('',*,*,#9224,.F.);
#9224 = EDGE_CURVE('',#2692,#9202,#9225,.T.);
#9225 = SURFACE_CURVE('',#9226,(#9230,#9236),.PCURVE_S1.);
#9226 = LINE('',#9227,#9228);
#9227 = CARTESIAN_POINT('',(-20.75,46.25,40.51));
#9228 = VECTOR('',#9229,1.);
#9229 = DIRECTION('',(-0.127555550137,-0.127555550137,-0.983595019944));
#9230 = PCURVE('',#2730,#9231);
#9231 = DEFINITIONAL_REPRESENTATION('',(#9232),#9235);
#9232 = B_SPLINE_CURVE_WITH_KNOTS('',1,(#9233,#9234),.UNSPECIFIED.,.F.,
  .F.,(2,2),(-0.,35.288913929208),.PIECEWISE_BEZIER_KNOTS.);
#9233 = CARTESIAN_POINT('',(0.,26.5));
#9234 = CARTESIAN_POINT('',(35.000653896056,21.998703170029));
#9235 = ( GEOMETRIC_REPRESENTATION_CONTEXT(2) 
PARAMETRIC_REPRESENTATION_CONTEXT() REPRESENTATION_CONTEXT('2D SPACE',''
  ) );
#9236 = PCURVE('',#2706,#9237);
#9237 = DEFINITIONAL_REPRESENTATION('',(#9238),#9241);
#9238 = B_SPLINE_CURVE_WITH_KNOTS('',1,(#9239,#9240),.UNSPECIFIED.,.F.,
  .F.,(2,2),(-0.,35.288913929208),.PIECEWISE_BEZIER_KNOTS.);
#9239 = CARTESIAN_POINT('',(0.,0.));
#9240 = CARTESIAN_POINT('',(35.000653896056,4.501296829971));
#9241 = ( GEOMETRIC_REPRESENTATION_CONTEXT(2) 
PARAMETRIC_REPRESENTATION_CONTEXT() REPRESENTATION_CONTEXT('2D SPACE',''
  ) );
#9242 = ADVANCED_FACE('',(#9243),#2706,.F.);
#9243 = FACE_BOUND('',#9244,.F.);
#9244 = EDGE_LOOP('',(#9245,#9246,#9247,#9248));
#9245 = ORIENTED_EDGE('',*,*,#9153,.F.);
#9246 = ORIENTED_EDGE('',*,*,#2691,.F.);
#9247 = ORIENTED_EDGE('',*,*,#9224,.T.);
#9248 = ORIENTED_EDGE('',*,*,#9249,.T.);
#9249 = EDGE_CURVE('',#9202,#9154,#9250,.T.);
#9250 = SURFACE_CURVE('',#9251,(#9255,#9262),.PCURVE_S1.);
#9251 = LINE('',#9252,#9253);
#9252 = CARTESIAN_POINT('',(-20.75,41.748703170029,5.8));
#9253 = VECTOR('',#9254,1.);
#9254 = DIRECTION('',(-1.,0.,0.));
#9255 = PCURVE('',#2706,#9256);
#9256 = DEFINITIONAL_REPRESENTATION('',(#9257),#9261);
#9257 = LINE('',#9258,#9259);
#9258 = CARTESIAN_POINT('',(35.000653896056,0.));
#9259 = VECTOR('',#9260,1.);
#9260 = DIRECTION('',(-0.,1.));
#9261 = ( GEOMETRIC_REPRESENTATION_CONTEXT(2) 
PARAMETRIC_REPRESENTATION_CONTEXT() REPRESENTATION_CONTEXT('2D SPACE',''
  ) );
#9262 = PCURVE('',#9118,#9263);
#9263 = DEFINITIONAL_REPRESENTATION('',(#9264),#9268);
#9264 = LINE('',#9265,#9266);
#9265 = CARTESIAN_POINT('',(14.25,8.748703170029));
#9266 = VECTOR('',#9267,1.);
#9267 = DIRECTION('',(-1.,0.));
#9268 = ( GEOMETRIC_REPRESENTATION_CONTEXT(2) 
PARAMETRIC_REPRESENTATION_CONTEXT() REPRESENTATION_CONTEXT('2D SPACE',''
  ) );
#9269 = ADVANCED_FACE('',(#9270),#2760,.F.);
#9270 = FACE_BOUND('',#9271,.F.);
#9271 = EDGE_LOOP('',(#9272,#9273,#9294,#9322));
#9272 = ORIENTED_EDGE('',*,*,#2743,.F.);
#9273 = ORIENTED_EDGE('',*,*,#9274,.T.);
#9274 = EDGE_CURVE('',#2744,#9275,#9277,.T.);
#9275 = VERTEX_POINT('',#9276);
#9276 = CARTESIAN_POINT('',(-79.74870317002,57.251296829971,5.8));
#9277 = SURFACE_CURVE('',#9278,(#9282,#9288),.PCURVE_S1.);
#9278 = LINE('',#9279,#9280);
#9279 = CARTESIAN_POINT('',(-84.25,52.75,40.51));
#9280 = VECTOR('',#9281,1.);
#9281 = DIRECTION('',(0.127555550137,0.127555550137,-0.983595019944));
#9282 = PCURVE('',#2760,#9283);
#9283 = DEFINITIONAL_REPRESENTATION('',(#9284),#9287);
#9284 = B_SPLINE_CURVE_WITH_KNOTS('',1,(#9285,#9286),.UNSPECIFIED.,.F.,
  .F.,(2,2),(0.,35.288913929208),.PIECEWISE_BEZIER_KNOTS.);
#9285 = CARTESIAN_POINT('',(0.,0.));
#9286 = CARTESIAN_POINT('',(35.000653896056,4.501296829971));
#9287 = ( GEOMETRIC_REPRESENTATION_CONTEXT(2) 
PARAMETRIC_REPRESENTATION_CONTEXT() REPRESENTATION_CONTEXT('2D SPACE',''
  ) );
#9288 = PCURVE('',#2786,#9289);
#9289 = DEFINITIONAL_REPRESENTATION('',(#9290),#9293);
#9290 = B_SPLINE_CURVE_WITH_KNOTS('',1,(#9291,#9292),.UNSPECIFIED.,.F.,
  .F.,(2,2),(0.,35.288913929208),.PIECEWISE_BEZIER_KNOTS.);
#9291 = CARTESIAN_POINT('',(0.,26.5));
#9292 = CARTESIAN_POINT('',(35.000653896056,21.998703170029));
#9293 = ( GEOMETRIC_REPRESENTATION_CONTEXT(2) 
PARAMETRIC_REPRESENTATION_CONTEXT() REPRESENTATION_CONTEXT('2D SPACE',''
  ) );
#9294 = ORIENTED_EDGE('',*,*,#9295,.T.);
#9295 = EDGE_CURVE('',#9275,#9296,#9298,.T.);
#9296 = VERTEX_POINT('',#9297);
#9297 = CARTESIAN_POINT('',(-60.25129682997,57.251296829971,5.8));
#9298 = SURFACE_CURVE('',#9299,(#9303,#9310),.PCURVE_S1.);
#9299 = LINE('',#9300,#9301);
#9300 = CARTESIAN_POINT('',(-84.25,57.251296829971,5.8));
#9301 = VECTOR('',#9302,1.);
#9302 = DIRECTION('',(1.,0.,0.));
#9303 = PCURVE('',#2760,#9304);
#9304 = DEFINITIONAL_REPRESENTATION('',(#9305),#9309);
#9305 = LINE('',#9306,#9307);
#9306 = CARTESIAN_POINT('',(35.000653896056,0.));
#9307 = VECTOR('',#9308,1.);
#9308 = DIRECTION('',(0.,1.));
#9309 = ( GEOMETRIC_REPRESENTATION_CONTEXT(2) 
PARAMETRIC_REPRESENTATION_CONTEXT() REPRESENTATION_CONTEXT('2D SPACE',''
  ) );
#9310 = PCURVE('',#9311,#9316);
#9311 = PLANE('',#9312);
#9312 = AXIS2_PLACEMENT_3D('',#9313,#9314,#9315);
#9313 = CARTESIAN_POINT('',(-70.,66.,5.8));
#9314 = DIRECTION('',(0.,0.,1.));
#9315 = DIRECTION('',(1.,0.,0.));
#9316 = DEFINITIONAL_REPRESENTATION('',(#9317),#9321);
#9317 = LINE('',#9318,#9319);
#9318 = CARTESIAN_POINT('',(-14.25,-8.748703170029));
#9319 = VECTOR('',#9320,1.);
#9320 = DIRECTION('',(1.,0.));
#9321 = ( GEOMETRIC_REPRESENTATION_CONTEXT(2) 
PARAMETRIC_REPRESENTATION_CONTEXT() REPRESENTATION_CONTEXT('2D SPACE',''
  ) );
#9322 = ORIENTED_EDGE('',*,*,#9323,.F.);
#9323 = EDGE_CURVE('',#2746,#9296,#9324,.T.);
#9324 = SURFACE_CURVE('',#9325,(#9329,#9335),.PCURVE_S1.);
#9325 = LINE('',#9326,#9327);
#9326 = CARTESIAN_POINT('',(-55.75,52.75,40.51));
#9327 = VECTOR('',#9328,1.);
#9328 = DIRECTION('',(-0.127555550137,0.127555550137,-0.983595019944));
#9329 = PCURVE('',#2760,#9330);
#9330 = DEFINITIONAL_REPRESENTATION('',(#9331),#9334);
#9331 = B_SPLINE_CURVE_WITH_KNOTS('',1,(#9332,#9333),.UNSPECIFIED.,.F.,
  .F.,(2,2),(0.,35.288913929208),.PIECEWISE_BEZIER_KNOTS.);
#9332 = CARTESIAN_POINT('',(0.,28.5));
#9333 = CARTESIAN_POINT('',(35.000653896056,23.998703170029));
#9334 = ( GEOMETRIC_REPRESENTATION_CONTEXT(2) 
PARAMETRIC_REPRESENTATION_CONTEXT() REPRESENTATION_CONTEXT('2D SPACE',''
  ) );
#9335 = PCURVE('',#2836,#9336);
#9336 = DEFINITIONAL_REPRESENTATION('',(#9337),#9340);
#9337 = B_SPLINE_CURVE_WITH_KNOTS('',1,(#9338,#9339),.UNSPECIFIED.,.F.,
  .F.,(2,2),(0.,35.288913929208),.PIECEWISE_BEZIER_KNOTS.);
#9338 = CARTESIAN_POINT('',(0.,0.));
#9339 = CARTESIAN_POINT('',(35.000653896056,4.501296829971));
#9340 = ( GEOMETRIC_REPRESENTATION_CONTEXT(2) 
PARAMETRIC_REPRESENTATION_CONTEXT() REPRESENTATION_CONTEXT('2D SPACE',''
  ) );
#9341 = ADVANCED_FACE('',(#9342),#2786,.F.);
#9342 = FACE_BOUND('',#9343,.F.);
#9343 = EDGE_LOOP('',(#9344,#9345,#9366,#9387));
#9344 = ORIENTED_EDGE('',*,*,#2771,.F.);
#9345 = ORIENTED_EDGE('',*,*,#9346,.T.);
#9346 = EDGE_CURVE('',#2772,#9347,#9349,.T.);
#9347 = VERTEX_POINT('',#9348);
#9348 = CARTESIAN_POINT('',(-79.74870317002,74.748703170029,5.8));
#9349 = SURFACE_CURVE('',#9350,(#9354,#9360),.PCURVE_S1.);
#9350 = LINE('',#9351,#9352);
#9351 = CARTESIAN_POINT('',(-84.25,79.25,40.51));
#9352 = VECTOR('',#9353,1.);
#9353 = DIRECTION('',(0.127555550137,-0.127555550137,-0.983595019944));
#9354 = PCURVE('',#2786,#9355);
#9355 = DEFINITIONAL_REPRESENTATION('',(#9356),#9359);
#9356 = B_SPLINE_CURVE_WITH_KNOTS('',1,(#9357,#9358),.UNSPECIFIED.,.F.,
  .F.,(2,2),(0.,35.288913929208),.PIECEWISE_BEZIER_KNOTS.);
#9357 = CARTESIAN_POINT('',(0.,0.));
#9358 = CARTESIAN_POINT('',(35.000653896056,4.501296829971));
#9359 = ( GEOMETRIC_REPRESENTATION_CONTEXT(2) 
PARAMETRIC_REPRESENTATION_CONTEXT() REPRESENTATION_CONTEXT('2D SPACE',''
  ) );
#9360 = PCURVE('',#2812,#9361);
#9361 = DEFINITIONAL_REPRESENTATION('',(#9362),#9365);
#9362 = B_SPLINE_CURVE_WITH_KNOTS('',1,(#9363,#9364),.UNSPECIFIED.,.F.,
  .F.,(2,2),(0.,35.288913929208),.PIECEWISE_BEZIER_KNOTS.);
#9363 = CARTESIAN_POINT('',(0.,28.5));
#9364 = CARTESIAN_POINT('',(35.000653896056,23.998703170029));
#9365 = ( GEOMETRIC_REPRESENTATION_CONTEXT(2) 
PARAMETRIC_REPRESENTATION_CONTEXT() REPRESENTATION_CONTEXT('2D SPACE',''
  ) );
#9366 = ORIENTED_EDGE('',*,*,#9367,.T.);
#9367 = EDGE_CURVE('',#9347,#9275,#9368,.T.);
#9368 = SURFACE_CURVE('',#9369,(#9373,#9380),.PCURVE_S1.);
#9369 = LINE('',#9370,#9371);
#9370 = CARTESIAN_POINT('',(-79.74870317002,79.25,5.8));
#9371 = VECTOR('',#9372,1.);
#9372 = DIRECTION('',(0.,-1.,0.));
#9373 = PCURVE('',#2786,#9374);
#9374 = DEFINITIONAL_REPRESENTATION('',(#9375),#9379);
#9375 = LINE('',#9376,#9377);
#9376 = CARTESIAN_POINT('',(35.000653896056,0.));
#9377 = VECTOR('',#9378,1.);
#9378 = DIRECTION('',(0.,1.));
#9379 = ( GEOMETRIC_REPRESENTATION_CONTEXT(2) 
PARAMETRIC_REPRESENTATION_CONTEXT() REPRESENTATION_CONTEXT('2D SPACE',''
  ) );
#9380 = PCURVE('',#9311,#9381);
#9381 = DEFINITIONAL_REPRESENTATION('',(#9382),#9386);
#9382 = LINE('',#9383,#9384);
#9383 = CARTESIAN_POINT('',(-9.748703170029,13.25));
#9384 = VECTOR('',#9385,1.);
#9385 = DIRECTION('',(0.,-1.));
#9386 = ( GEOMETRIC_REPRESENTATION_CONTEXT(2) 
PARAMETRIC_REPRESENTATION_CONTEXT() REPRESENTATION_CONTEXT('2D SPACE',''
  ) );
#9387 = ORIENTED_EDGE('',*,*,#9274,.F.);
#9388 = ADVANCED_FACE('',(#9389),#2836,.F.);
#9389 = FACE_BOUND('',#9390,.F.);
#9390 = EDGE_LOOP('',(#9391,#9392,#9393,#9416));
#9391 = ORIENTED_EDGE('',*,*,#2823,.F.);
#9392 = ORIENTED_EDGE('',*,*,#9323,.T.);
#9393 = ORIENTED_EDGE('',*,*,#9394,.T.);
#9394 = EDGE_CURVE('',#9296,#9395,#9397,.T.);
#9395 = VERTEX_POINT('',#9396);
#9396 = CARTESIAN_POINT('',(-60.25129682997,74.748703170029,5.8));
#9397 = SURFACE_CURVE('',#9398,(#9402,#9409),.PCURVE_S1.);
#9398 = LINE('',#9399,#9400);
#9399 = CARTESIAN_POINT('',(-60.25129682997,52.75,5.8));
#9400 = VECTOR('',#9401,1.);
#9401 = DIRECTION('',(0.,1.,0.));
#9402 = PCURVE('',#2836,#9403);
#9403 = DEFINITIONAL_REPRESENTATION('',(#9404),#9408);
#9404 = LINE('',#9405,#9406);
#9405 = CARTESIAN_POINT('',(35.000653896056,0.));
#9406 = VECTOR('',#9407,1.);
#9407 = DIRECTION('',(0.,1.));
#9408 = ( GEOMETRIC_REPRESENTATION_CONTEXT(2) 
PARAMETRIC_REPRESENTATION_CONTEXT() REPRESENTATION_CONTEXT('2D SPACE',''
  ) );
#9409 = PCURVE('',#9311,#9410);
#9410 = DEFINITIONAL_REPRESENTATION('',(#9411),#9415);
#9411 = LINE('',#9412,#9413);
#9412 = CARTESIAN_POINT('',(9.748703170029,-13.25));
#9413 = VECTOR('',#9414,1.);
#9414 = DIRECTION('',(0.,1.));
#9415 = ( GEOMETRIC_REPRESENTATION_CONTEXT(2) 
PARAMETRIC_REPRESENTATION_CONTEXT() REPRESENTATION_CONTEXT('2D SPACE',''
  ) );
#9416 = ORIENTED_EDGE('',*,*,#9417,.F.);
#9417 = EDGE_CURVE('',#2798,#9395,#9418,.T.);
#9418 = SURFACE_CURVE('',#9419,(#9423,#9429),.PCURVE_S1.);
#9419 = LINE('',#9420,#9421);
#9420 = CARTESIAN_POINT('',(-55.75,79.25,40.51));
#9421 = VECTOR('',#9422,1.);
#9422 = DIRECTION('',(-0.127555550137,-0.127555550137,-0.983595019944));
#9423 = PCURVE('',#2836,#9424);
#9424 = DEFINITIONAL_REPRESENTATION('',(#9425),#9428);
#9425 = B_SPLINE_CURVE_WITH_KNOTS('',1,(#9426,#9427),.UNSPECIFIED.,.F.,
  .F.,(2,2),(-0.,35.288913929208),.PIECEWISE_BEZIER_KNOTS.);
#9426 = CARTESIAN_POINT('',(0.,26.5));
#9427 = CARTESIAN_POINT('',(35.000653896056,21.998703170029));
#9428 = ( GEOMETRIC_REPRESENTATION_CONTEXT(2) 
PARAMETRIC_REPRESENTATION_CONTEXT() REPRESENTATION_CONTEXT('2D SPACE',''
  ) );
#9429 = PCURVE('',#2812,#9430);
#9430 = DEFINITIONAL_REPRESENTATION('',(#9431),#9434);
#9431 = B_SPLINE_CURVE_WITH_KNOTS('',1,(#9432,#9433),.UNSPECIFIED.,.F.,
  .F.,(2,2),(-0.,35.288913929208),.PIECEWISE_BEZIER_KNOTS.);
#9432 = CARTESIAN_POINT('',(0.,0.));
#9433 = CARTESIAN_POINT('',(35.000653896056,4.501296829971));
#9434 = ( GEOMETRIC_REPRESENTATION_CONTEXT(2) 
PARAMETRIC_REPRESENTATION_CONTEXT() REPRESENTATION_CONTEXT('2D SPACE',''
  ) );
#9435 = ADVANCED_FACE('',(#9436),#2812,.F.);
#9436 = FACE_BOUND('',#9437,.F.);
#9437 = EDGE_LOOP('',(#9438,#9439,#9440,#9441));
#9438 = ORIENTED_EDGE('',*,*,#9346,.F.);
#9439 = ORIENTED_EDGE('',*,*,#2797,.F.);
#9440 = ORIENTED_EDGE('',*,*,#9417,.T.);
#9441 = ORIENTED_EDGE('',*,*,#9442,.T.);
#9442 = EDGE_CURVE('',#9395,#9347,#9443,.T.);
#9443 = SURFACE_CURVE('',#9444,(#9448,#9455),.PCURVE_S1.);
#9444 = LINE('',#9445,#9446);
#9445 = CARTESIAN_POINT('',(-55.75,74.748703170029,5.8));
#9446 = VECTOR('',#9447,1.);
#9447 = DIRECTION('',(-1.,0.,0.));
#9448 = PCURVE('',#2812,#9449);
#9449 = DEFINITIONAL_REPRESENTATION('',(#9450),#9454);
#9450 = LINE('',#9451,#9452);
#9451 = CARTESIAN_POINT('',(35.000653896056,0.));
#9452 = VECTOR('',#9453,1.);
#9453 = DIRECTION('',(-0.,1.));
#9454 = ( GEOMETRIC_REPRESENTATION_CONTEXT(2) 
PARAMETRIC_REPRESENTATION_CONTEXT() REPRESENTATION_CONTEXT('2D SPACE',''
  ) );
#9455 = PCURVE('',#9311,#9456);
#9456 = DEFINITIONAL_REPRESENTATION('',(#9457),#9461);
#9457 = LINE('',#9458,#9459);
#9458 = CARTESIAN_POINT('',(14.25,8.748703170029));
#9459 = VECTOR('',#9460,1.);
#9460 = DIRECTION('',(-1.,0.));
#9461 = ( GEOMETRIC_REPRESENTATION_CONTEXT(2) 
PARAMETRIC_REPRESENTATION_CONTEXT() REPRESENTATION_CONTEXT('2D SPACE',''
  ) );
#9462 = ADVANCED_FACE('',(#9463),#2866,.F.);
#9463 = FACE_BOUND('',#9464,.F.);
#9464 = EDGE_LOOP('',(#9465,#9466,#9487,#9515));
#9465 = ORIENTED_EDGE('',*,*,#2849,.F.);
#9466 = ORIENTED_EDGE('',*,*,#9467,.T.);
#9467 = EDGE_CURVE('',#2850,#9468,#9470,.T.);
#9468 = VERTEX_POINT('',#9469);
#9469 = CARTESIAN_POINT('',(-44.74870317002,57.251296829971,5.8));
#9470 = SURFACE_CURVE('',#9471,(#9475,#9481),.PCURVE_S1.);
#9471 = LINE('',#9472,#9473);
#9472 = CARTESIAN_POINT('',(-49.25,52.75,40.51));
#9473 = VECTOR('',#9474,1.);
#9474 = DIRECTION('',(0.127555550137,0.127555550137,-0.983595019944));
#9475 = PCURVE('',#2866,#9476);
#9476 = DEFINITIONAL_REPRESENTATION('',(#9477),#9480);
#9477 = B_SPLINE_CURVE_WITH_KNOTS('',1,(#9478,#9479),.UNSPECIFIED.,.F.,
  .F.,(2,2),(0.,35.288913929208),.PIECEWISE_BEZIER_KNOTS.);
#9478 = CARTESIAN_POINT('',(0.,0.));
#9479 = CARTESIAN_POINT('',(35.000653896056,4.501296829971));
#9480 = ( GEOMETRIC_REPRESENTATION_CONTEXT(2) 
PARAMETRIC_REPRESENTATION_CONTEXT() REPRESENTATION_CONTEXT('2D SPACE',''
  ) );
#9481 = PCURVE('',#2892,#9482);
#9482 = DEFINITIONAL_REPRESENTATION('',(#9483),#9486);
#9483 = B_SPLINE_CURVE_WITH_KNOTS('',1,(#9484,#9485),.UNSPECIFIED.,.F.,
  .F.,(2,2),(0.,35.288913929208),.PIECEWISE_BEZIER_KNOTS.);
#9484 = CARTESIAN_POINT('',(0.,26.5));
#9485 = CARTESIAN_POINT('',(35.000653896056,21.998703170029));
#9486 = ( GEOMETRIC_REPRESENTATION_CONTEXT(2) 
PARAMETRIC_REPRESENTATION_CONTEXT() REPRESENTATION_CONTEXT('2D SPACE',''
  ) );
#9487 = ORIENTED_EDGE('',*,*,#9488,.T.);
#9488 = EDGE_CURVE('',#9468,#9489,#9491,.T.);
#9489 = VERTEX_POINT('',#9490);
#9490 = CARTESIAN_POINT('',(-25.25129682997,57.251296829971,5.8));
#9491 = SURFACE_CURVE('',#9492,(#9496,#9503),.PCURVE_S1.);
#9492 = LINE('',#9493,#9494);
#9493 = CARTESIAN_POINT('',(-49.25,57.251296829971,5.8));
#9494 = VECTOR('',#9495,1.);
#9495 = DIRECTION('',(1.,0.,0.));
#9496 = PCURVE('',#2866,#9497);
#9497 = DEFINITIONAL_REPRESENTATION('',(#9498),#9502);
#9498 = LINE('',#9499,#9500);
#9499 = CARTESIAN_POINT('',(35.000653896056,0.));
#9500 = VECTOR('',#9501,1.);
#9501 = DIRECTION('',(0.,1.));
#9502 = ( GEOMETRIC_REPRESENTATION_CONTEXT(2) 
PARAMETRIC_REPRESENTATION_CONTEXT() REPRESENTATION_CONTEXT('2D SPACE',''
  ) );
#9503 = PCURVE('',#9504,#9509);
#9504 = PLANE('',#9505);
#9505 = AXIS2_PLACEMENT_3D('',#9506,#9507,#9508);
#9506 = CARTESIAN_POINT('',(-35.,66.,5.8));
#9507 = DIRECTION('',(0.,0.,1.));
#9508 = DIRECTION('',(1.,0.,0.));
#9509 = DEFINITIONAL_REPRESENTATION('',(#9510),#9514);
#9510 = LINE('',#9511,#9512);
#9511 = CARTESIAN_POINT('',(-14.25,-8.748703170029));
#9512 = VECTOR('',#9513,1.);
#9513 = DIRECTION('',(1.,0.));
#9514 = ( GEOMETRIC_REPRESENTATION_CONTEXT(2) 
PARAMETRIC_REPRESENTATION_CONTEXT() REPRESENTATION_CONTEXT('2D SPACE',''
  ) );
#9515 = ORIENTED_EDGE('',*,*,#9516,.F.);
#9516 = EDGE_CURVE('',#2852,#9489,#9517,.T.);
#9517 = SURFACE_CURVE('',#9518,(#9522,#9528),.PCURVE_S1.);
#9518 = LINE('',#9519,#9520);
#9519 = CARTESIAN_POINT('',(-20.75,52.75,40.51));
#9520 = VECTOR('',#9521,1.);
#9521 = DIRECTION('',(-0.127555550137,0.127555550137,-0.983595019944));
#9522 = PCURVE('',#2866,#9523);
#9523 = DEFINITIONAL_REPRESENTATION('',(#9524),#9527);
#9524 = B_SPLINE_CURVE_WITH_KNOTS('',1,(#9525,#9526),.UNSPECIFIED.,.F.,
  .F.,(2,2),(0.,35.288913929208),.PIECEWISE_BEZIER_KNOTS.);
#9525 = CARTESIAN_POINT('',(0.,28.5));
#9526 = CARTESIAN_POINT('',(35.000653896056,23.998703170029));
#9527 = ( GEOMETRIC_REPRESENTATION_CONTEXT(2) 
PARAMETRIC_REPRESENTATION_CONTEXT() REPRESENTATION_CONTEXT('2D SPACE',''
  ) );
#9528 = PCURVE('',#2942,#9529);
#9529 = DEFINITIONAL_REPRESENTATION('',(#9530),#9533);
#9530 = B_SPLINE_CURVE_WITH_KNOTS('',1,(#9531,#9532),.UNSPECIFIED.,.F.,
  .F.,(2,2),(0.,35.288913929208),.PIECEWISE_BEZIER_KNOTS.);
#9531 = CARTESIAN_POINT('',(0.,0.));
#9532 = CARTESIAN_POINT('',(35.000653896056,4.501296829971));
#9533 = ( GEOMETRIC_REPRESENTATION_CONTEXT(2) 
PARAMETRIC_REPRESENTATION_CONTEXT() REPRESENTATION_CONTEXT('2D SPACE',''
  ) );
#9534 = ADVANCED_FACE('',(#9535),#2892,.F.);
#9535 = FACE_BOUND('',#9536,.F.);
#9536 = EDGE_LOOP('',(#9537,#9538,#9559,#9580));
#9537 = ORIENTED_EDGE('',*,*,#2877,.F.);
#9538 = ORIENTED_EDGE('',*,*,#9539,.T.);
#9539 = EDGE_CURVE('',#2878,#9540,#9542,.T.);
#9540 = VERTEX_POINT('',#9541);
#9541 = CARTESIAN_POINT('',(-44.74870317002,74.748703170029,5.8));
#9542 = SURFACE_CURVE('',#9543,(#9547,#9553),.PCURVE_S1.);
#9543 = LINE('',#9544,#9545);
#9544 = CARTESIAN_POINT('',(-49.25,79.25,40.51));
#9545 = VECTOR('',#9546,1.);
#9546 = DIRECTION('',(0.127555550137,-0.127555550137,-0.983595019944));
#9547 = PCURVE('',#2892,#9548);
#9548 = DEFINITIONAL_REPRESENTATION('',(#9549),#9552);
#9549 = B_SPLINE_CURVE_WITH_KNOTS('',1,(#9550,#9551),.UNSPECIFIED.,.F.,
  .F.,(2,2),(0.,35.288913929208),.PIECEWISE_BEZIER_KNOTS.);
#9550 = CARTESIAN_POINT('',(0.,0.));
#9551 = CARTESIAN_POINT('',(35.000653896056,4.501296829971));
#9552 = ( GEOMETRIC_REPRESENTATION_CONTEXT(2) 
PARAMETRIC_REPRESENTATION_CONTEXT() REPRESENTATION_CONTEXT('2D SPACE',''
  ) );
#9553 = PCURVE('',#2918,#9554);
#9554 = DEFINITIONAL_REPRESENTATION('',(#9555),#9558);
#9555 = B_SPLINE_CURVE_WITH_KNOTS('',1,(#9556,#9557),.UNSPECIFIED.,.F.,
  .F.,(2,2),(0.,35.288913929208),.PIECEWISE_BEZIER_KNOTS.);
#9556 = CARTESIAN_POINT('',(0.,28.5));
#9557 = CARTESIAN_POINT('',(35.000653896056,23.998703170029));
#9558 = ( GEOMETRIC_REPRESENTATION_CONTEXT(2) 
PARAMETRIC_REPRESENTATION_CONTEXT() REPRESENTATION_CONTEXT('2D SPACE',''
  ) );
#9559 = ORIENTED_EDGE('',*,*,#9560,.T.);
#9560 = EDGE_CURVE('',#9540,#9468,#9561,.T.);
#9561 = SURFACE_CURVE('',#9562,(#9566,#9573),.PCURVE_S1.);
#9562 = LINE('',#9563,#9564);
#9563 = CARTESIAN_POINT('',(-44.74870317002,79.25,5.8));
#9564 = VECTOR('',#9565,1.);
#9565 = DIRECTION('',(0.,-1.,0.));
#9566 = PCURVE('',#2892,#9567);
#9567 = DEFINITIONAL_REPRESENTATION('',(#9568),#9572);
#9568 = LINE('',#9569,#9570);
#9569 = CARTESIAN_POINT('',(35.000653896056,0.));
#9570 = VECTOR('',#9571,1.);
#9571 = DIRECTION('',(0.,1.));
#9572 = ( GEOMETRIC_REPRESENTATION_CONTEXT(2) 
PARAMETRIC_REPRESENTATION_CONTEXT() REPRESENTATION_CONTEXT('2D SPACE',''
  ) );
#9573 = PCURVE('',#9504,#9574);
#9574 = DEFINITIONAL_REPRESENTATION('',(#9575),#9579);
#9575 = LINE('',#9576,#9577);
#9576 = CARTESIAN_POINT('',(-9.748703170029,13.25));
#9577 = VECTOR('',#9578,1.);
#9578 = DIRECTION('',(0.,-1.));
#9579 = ( GEOMETRIC_REPRESENTATION_CONTEXT(2) 
PARAMETRIC_REPRESENTATION_CONTEXT() REPRESENTATION_CONTEXT('2D SPACE',''
  ) );
#9580 = ORIENTED_EDGE('',*,*,#9467,.F.);
#9581 = ADVANCED_FACE('',(#9582),#2942,.F.);
#9582 = FACE_BOUND('',#9583,.F.);
#9583 = EDGE_LOOP('',(#9584,#9585,#9586,#9609));
#9584 = ORIENTED_EDGE('',*,*,#2929,.F.);
#9585 = ORIENTED_EDGE('',*,*,#9516,.T.);
#9586 = ORIENTED_EDGE('',*,*,#9587,.T.);
#9587 = EDGE_CURVE('',#9489,#9588,#9590,.T.);
#9588 = VERTEX_POINT('',#9589);
#9589 = CARTESIAN_POINT('',(-25.25129682997,74.748703170029,5.8));
#9590 = SURFACE_CURVE('',#9591,(#9595,#9602),.PCURVE_S1.);
#9591 = LINE('',#9592,#9593);
#9592 = CARTESIAN_POINT('',(-25.25129682997,52.75,5.8));
#9593 = VECTOR('',#9594,1.);
#9594 = DIRECTION('',(0.,1.,0.));
#9595 = PCURVE('',#2942,#9596);
#9596 = DEFINITIONAL_REPRESENTATION('',(#9597),#9601);
#9597 = LINE('',#9598,#9599);
#9598 = CARTESIAN_POINT('',(35.000653896056,0.));
#9599 = VECTOR('',#9600,1.);
#9600 = DIRECTION('',(0.,1.));
#9601 = ( GEOMETRIC_REPRESENTATION_CONTEXT(2) 
PARAMETRIC_REPRESENTATION_CONTEXT() REPRESENTATION_CONTEXT('2D SPACE',''
  ) );
#9602 = PCURVE('',#9504,#9603);
#9603 = DEFINITIONAL_REPRESENTATION('',(#9604),#9608);
#9604 = LINE('',#9605,#9606);
#9605 = CARTESIAN_POINT('',(9.748703170029,-13.25));
#9606 = VECTOR('',#9607,1.);
#9607 = DIRECTION('',(0.,1.));
#9608 = ( GEOMETRIC_REPRESENTATION_CONTEXT(2) 
PARAMETRIC_REPRESENTATION_CONTEXT() REPRESENTATION_CONTEXT('2D SPACE',''
  ) );
#9609 = ORIENTED_EDGE('',*,*,#9610,.F.);
#9610 = EDGE_CURVE('',#2904,#9588,#9611,.T.);
#9611 = SURFACE_CURVE('',#9612,(#9616,#9622),.PCURVE_S1.);
#9612 = LINE('',#9613,#9614);
#9613 = CARTESIAN_POINT('',(-20.75,79.25,40.51));
#9614 = VECTOR('',#9615,1.);
#9615 = DIRECTION('',(-0.127555550137,-0.127555550137,-0.983595019944));
#9616 = PCURVE('',#2942,#9617);
#9617 = DEFINITIONAL_REPRESENTATION('',(#9618),#9621);
#9618 = B_SPLINE_CURVE_WITH_KNOTS('',1,(#9619,#9620),.UNSPECIFIED.,.F.,
  .F.,(2,2),(-0.,35.288913929208),.PIECEWISE_BEZIER_KNOTS.);
#9619 = CARTESIAN_POINT('',(0.,26.5));
#9620 = CARTESIAN_POINT('',(35.000653896056,21.998703170029));
#9621 = ( GEOMETRIC_REPRESENTATION_CONTEXT(2) 
PARAMETRIC_REPRESENTATION_CONTEXT() REPRESENTATION_CONTEXT('2D SPACE',''
  ) );
#9622 = PCURVE('',#2918,#9623);
#9623 = DEFINITIONAL_REPRESENTATION('',(#9624),#9627);
#9624 = B_SPLINE_CURVE_WITH_KNOTS('',1,(#9625,#9626),.UNSPECIFIED.,.F.,
  .F.,(2,2),(-0.,35.288913929208),.PIECEWISE_BEZIER_KNOTS.);
#9625 = CARTESIAN_POINT('',(0.,0.));
#9626 = CARTESIAN_POINT('',(35.000653896056,4.501296829971));
#9627 = ( GEOMETRIC_REPRESENTATION_CONTEXT(2) 
PARAMETRIC_REPRESENTATION_CONTEXT() REPRESENTATION_CONTEXT('2D SPACE',''
  ) );
#9628 = ADVANCED_FACE('',(#9629),#2918,.F.);
#9629 = FACE_BOUND('',#9630,.F.);
#9630 = EDGE_LOOP('',(#9631,#9632,#9633,#9634));
#9631 = ORIENTED_EDGE('',*,*,#9539,.F.);
#9632 = ORIENTED_EDGE('',*,*,#2903,.F.);
#9633 = ORIENTED_EDGE('',*,*,#9610,.T.);
#9634 = ORIENTED_EDGE('',*,*,#9635,.T.);
#9635 = EDGE_CURVE('',#9588,#9540,#9636,.T.);
#9636 = SURFACE_CURVE('',#9637,(#9641,#9648),.PCURVE_S1.);
#9637 = LINE('',#9638,#9639);
#9638 = CARTESIAN_POINT('',(-20.75,74.748703170029,5.8));
#9639 = VECTOR('',#9640,1.);
#9640 = DIRECTION('',(-1.,0.,0.));
#9641 = PCURVE('',#2918,#9642);
#9642 = DEFINITIONAL_REPRESENTATION('',(#9643),#9647);
#9643 = LINE('',#9644,#9645);
#9644 = CARTESIAN_POINT('',(35.000653896056,0.));
#9645 = VECTOR('',#9646,1.);
#9646 = DIRECTION('',(-0.,1.));
#9647 = ( GEOMETRIC_REPRESENTATION_CONTEXT(2) 
PARAMETRIC_REPRESENTATION_CONTEXT() REPRESENTATION_CONTEXT('2D SPACE',''
  ) );
#9648 = PCURVE('',#9504,#9649);
#9649 = DEFINITIONAL_REPRESENTATION('',(#9650),#9654);
#9650 = LINE('',#9651,#9652);
#9651 = CARTESIAN_POINT('',(14.25,8.748703170029));
#9652 = VECTOR('',#9653,1.);
#9653 = DIRECTION('',(-1.,0.));
#9654 = ( GEOMETRIC_REPRESENTATION_CONTEXT(2) 
PARAMETRIC_REPRESENTATION_CONTEXT() REPRESENTATION_CONTEXT('2D SPACE',''
  ) );
#9655 = ADVANCED_FACE('',(#9656),#2972,.F.);
#9656 = FACE_BOUND('',#9657,.F.);
#9657 = EDGE_LOOP('',(#9658,#9659,#9680,#9708));
#9658 = ORIENTED_EDGE('',*,*,#2955,.F.);
#9659 = ORIENTED_EDGE('',*,*,#9660,.T.);
#9660 = EDGE_CURVE('',#2956,#9661,#9663,.T.);
#9661 = VERTEX_POINT('',#9662);
#9662 = CARTESIAN_POINT('',(-9.748703170029,-8.748703170029,5.8));
#9663 = SURFACE_CURVE('',#9664,(#9668,#9674),.PCURVE_S1.);
#9664 = LINE('',#9665,#9666);
#9665 = CARTESIAN_POINT('',(-14.25,-13.25,40.51));
#9666 = VECTOR('',#9667,1.);
#9667 = DIRECTION('',(0.127555550137,0.127555550137,-0.983595019944));
#9668 = PCURVE('',#2972,#9669);
#9669 = DEFINITIONAL_REPRESENTATION('',(#9670),#9673);
#9670 = B_SPLINE_CURVE_WITH_KNOTS('',1,(#9671,#9672),.UNSPECIFIED.,.F.,
  .F.,(2,2),(0.,35.288913929208),.PIECEWISE_BEZIER_KNOTS.);
#9671 = CARTESIAN_POINT('',(0.,0.));
#9672 = CARTESIAN_POINT('',(35.000653896056,4.501296829971));
#9673 = ( GEOMETRIC_REPRESENTATION_CONTEXT(2) 
PARAMETRIC_REPRESENTATION_CONTEXT() REPRESENTATION_CONTEXT('2D SPACE',''
  ) );
#9674 = PCURVE('',#2998,#9675);
#9675 = DEFINITIONAL_REPRESENTATION('',(#9676),#9679);
#9676 = B_SPLINE_CURVE_WITH_KNOTS('',1,(#9677,#9678),.UNSPECIFIED.,.F.,
  .F.,(2,2),(0.,35.288913929208),.PIECEWISE_BEZIER_KNOTS.);
#9677 = CARTESIAN_POINT('',(0.,26.5));
#9678 = CARTESIAN_POINT('',(35.000653896056,21.998703170029));
#9679 = ( GEOMETRIC_REPRESENTATION_CONTEXT(2) 
PARAMETRIC_REPRESENTATION_CONTEXT() REPRESENTATION_CONTEXT('2D SPACE',''
  ) );
#9680 = ORIENTED_EDGE('',*,*,#9681,.T.);
#9681 = EDGE_CURVE('',#9661,#9682,#9684,.T.);
#9682 = VERTEX_POINT('',#9683);
#9683 = CARTESIAN_POINT('',(9.748703170029,-8.748703170029,5.8));
#9684 = SURFACE_CURVE('',#9685,(#9689,#9696),.PCURVE_S1.);
#9685 = LINE('',#9686,#9687);
#9686 = CARTESIAN_POINT('',(-14.25,-8.748703170029,5.8));
#9687 = VECTOR('',#9688,1.);
#9688 = DIRECTION('',(1.,0.,0.));
#9689 = PCURVE('',#2972,#9690);
#9690 = DEFINITIONAL_REPRESENTATION('',(#9691),#9695);
#9691 = LINE('',#9692,#9693);
#9692 = CARTESIAN_POINT('',(35.000653896056,0.));
#9693 = VECTOR('',#9694,1.);
#9694 = DIRECTION('',(0.,1.));
#9695 = ( GEOMETRIC_REPRESENTATION_CONTEXT(2) 
PARAMETRIC_REPRESENTATION_CONTEXT() REPRESENTATION_CONTEXT('2D SPACE',''
  ) );
#9696 = PCURVE('',#9697,#9702);
#9697 = PLANE('',#9698);
#9698 = AXIS2_PLACEMENT_3D('',#9699,#9700,#9701);
#9699 = CARTESIAN_POINT('',(0.,0.,5.8));
#9700 = DIRECTION('',(0.,0.,1.));
#9701 = DIRECTION('',(1.,0.,0.));
#9702 = DEFINITIONAL_REPRESENTATION('',(#9703),#9707);
#9703 = LINE('',#9704,#9705);
#9704 = CARTESIAN_POINT('',(-14.25,-8.748703170029));
#9705 = VECTOR('',#9706,1.);
#9706 = DIRECTION('',(1.,0.));
#9707 = ( GEOMETRIC_REPRESENTATION_CONTEXT(2) 
PARAMETRIC_REPRESENTATION_CONTEXT() REPRESENTATION_CONTEXT('2D SPACE',''
  ) );
#9708 = ORIENTED_EDGE('',*,*,#9709,.F.);
#9709 = EDGE_CURVE('',#2958,#9682,#9710,.T.);
#9710 = SURFACE_CURVE('',#9711,(#9715,#9721),.PCURVE_S1.);
#9711 = LINE('',#9712,#9713);
#9712 = CARTESIAN_POINT('',(14.25,-13.25,40.51));
#9713 = VECTOR('',#9714,1.);
#9714 = DIRECTION('',(-0.127555550137,0.127555550137,-0.983595019944));
#9715 = PCURVE('',#2972,#9716);
#9716 = DEFINITIONAL_REPRESENTATION('',(#9717),#9720);
#9717 = B_SPLINE_CURVE_WITH_KNOTS('',1,(#9718,#9719),.UNSPECIFIED.,.F.,
  .F.,(2,2),(0.,35.288913929208),.PIECEWISE_BEZIER_KNOTS.);
#9718 = CARTESIAN_POINT('',(0.,28.5));
#9719 = CARTESIAN_POINT('',(35.000653896056,23.998703170029));
#9720 = ( GEOMETRIC_REPRESENTATION_CONTEXT(2) 
PARAMETRIC_REPRESENTATION_CONTEXT() REPRESENTATION_CONTEXT('2D SPACE',''
  ) );
#9721 = PCURVE('',#3048,#9722);
#9722 = DEFINITIONAL_REPRESENTATION('',(#9723),#9726);
#9723 = B_SPLINE_CURVE_WITH_KNOTS('',1,(#9724,#9725),.UNSPECIFIED.,.F.,
  .F.,(2,2),(0.,35.288913929208),.PIECEWISE_BEZIER_KNOTS.);
#9724 = CARTESIAN_POINT('',(0.,0.));
#9725 = CARTESIAN_POINT('',(35.000653896056,4.501296829971));
#9726 = ( GEOMETRIC_REPRESENTATION_CONTEXT(2) 
PARAMETRIC_REPRESENTATION_CONTEXT() REPRESENTATION_CONTEXT('2D SPACE',''
  ) );
#9727 = ADVANCED_FACE('',(#9728),#2998,.F.);
#9728 = FACE_BOUND('',#9729,.F.);
#9729 = EDGE_LOOP('',(#9730,#9731,#9752,#9773));
#9730 = ORIENTED_EDGE('',*,*,#2983,.F.);
#9731 = ORIENTED_EDGE('',*,*,#9732,.T.);
#9732 = EDGE_CURVE('',#2984,#9733,#9735,.T.);
#9733 = VERTEX_POINT('',#9734);
#9734 = CARTESIAN_POINT('',(-9.748703170029,8.748703170029,5.8));
#9735 = SURFACE_CURVE('',#9736,(#9740,#9746),.PCURVE_S1.);
#9736 = LINE('',#9737,#9738);
#9737 = CARTESIAN_POINT('',(-14.25,13.25,40.51));
#9738 = VECTOR('',#9739,1.);
#9739 = DIRECTION('',(0.127555550137,-0.127555550137,-0.983595019944));
#9740 = PCURVE('',#2998,#9741);
#9741 = DEFINITIONAL_REPRESENTATION('',(#9742),#9745);
#9742 = B_SPLINE_CURVE_WITH_KNOTS('',1,(#9743,#9744),.UNSPECIFIED.,.F.,
  .F.,(2,2),(0.,35.288913929208),.PIECEWISE_BEZIER_KNOTS.);
#9743 = CARTESIAN_POINT('',(0.,0.));
#9744 = CARTESIAN_POINT('',(35.000653896056,4.501296829971));
#9745 = ( GEOMETRIC_REPRESENTATION_CONTEXT(2) 
PARAMETRIC_REPRESENTATION_CONTEXT() REPRESENTATION_CONTEXT('2D SPACE',''
  ) );
#9746 = PCURVE('',#3024,#9747);
#9747 = DEFINITIONAL_REPRESENTATION('',(#9748),#9751);
#9748 = B_SPLINE_CURVE_WITH_KNOTS('',1,(#9749,#9750),.UNSPECIFIED.,.F.,
  .F.,(2,2),(0.,35.288913929208),.PIECEWISE_BEZIER_KNOTS.);
#9749 = CARTESIAN_POINT('',(0.,28.5));
#9750 = CARTESIAN_POINT('',(35.000653896056,23.998703170029));
#9751 = ( GEOMETRIC_REPRESENTATION_CONTEXT(2) 
PARAMETRIC_REPRESENTATION_CONTEXT() REPRESENTATION_CONTEXT('2D SPACE',''
  ) );
#9752 = ORIENTED_EDGE('',*,*,#9753,.T.);
#9753 = EDGE_CURVE('',#9733,#9661,#9754,.T.);
#9754 = SURFACE_CURVE('',#9755,(#9759,#9766),.PCURVE_S1.);
#9755 = LINE('',#9756,#9757);
#9756 = CARTESIAN_POINT('',(-9.748703170029,13.25,5.8));
#9757 = VECTOR('',#9758,1.);
#9758 = DIRECTION('',(0.,-1.,0.));
#9759 = PCURVE('',#2998,#9760);
#9760 = DEFINITIONAL_REPRESENTATION('',(#9761),#9765);
#9761 = LINE('',#9762,#9763);
#9762 = CARTESIAN_POINT('',(35.000653896056,0.));
#9763 = VECTOR('',#9764,1.);
#9764 = DIRECTION('',(0.,1.));
#9765 = ( GEOMETRIC_REPRESENTATION_CONTEXT(2) 
PARAMETRIC_REPRESENTATION_CONTEXT() REPRESENTATION_CONTEXT('2D SPACE',''
  ) );
#9766 = PCURVE('',#9697,#9767);
#9767 = DEFINITIONAL_REPRESENTATION('',(#9768),#9772);
#9768 = LINE('',#9769,#9770);
#9769 = CARTESIAN_POINT('',(-9.748703170029,13.25));
#9770 = VECTOR('',#9771,1.);
#9771 = DIRECTION('',(0.,-1.));
#9772 = ( GEOMETRIC_REPRESENTATION_CONTEXT(2) 
PARAMETRIC_REPRESENTATION_CONTEXT() REPRESENTATION_CONTEXT('2D SPACE',''
  ) );
#9773 = ORIENTED_EDGE('',*,*,#9660,.F.);
#9774 = ADVANCED_FACE('',(#9775),#3048,.F.);
#9775 = FACE_BOUND('',#9776,.F.);
#9776 = EDGE_LOOP('',(#9777,#9778,#9779,#9802));
#9777 = ORIENTED_EDGE('',*,*,#3035,.F.);
#9778 = ORIENTED_EDGE('',*,*,#9709,.T.);
#9779 = ORIENTED_EDGE('',*,*,#9780,.T.);
#9780 = EDGE_CURVE('',#9682,#9781,#9783,.T.);
#9781 = VERTEX_POINT('',#9782);
#9782 = CARTESIAN_POINT('',(9.748703170029,8.748703170029,5.8));
#9783 = SURFACE_CURVE('',#9784,(#9788,#9795),.PCURVE_S1.);
#9784 = LINE('',#9785,#9786);
#9785 = CARTESIAN_POINT('',(9.748703170029,-13.25,5.8));
#9786 = VECTOR('',#9787,1.);
#9787 = DIRECTION('',(0.,1.,0.));
#9788 = PCURVE('',#3048,#9789);
#9789 = DEFINITIONAL_REPRESENTATION('',(#9790),#9794);
#9790 = LINE('',#9791,#9792);
#9791 = CARTESIAN_POINT('',(35.000653896056,0.));
#9792 = VECTOR('',#9793,1.);
#9793 = DIRECTION('',(0.,1.));
#9794 = ( GEOMETRIC_REPRESENTATION_CONTEXT(2) 
PARAMETRIC_REPRESENTATION_CONTEXT() REPRESENTATION_CONTEXT('2D SPACE',''
  ) );
#9795 = PCURVE('',#9697,#9796);
#9796 = DEFINITIONAL_REPRESENTATION('',(#9797),#9801);
#9797 = LINE('',#9798,#9799);
#9798 = CARTESIAN_POINT('',(9.748703170029,-13.25));
#9799 = VECTOR('',#9800,1.);
#9800 = DIRECTION('',(0.,1.));
#9801 = ( GEOMETRIC_REPRESENTATION_CONTEXT(2) 
PARAMETRIC_REPRESENTATION_CONTEXT() REPRESENTATION_CONTEXT('2D SPACE',''
  ) );
#9802 = ORIENTED_EDGE('',*,*,#9803,.F.);
#9803 = EDGE_CURVE('',#3010,#9781,#9804,.T.);
#9804 = SURFACE_CURVE('',#9805,(#9809,#9815),.PCURVE_S1.);
#9805 = LINE('',#9806,#9807);
#9806 = CARTESIAN_POINT('',(14.25,13.25,40.51));
#9807 = VECTOR('',#9808,1.);
#9808 = DIRECTION('',(-0.127555550137,-0.127555550137,-0.983595019944));
#9809 = PCURVE('',#3048,#9810);
#9810 = DEFINITIONAL_REPRESENTATION('',(#9811),#9814);
#9811 = B_SPLINE_CURVE_WITH_KNOTS('',1,(#9812,#9813),.UNSPECIFIED.,.F.,
  .F.,(2,2),(-0.,35.288913929208),.PIECEWISE_BEZIER_KNOTS.);
#9812 = CARTESIAN_POINT('',(0.,26.5));
#9813 = CARTESIAN_POINT('',(35.000653896056,21.998703170029));
#9814 = ( GEOMETRIC_REPRESENTATION_CONTEXT(2) 
PARAMETRIC_REPRESENTATION_CONTEXT() REPRESENTATION_CONTEXT('2D SPACE',''
  ) );
#9815 = PCURVE('',#3024,#9816);
#9816 = DEFINITIONAL_REPRESENTATION('',(#9817),#9820);
#9817 = B_SPLINE_CURVE_WITH_KNOTS('',1,(#9818,#9819),.UNSPECIFIED.,.F.,
  .F.,(2,2),(-0.,35.288913929208),.PIECEWISE_BEZIER_KNOTS.);
#9818 = CARTESIAN_POINT('',(0.,0.));
#9819 = CARTESIAN_POINT('',(35.000653896056,4.501296829971));
#9820 = ( GEOMETRIC_REPRESENTATION_CONTEXT(2) 
PARAMETRIC_REPRESENTATION_CONTEXT() REPRESENTATION_CONTEXT('2D SPACE',''
  ) );
#9821 = ADVANCED_FACE('',(#9822),#3024,.F.);
#9822 = FACE_BOUND('',#9823,.F.);
#9823 = EDGE_LOOP('',(#9824,#9825,#9826,#9827));
#9824 = ORIENTED_EDGE('',*,*,#9732,.F.);
#9825 = ORIENTED_EDGE('',*,*,#3009,.F.);
#9826 = ORIENTED_EDGE('',*,*,#9803,.T.);
#9827 = ORIENTED_EDGE('',*,*,#9828,.T.);
#9828 = EDGE_CURVE('',#9781,#9733,#9829,.T.);
#9829 = SURFACE_CURVE('',#9830,(#9834,#9841),.PCURVE_S1.);
#9830 = LINE('',#9831,#9832);
#9831 = CARTESIAN_POINT('',(14.25,8.748703170029,5.8));
#9832 = VECTOR('',#9833,1.);
#9833 = DIRECTION('',(-1.,0.,0.));
#9834 = PCURVE('',#3024,#9835);
#9835 = DEFINITIONAL_REPRESENTATION('',(#9836),#9840);
#9836 = LINE('',#9837,#9838);
#9837 = CARTESIAN_POINT('',(35.000653896056,0.));
#9838 = VECTOR('',#9839,1.);
#9839 = DIRECTION('',(-0.,1.));
#9840 = ( GEOMETRIC_REPRESENTATION_CONTEXT(2) 
PARAMETRIC_REPRESENTATION_CONTEXT() REPRESENTATION_CONTEXT('2D SPACE',''
  ) );
#9841 = PCURVE('',#9697,#9842);
#9842 = DEFINITIONAL_REPRESENTATION('',(#9843),#9847);
#9843 = LINE('',#9844,#9845);
#9844 = CARTESIAN_POINT('',(14.25,8.748703170029));
#9845 = VECTOR('',#9846,1.);
#9846 = DIRECTION('',(-1.,0.));
#9847 = ( GEOMETRIC_REPRESENTATION_CONTEXT(2) 
PARAMETRIC_REPRESENTATION_CONTEXT() REPRESENTATION_CONTEXT('2D SPACE',''
  ) );
#9848 = ADVANCED_FACE('',(#9849),#3078,.F.);
#9849 = FACE_BOUND('',#9850,.F.);
#9850 = EDGE_LOOP('',(#9851,#9852,#9873,#9901));
#9851 = ORIENTED_EDGE('',*,*,#3061,.F.);
#9852 = ORIENTED_EDGE('',*,*,#9853,.T.);
#9853 = EDGE_CURVE('',#3062,#9854,#9856,.T.);
#9854 = VERTEX_POINT('',#9855);
#9855 = CARTESIAN_POINT('',(25.251296829971,-8.748703170029,5.8));
#9856 = SURFACE_CURVE('',#9857,(#9861,#9867),.PCURVE_S1.);
#9857 = LINE('',#9858,#9859);
#9858 = CARTESIAN_POINT('',(20.75,-13.25,40.51));
#9859 = VECTOR('',#9860,1.);
#9860 = DIRECTION('',(0.127555550137,0.127555550137,-0.983595019944));
#9861 = PCURVE('',#3078,#9862);
#9862 = DEFINITIONAL_REPRESENTATION('',(#9863),#9866);
#9863 = B_SPLINE_CURVE_WITH_KNOTS('',1,(#9864,#9865),.UNSPECIFIED.,.F.,
  .F.,(2,2),(0.,35.288913929208),.PIECEWISE_BEZIER_KNOTS.);
#9864 = CARTESIAN_POINT('',(0.,0.));
#9865 = CARTESIAN_POINT('',(35.000653896056,4.501296829971));
#9866 = ( GEOMETRIC_REPRESENTATION_CONTEXT(2) 
PARAMETRIC_REPRESENTATION_CONTEXT() REPRESENTATION_CONTEXT('2D SPACE',''
  ) );
#9867 = PCURVE('',#3104,#9868);
#9868 = DEFINITIONAL_REPRESENTATION('',(#9869),#9872);
#9869 = B_SPLINE_CURVE_WITH_KNOTS('',1,(#9870,#9871),.UNSPECIFIED.,.F.,
  .F.,(2,2),(0.,35.288913929208),.PIECEWISE_BEZIER_KNOTS.);
#9870 = CARTESIAN_POINT('',(0.,26.5));
#9871 = CARTESIAN_POINT('',(35.000653896056,21.998703170029));
#9872 = ( GEOMETRIC_REPRESENTATION_CONTEXT(2) 
PARAMETRIC_REPRESENTATION_CONTEXT() REPRESENTATION_CONTEXT('2D SPACE',''
  ) );
#9873 = ORIENTED_EDGE('',*,*,#9874,.T.);
#9874 = EDGE_CURVE('',#9854,#9875,#9877,.T.);
#9875 = VERTEX_POINT('',#9876);
#9876 = CARTESIAN_POINT('',(44.748703170029,-8.748703170029,5.8));
#9877 = SURFACE_CURVE('',#9878,(#9882,#9889),.PCURVE_S1.);
#9878 = LINE('',#9879,#9880);
#9879 = CARTESIAN_POINT('',(20.75,-8.748703170029,5.8));
#9880 = VECTOR('',#9881,1.);
#9881 = DIRECTION('',(1.,0.,0.));
#9882 = PCURVE('',#3078,#9883);
#9883 = DEFINITIONAL_REPRESENTATION('',(#9884),#9888);
#9884 = LINE('',#9885,#9886);
#9885 = CARTESIAN_POINT('',(35.000653896056,0.));
#9886 = VECTOR('',#9887,1.);
#9887 = DIRECTION('',(0.,1.));
#9888 = ( GEOMETRIC_REPRESENTATION_CONTEXT(2) 
PARAMETRIC_REPRESENTATION_CONTEXT() REPRESENTATION_CONTEXT('2D SPACE',''
  ) );
#9889 = PCURVE('',#9890,#9895);
#9890 = PLANE('',#9891);
#9891 = AXIS2_PLACEMENT_3D('',#9892,#9893,#9894);
#9892 = CARTESIAN_POINT('',(35.,0.,5.8));
#9893 = DIRECTION('',(0.,0.,1.));
#9894 = DIRECTION('',(1.,0.,0.));
#9895 = DEFINITIONAL_REPRESENTATION('',(#9896),#9900);
#9896 = LINE('',#9897,#9898);
#9897 = CARTESIAN_POINT('',(-14.25,-8.748703170029));
#9898 = VECTOR('',#9899,1.);
#9899 = DIRECTION('',(1.,0.));
#9900 = ( GEOMETRIC_REPRESENTATION_CONTEXT(2) 
PARAMETRIC_REPRESENTATION_CONTEXT() REPRESENTATION_CONTEXT('2D SPACE',''
  ) );
#9901 = ORIENTED_EDGE('',*,*,#9902,.F.);
#9902 = EDGE_CURVE('',#3064,#9875,#9903,.T.);
#9903 = SURFACE_CURVE('',#9904,(#9908,#9914),.PCURVE_S1.);
#9904 = LINE('',#9905,#9906);
#9905 = CARTESIAN_POINT('',(49.25,-13.25,40.51));
#9906 = VECTOR('',#9907,1.);
#9907 = DIRECTION('',(-0.127555550137,0.127555550137,-0.983595019944));
#9908 = PCURVE('',#3078,#9909);
#9909 = DEFINITIONAL_REPRESENTATION('',(#9910),#9913);
#9910 = B_SPLINE_CURVE_WITH_KNOTS('',1,(#9911,#9912),.UNSPECIFIED.,.F.,
  .F.,(2,2),(0.,35.288913929208),.PIECEWISE_BEZIER_KNOTS.);
#9911 = CARTESIAN_POINT('',(0.,28.5));
#9912 = CARTESIAN_POINT('',(35.000653896056,23.998703170029));
#9913 = ( GEOMETRIC_REPRESENTATION_CONTEXT(2) 
PARAMETRIC_REPRESENTATION_CONTEXT() REPRESENTATION_CONTEXT('2D SPACE',''
  ) );
#9914 = PCURVE('',#3154,#9915);
#9915 = DEFINITIONAL_REPRESENTATION('',(#9916),#9919);
#9916 = B_SPLINE_CURVE_WITH_KNOTS('',1,(#9917,#9918),.UNSPECIFIED.,.F.,
  .F.,(2,2),(0.,35.288913929208),.PIECEWISE_BEZIER_KNOTS.);
#9917 = CARTESIAN_POINT('',(0.,0.));
#9918 = CARTESIAN_POINT('',(35.000653896056,4.501296829971));
#9919 = ( GEOMETRIC_REPRESENTATION_CONTEXT(2) 
PARAMETRIC_REPRESENTATION_CONTEXT() REPRESENTATION_CONTEXT('2D SPACE',''
  ) );
#9920 = ADVANCED_FACE('',(#9921),#3104,.F.);
#9921 = FACE_BOUND('',#9922,.F.);
#9922 = EDGE_LOOP('',(#9923,#9924,#9945,#9966));
#9923 = ORIENTED_EDGE('',*,*,#3089,.F.);
#9924 = ORIENTED_EDGE('',*,*,#9925,.T.);
#9925 = EDGE_CURVE('',#3090,#9926,#9928,.T.);
#9926 = VERTEX_POINT('',#9927);
#9927 = CARTESIAN_POINT('',(25.251296829971,8.748703170029,5.8));
#9928 = SURFACE_CURVE('',#9929,(#9933,#9939),.PCURVE_S1.);
#9929 = LINE('',#9930,#9931);
#9930 = CARTESIAN_POINT('',(20.75,13.25,40.51));
#9931 = VECTOR('',#9932,1.);
#9932 = DIRECTION('',(0.127555550137,-0.127555550137,-0.983595019944));
#9933 = PCURVE('',#3104,#9934);
#9934 = DEFINITIONAL_REPRESENTATION('',(#9935),#9938);
#9935 = B_SPLINE_CURVE_WITH_KNOTS('',1,(#9936,#9937),.UNSPECIFIED.,.F.,
  .F.,(2,2),(0.,35.288913929208),.PIECEWISE_BEZIER_KNOTS.);
#9936 = CARTESIAN_POINT('',(0.,0.));
#9937 = CARTESIAN_POINT('',(35.000653896056,4.501296829971));
#9938 = ( GEOMETRIC_REPRESENTATION_CONTEXT(2) 
PARAMETRIC_REPRESENTATION_CONTEXT() REPRESENTATION_CONTEXT('2D SPACE',''
  ) );
#9939 = PCURVE('',#3130,#9940);
#9940 = DEFINITIONAL_REPRESENTATION('',(#9941),#9944);
#9941 = B_SPLINE_CURVE_WITH_KNOTS('',1,(#9942,#9943),.UNSPECIFIED.,.F.,
  .F.,(2,2),(0.,35.288913929208),.PIECEWISE_BEZIER_KNOTS.);
#9942 = CARTESIAN_POINT('',(0.,28.5));
#9943 = CARTESIAN_POINT('',(35.000653896056,23.998703170029));
#9944 = ( GEOMETRIC_REPRESENTATION_CONTEXT(2) 
PARAMETRIC_REPRESENTATION_CONTEXT() REPRESENTATION_CONTEXT('2D SPACE',''
  ) );
#9945 = ORIENTED_EDGE('',*,*,#9946,.T.);
#9946 = EDGE_CURVE('',#9926,#9854,#9947,.T.);
#9947 = SURFACE_CURVE('',#9948,(#9952,#9959),.PCURVE_S1.);
#9948 = LINE('',#9949,#9950);
#9949 = CARTESIAN_POINT('',(25.251296829971,13.25,5.8));
#9950 = VECTOR('',#9951,1.);
#9951 = DIRECTION('',(0.,-1.,0.));
#9952 = PCURVE('',#3104,#9953);
#9953 = DEFINITIONAL_REPRESENTATION('',(#9954),#9958);
#9954 = LINE('',#9955,#9956);
#9955 = CARTESIAN_POINT('',(35.000653896056,0.));
#9956 = VECTOR('',#9957,1.);
#9957 = DIRECTION('',(0.,1.));
#9958 = ( GEOMETRIC_REPRESENTATION_CONTEXT(2) 
PARAMETRIC_REPRESENTATION_CONTEXT() REPRESENTATION_CONTEXT('2D SPACE',''
  ) );
#9959 = PCURVE('',#9890,#9960);
#9960 = DEFINITIONAL_REPRESENTATION('',(#9961),#9965);
#9961 = LINE('',#9962,#9963);
#9962 = CARTESIAN_POINT('',(-9.748703170029,13.25));
#9963 = VECTOR('',#9964,1.);
#9964 = DIRECTION('',(0.,-1.));
#9965 = ( GEOMETRIC_REPRESENTATION_CONTEXT(2) 
PARAMETRIC_REPRESENTATION_CONTEXT() REPRESENTATION_CONTEXT('2D SPACE',''
  ) );
#9966 = ORIENTED_EDGE('',*,*,#9853,.F.);
#9967 = ADVANCED_FACE('',(#9968),#3154,.F.);
#9968 = FACE_BOUND('',#9969,.F.);
#9969 = EDGE_LOOP('',(#9970,#9971,#9972,#9995));
#9970 = ORIENTED_EDGE('',*,*,#3141,.F.);
#9971 = ORIENTED_EDGE('',*,*,#9902,.T.);
#9972 = ORIENTED_EDGE('',*,*,#9973,.T.);
#9973 = EDGE_CURVE('',#9875,#9974,#9976,.T.);
#9974 = VERTEX_POINT('',#9975);
#9975 = CARTESIAN_POINT('',(44.748703170029,8.748703170029,5.8));
#9976 = SURFACE_CURVE('',#9977,(#9981,#9988),.PCURVE_S1.);
#9977 = LINE('',#9978,#9979);
#9978 = CARTESIAN_POINT('',(44.748703170029,-13.25,5.8));
#9979 = VECTOR('',#9980,1.);
#9980 = DIRECTION('',(0.,1.,0.));
#9981 = PCURVE('',#3154,#9982);
#9982 = DEFINITIONAL_REPRESENTATION('',(#9983),#9987);
#9983 = LINE('',#9984,#9985);
#9984 = CARTESIAN_POINT('',(35.000653896056,0.));
#9985 = VECTOR('',#9986,1.);
#9986 = DIRECTION('',(0.,1.));
#9987 = ( GEOMETRIC_REPRESENTATION_CONTEXT(2) 
PARAMETRIC_REPRESENTATION_CONTEXT() REPRESENTATION_CONTEXT('2D SPACE',''
  ) );
#9988 = PCURVE('',#9890,#9989);
#9989 = DEFINITIONAL_REPRESENTATION('',(#9990),#9994);
#9990 = LINE('',#9991,#9992);
#9991 = CARTESIAN_POINT('',(9.748703170029,-13.25));
#9992 = VECTOR('',#9993,1.);
#9993 = DIRECTION('',(0.,1.));
#9994 = ( GEOMETRIC_REPRESENTATION_CONTEXT(2) 
PARAMETRIC_REPRESENTATION_CONTEXT() REPRESENTATION_CONTEXT('2D SPACE',''
  ) );
#9995 = ORIENTED_EDGE('',*,*,#9996,.F.);
#9996 = EDGE_CURVE('',#3116,#9974,#9997,.T.);
#9997 = SURFACE_CURVE('',#9998,(#10002,#10008),.PCURVE_S1.);
#9998 = LINE('',#9999,#10000);
#9999 = CARTESIAN_POINT('',(49.25,13.25,40.51));
#10000 = VECTOR('',#10001,1.);
#10001 = DIRECTION('',(-0.127555550137,-0.127555550137,-0.983595019944)
  );
#10002 = PCURVE('',#3154,#10003);
#10003 = DEFINITIONAL_REPRESENTATION('',(#10004),#10007);
#10004 = B_SPLINE_CURVE_WITH_KNOTS('',1,(#10005,#10006),.UNSPECIFIED.,
  .F.,.F.,(2,2),(-0.,35.288913929208),.PIECEWISE_BEZIER_KNOTS.);
#10005 = CARTESIAN_POINT('',(0.,26.5));
#10006 = CARTESIAN_POINT('',(35.000653896056,21.998703170029));
#10007 = ( GEOMETRIC_REPRESENTATION_CONTEXT(2) 
PARAMETRIC_REPRESENTATION_CONTEXT() REPRESENTATION_CONTEXT('2D SPACE',''
  ) );
#10008 = PCURVE('',#3130,#10009);
#10009 = DEFINITIONAL_REPRESENTATION('',(#10010),#10013);
#10010 = B_SPLINE_CURVE_WITH_KNOTS('',1,(#10011,#10012),.UNSPECIFIED.,
  .F.,.F.,(2,2),(-0.,35.288913929208),.PIECEWISE_BEZIER_KNOTS.);
#10011 = CARTESIAN_POINT('',(0.,0.));
#10012 = CARTESIAN_POINT('',(35.000653896056,4.501296829971));
#10013 = ( GEOMETRIC_REPRESENTATION_CONTEXT(2) 
PARAMETRIC_REPRESENTATION_CONTEXT() REPRESENTATION_CONTEXT('2D SPACE',''
  ) );
#10014 = ADVANCED_FACE('',(#10015),#3130,.F.);
#10015 = FACE_BOUND('',#10016,.F.);
#10016 = EDGE_LOOP('',(#10017,#10018,#10019,#10020));
#10017 = ORIENTED_EDGE('',*,*,#9925,.F.);
#10018 = ORIENTED_EDGE('',*,*,#3115,.F.);
#10019 = ORIENTED_EDGE('',*,*,#9996,.T.);
#10020 = ORIENTED_EDGE('',*,*,#10021,.T.);
#10021 = EDGE_CURVE('',#9974,#9926,#10022,.T.);
#10022 = SURFACE_CURVE('',#10023,(#10027,#10034),.PCURVE_S1.);
#10023 = LINE('',#10024,#10025);
#10024 = CARTESIAN_POINT('',(49.25,8.748703170029,5.8));
#10025 = VECTOR('',#10026,1.);
#10026 = DIRECTION('',(-1.,0.,0.));
#10027 = PCURVE('',#3130,#10028);
#10028 = DEFINITIONAL_REPRESENTATION('',(#10029),#10033);
#10029 = LINE('',#10030,#10031);
#10030 = CARTESIAN_POINT('',(35.000653896056,0.));
#10031 = VECTOR('',#10032,1.);
#10032 = DIRECTION('',(-0.,1.));
#10033 = ( GEOMETRIC_REPRESENTATION_CONTEXT(2) 
PARAMETRIC_REPRESENTATION_CONTEXT() REPRESENTATION_CONTEXT('2D SPACE',''
  ) );
#10034 = PCURVE('',#9890,#10035);
#10035 = DEFINITIONAL_REPRESENTATION('',(#10036),#10040);
#10036 = LINE('',#10037,#10038);
#10037 = CARTESIAN_POINT('',(14.25,8.748703170029));
#10038 = VECTOR('',#10039,1.);
#10039 = DIRECTION('',(-1.,0.));
#10040 = ( GEOMETRIC_REPRESENTATION_CONTEXT(2) 
PARAMETRIC_REPRESENTATION_CONTEXT() REPRESENTATION_CONTEXT('2D SPACE',''
  ) );
#10041 = ADVANCED_FACE('',(#10042),#3184,.F.);
#10042 = FACE_BOUND('',#10043,.F.);
#10043 = EDGE_LOOP('',(#10044,#10045,#10066,#10094));
#10044 = ORIENTED_EDGE('',*,*,#3167,.F.);
#10045 = ORIENTED_EDGE('',*,*,#10046,.T.);
#10046 = EDGE_CURVE('',#3168,#10047,#10049,.T.);
#10047 = VERTEX_POINT('',#10048);
#10048 = CARTESIAN_POINT('',(-9.748703170029,24.251296829971,5.8));
#10049 = SURFACE_CURVE('',#10050,(#10054,#10060),.PCURVE_S1.);
#10050 = LINE('',#10051,#10052);
#10051 = CARTESIAN_POINT('',(-14.25,19.75,40.51));
#10052 = VECTOR('',#10053,1.);
#10053 = DIRECTION('',(0.127555550137,0.127555550137,-0.983595019944));
#10054 = PCURVE('',#3184,#10055);
#10055 = DEFINITIONAL_REPRESENTATION('',(#10056),#10059);
#10056 = B_SPLINE_CURVE_WITH_KNOTS('',1,(#10057,#10058),.UNSPECIFIED.,
  .F.,.F.,(2,2),(0.,35.288913929208),.PIECEWISE_BEZIER_KNOTS.);
#10057 = CARTESIAN_POINT('',(0.,0.));
#10058 = CARTESIAN_POINT('',(35.000653896056,4.501296829971));
#10059 = ( GEOMETRIC_REPRESENTATION_CONTEXT(2) 
PARAMETRIC_REPRESENTATION_CONTEXT() REPRESENTATION_CONTEXT('2D SPACE',''
  ) );
#10060 = PCURVE('',#3210,#10061);
#10061 = DEFINITIONAL_REPRESENTATION('',(#10062),#10065);
#10062 = B_SPLINE_CURVE_WITH_KNOTS('',1,(#10063,#10064),.UNSPECIFIED.,
  .F.,.F.,(2,2),(0.,35.288913929208),.PIECEWISE_BEZIER_KNOTS.);
#10063 = CARTESIAN_POINT('',(0.,26.5));
#10064 = CARTESIAN_POINT('',(35.000653896056,21.998703170029));
#10065 = ( GEOMETRIC_REPRESENTATION_CONTEXT(2) 
PARAMETRIC_REPRESENTATION_CONTEXT() REPRESENTATION_CONTEXT('2D SPACE',''
  ) );
#10066 = ORIENTED_EDGE('',*,*,#10067,.T.);
#10067 = EDGE_CURVE('',#10047,#10068,#10070,.T.);
#10068 = VERTEX_POINT('',#10069);
#10069 = CARTESIAN_POINT('',(9.748703170029,24.251296829971,5.8));
#10070 = SURFACE_CURVE('',#10071,(#10075,#10082),.PCURVE_S1.);
#10071 = LINE('',#10072,#10073);
#10072 = CARTESIAN_POINT('',(-14.25,24.251296829971,5.8));
#10073 = VECTOR('',#10074,1.);
#10074 = DIRECTION('',(1.,0.,0.));
#10075 = PCURVE('',#3184,#10076);
#10076 = DEFINITIONAL_REPRESENTATION('',(#10077),#10081);
#10077 = LINE('',#10078,#10079);
#10078 = CARTESIAN_POINT('',(35.000653896056,0.));
#10079 = VECTOR('',#10080,1.);
#10080 = DIRECTION('',(0.,1.));
#10081 = ( GEOMETRIC_REPRESENTATION_CONTEXT(2) 
PARAMETRIC_REPRESENTATION_CONTEXT() REPRESENTATION_CONTEXT('2D SPACE',''
  ) );
#10082 = PCURVE('',#10083,#10088);
#10083 = PLANE('',#10084);
#10084 = AXIS2_PLACEMENT_3D('',#10085,#10086,#10087);
#10085 = CARTESIAN_POINT('',(0.,33.,5.8));
#10086 = DIRECTION('',(0.,0.,1.));
#10087 = DIRECTION('',(1.,0.,0.));
#10088 = DEFINITIONAL_REPRESENTATION('',(#10089),#10093);
#10089 = LINE('',#10090,#10091);
#10090 = CARTESIAN_POINT('',(-14.25,-8.748703170029));
#10091 = VECTOR('',#10092,1.);
#10092 = DIRECTION('',(1.,0.));
#10093 = ( GEOMETRIC_REPRESENTATION_CONTEXT(2) 
PARAMETRIC_REPRESENTATION_CONTEXT() REPRESENTATION_CONTEXT('2D SPACE',''
  ) );
#10094 = ORIENTED_EDGE('',*,*,#10095,.F.);
#10095 = EDGE_CURVE('',#3170,#10068,#10096,.T.);
#10096 = SURFACE_CURVE('',#10097,(#10101,#10107),.PCURVE_S1.);
#10097 = LINE('',#10098,#10099);
#10098 = CARTESIAN_POINT('',(14.25,19.75,40.51));
#10099 = VECTOR('',#10100,1.);
#10100 = DIRECTION('',(-0.127555550137,0.127555550137,-0.983595019944));
#10101 = PCURVE('',#3184,#10102);
#10102 = DEFINITIONAL_REPRESENTATION('',(#10103),#10106);
#10103 = B_SPLINE_CURVE_WITH_KNOTS('',1,(#10104,#10105),.UNSPECIFIED.,
  .F.,.F.,(2,2),(0.,35.288913929208),.PIECEWISE_BEZIER_KNOTS.);
#10104 = CARTESIAN_POINT('',(0.,28.5));
#10105 = CARTESIAN_POINT('',(35.000653896056,23.998703170029));
#10106 = ( GEOMETRIC_REPRESENTATION_CONTEXT(2) 
PARAMETRIC_REPRESENTATION_CONTEXT() REPRESENTATION_CONTEXT('2D SPACE',''
  ) );
#10107 = PCURVE('',#3260,#10108);
#10108 = DEFINITIONAL_REPRESENTATION('',(#10109),#10112);
#10109 = B_SPLINE_CURVE_WITH_KNOTS('',1,(#10110,#10111),.UNSPECIFIED.,
  .F.,.F.,(2,2),(0.,35.288913929208),.PIECEWISE_BEZIER_KNOTS.);
#10110 = CARTESIAN_POINT('',(0.,0.));
#10111 = CARTESIAN_POINT('',(35.000653896056,4.501296829971));
#10112 = ( GEOMETRIC_REPRESENTATION_CONTEXT(2) 
PARAMETRIC_REPRESENTATION_CONTEXT() REPRESENTATION_CONTEXT('2D SPACE',''
  ) );
#10113 = ADVANCED_FACE('',(#10114),#3210,.F.);
#10114 = FACE_BOUND('',#10115,.F.);
#10115 = EDGE_LOOP('',(#10116,#10117,#10138,#10159));
#10116 = ORIENTED_EDGE('',*,*,#3195,.F.);
#10117 = ORIENTED_EDGE('',*,*,#10118,.T.);
#10118 = EDGE_CURVE('',#3196,#10119,#10121,.T.);
#10119 = VERTEX_POINT('',#10120);
#10120 = CARTESIAN_POINT('',(-9.748703170029,41.748703170029,5.8));
#10121 = SURFACE_CURVE('',#10122,(#10126,#10132),.PCURVE_S1.);
#10122 = LINE('',#10123,#10124);
#10123 = CARTESIAN_POINT('',(-14.25,46.25,40.51));
#10124 = VECTOR('',#10125,1.);
#10125 = DIRECTION('',(0.127555550137,-0.127555550137,-0.983595019944));
#10126 = PCURVE('',#3210,#10127);
#10127 = DEFINITIONAL_REPRESENTATION('',(#10128),#10131);
#10128 = B_SPLINE_CURVE_WITH_KNOTS('',1,(#10129,#10130),.UNSPECIFIED.,
  .F.,.F.,(2,2),(0.,35.288913929208),.PIECEWISE_BEZIER_KNOTS.);
#10129 = CARTESIAN_POINT('',(0.,0.));
#10130 = CARTESIAN_POINT('',(35.000653896056,4.501296829971));
#10131 = ( GEOMETRIC_REPRESENTATION_CONTEXT(2) 
PARAMETRIC_REPRESENTATION_CONTEXT() REPRESENTATION_CONTEXT('2D SPACE',''
  ) );
#10132 = PCURVE('',#3236,#10133);
#10133 = DEFINITIONAL_REPRESENTATION('',(#10134),#10137);
#10134 = B_SPLINE_CURVE_WITH_KNOTS('',1,(#10135,#10136),.UNSPECIFIED.,
  .F.,.F.,(2,2),(0.,35.288913929208),.PIECEWISE_BEZIER_KNOTS.);
#10135 = CARTESIAN_POINT('',(0.,28.5));
#10136 = CARTESIAN_POINT('',(35.000653896056,23.998703170029));
#10137 = ( GEOMETRIC_REPRESENTATION_CONTEXT(2) 
PARAMETRIC_REPRESENTATION_CONTEXT() REPRESENTATION_CONTEXT('2D SPACE',''
  ) );
#10138 = ORIENTED_EDGE('',*,*,#10139,.T.);
#10139 = EDGE_CURVE('',#10119,#10047,#10140,.T.);
#10140 = SURFACE_CURVE('',#10141,(#10145,#10152),.PCURVE_S1.);
#10141 = LINE('',#10142,#10143);
#10142 = CARTESIAN_POINT('',(-9.748703170029,46.25,5.8));
#10143 = VECTOR('',#10144,1.);
#10144 = DIRECTION('',(0.,-1.,0.));
#10145 = PCURVE('',#3210,#10146);
#10146 = DEFINITIONAL_REPRESENTATION('',(#10147),#10151);
#10147 = LINE('',#10148,#10149);
#10148 = CARTESIAN_POINT('',(35.000653896056,0.));
#10149 = VECTOR('',#10150,1.);
#10150 = DIRECTION('',(0.,1.));
#10151 = ( GEOMETRIC_REPRESENTATION_CONTEXT(2) 
PARAMETRIC_REPRESENTATION_CONTEXT() REPRESENTATION_CONTEXT('2D SPACE',''
  ) );
#10152 = PCURVE('',#10083,#10153);
#10153 = DEFINITIONAL_REPRESENTATION('',(#10154),#10158);
#10154 = LINE('',#10155,#10156);
#10155 = CARTESIAN_POINT('',(-9.748703170029,13.25));
#10156 = VECTOR('',#10157,1.);
#10157 = DIRECTION('',(0.,-1.));
#10158 = ( GEOMETRIC_REPRESENTATION_CONTEXT(2) 
PARAMETRIC_REPRESENTATION_CONTEXT() REPRESENTATION_CONTEXT('2D SPACE',''
  ) );
#10159 = ORIENTED_EDGE('',*,*,#10046,.F.);
#10160 = ADVANCED_FACE('',(#10161),#3260,.F.);
#10161 = FACE_BOUND('',#10162,.F.);
#10162 = EDGE_LOOP('',(#10163,#10164,#10165,#10188));
#10163 = ORIENTED_EDGE('',*,*,#3247,.F.);
#10164 = ORIENTED_EDGE('',*,*,#10095,.T.);
#10165 = ORIENTED_EDGE('',*,*,#10166,.T.);
#10166 = EDGE_CURVE('',#10068,#10167,#10169,.T.);
#10167 = VERTEX_POINT('',#10168);
#10168 = CARTESIAN_POINT('',(9.748703170029,41.748703170029,5.8));
#10169 = SURFACE_CURVE('',#10170,(#10174,#10181),.PCURVE_S1.);
#10170 = LINE('',#10171,#10172);
#10171 = CARTESIAN_POINT('',(9.748703170029,19.75,5.8));
#10172 = VECTOR('',#10173,1.);
#10173 = DIRECTION('',(0.,1.,0.));
#10174 = PCURVE('',#3260,#10175);
#10175 = DEFINITIONAL_REPRESENTATION('',(#10176),#10180);
#10176 = LINE('',#10177,#10178);
#10177 = CARTESIAN_POINT('',(35.000653896056,0.));
#10178 = VECTOR('',#10179,1.);
#10179 = DIRECTION('',(0.,1.));
#10180 = ( GEOMETRIC_REPRESENTATION_CONTEXT(2) 
PARAMETRIC_REPRESENTATION_CONTEXT() REPRESENTATION_CONTEXT('2D SPACE',''
  ) );
#10181 = PCURVE('',#10083,#10182);
#10182 = DEFINITIONAL_REPRESENTATION('',(#10183),#10187);
#10183 = LINE('',#10184,#10185);
#10184 = CARTESIAN_POINT('',(9.748703170029,-13.25));
#10185 = VECTOR('',#10186,1.);
#10186 = DIRECTION('',(0.,1.));
#10187 = ( GEOMETRIC_REPRESENTATION_CONTEXT(2) 
PARAMETRIC_REPRESENTATION_CONTEXT() REPRESENTATION_CONTEXT('2D SPACE',''
  ) );
#10188 = ORIENTED_EDGE('',*,*,#10189,.F.);
#10189 = EDGE_CURVE('',#3222,#10167,#10190,.T.);
#10190 = SURFACE_CURVE('',#10191,(#10195,#10201),.PCURVE_S1.);
#10191 = LINE('',#10192,#10193);
#10192 = CARTESIAN_POINT('',(14.25,46.25,40.51));
#10193 = VECTOR('',#10194,1.);
#10194 = DIRECTION('',(-0.127555550137,-0.127555550137,-0.983595019944)
  );
#10195 = PCURVE('',#3260,#10196);
#10196 = DEFINITIONAL_REPRESENTATION('',(#10197),#10200);
#10197 = B_SPLINE_CURVE_WITH_KNOTS('',1,(#10198,#10199),.UNSPECIFIED.,
  .F.,.F.,(2,2),(-0.,35.288913929208),.PIECEWISE_BEZIER_KNOTS.);
#10198 = CARTESIAN_POINT('',(0.,26.5));
#10199 = CARTESIAN_POINT('',(35.000653896056,21.998703170029));
#10200 = ( GEOMETRIC_REPRESENTATION_CONTEXT(2) 
PARAMETRIC_REPRESENTATION_CONTEXT() REPRESENTATION_CONTEXT('2D SPACE',''
  ) );
#10201 = PCURVE('',#3236,#10202);
#10202 = DEFINITIONAL_REPRESENTATION('',(#10203),#10206);
#10203 = B_SPLINE_CURVE_WITH_KNOTS('',1,(#10204,#10205),.UNSPECIFIED.,
  .F.,.F.,(2,2),(-0.,35.288913929208),.PIECEWISE_BEZIER_KNOTS.);
#10204 = CARTESIAN_POINT('',(0.,0.));
#10205 = CARTESIAN_POINT('',(35.000653896056,4.501296829971));
#10206 = ( GEOMETRIC_REPRESENTATION_CONTEXT(2) 
PARAMETRIC_REPRESENTATION_CONTEXT() REPRESENTATION_CONTEXT('2D SPACE',''
  ) );
#10207 = ADVANCED_FACE('',(#10208),#3236,.F.);
#10208 = FACE_BOUND('',#10209,.F.);
#10209 = EDGE_LOOP('',(#10210,#10211,#10212,#10213));
#10210 = ORIENTED_EDGE('',*,*,#10118,.F.);
#10211 = ORIENTED_EDGE('',*,*,#3221,.F.);
#10212 = ORIENTED_EDGE('',*,*,#10189,.T.);
#10213 = ORIENTED_EDGE('',*,*,#10214,.T.);
#10214 = EDGE_CURVE('',#10167,#10119,#10215,.T.);
#10215 = SURFACE_CURVE('',#10216,(#10220,#10227),.PCURVE_S1.);
#10216 = LINE('',#10217,#10218);
#10217 = CARTESIAN_POINT('',(14.25,41.748703170029,5.8));
#10218 = VECTOR('',#10219,1.);
#10219 = DIRECTION('',(-1.,0.,0.));
#10220 = PCURVE('',#3236,#10221);
#10221 = DEFINITIONAL_REPRESENTATION('',(#10222),#10226);
#10222 = LINE('',#10223,#10224);
#10223 = CARTESIAN_POINT('',(35.000653896056,0.));
#10224 = VECTOR('',#10225,1.);
#10225 = DIRECTION('',(-0.,1.));
#10226 = ( GEOMETRIC_REPRESENTATION_CONTEXT(2) 
PARAMETRIC_REPRESENTATION_CONTEXT() REPRESENTATION_CONTEXT('2D SPACE',''
  ) );
#10227 = PCURVE('',#10083,#10228);
#10228 = DEFINITIONAL_REPRESENTATION('',(#10229),#10233);
#10229 = LINE('',#10230,#10231);
#10230 = CARTESIAN_POINT('',(14.25,8.748703170029));
#10231 = VECTOR('',#10232,1.);
#10232 = DIRECTION('',(-1.,0.));
#10233 = ( GEOMETRIC_REPRESENTATION_CONTEXT(2) 
PARAMETRIC_REPRESENTATION_CONTEXT() REPRESENTATION_CONTEXT('2D SPACE',''
  ) );
#10234 = ADVANCED_FACE('',(#10235),#3290,.F.);
#10235 = FACE_BOUND('',#10236,.F.);
#10236 = EDGE_LOOP('',(#10237,#10238,#10259,#10287));
#10237 = ORIENTED_EDGE('',*,*,#3273,.F.);
#10238 = ORIENTED_EDGE('',*,*,#10239,.T.);
#10239 = EDGE_CURVE('',#3274,#10240,#10242,.T.);
#10240 = VERTEX_POINT('',#10241);
#10241 = CARTESIAN_POINT('',(25.251296829971,24.251296829971,5.8));
#10242 = SURFACE_CURVE('',#10243,(#10247,#10253),.PCURVE_S1.);
#10243 = LINE('',#10244,#10245);
#10244 = CARTESIAN_POINT('',(20.75,19.75,40.51));
#10245 = VECTOR('',#10246,1.);
#10246 = DIRECTION('',(0.127555550137,0.127555550137,-0.983595019944));
#10247 = PCURVE('',#3290,#10248);
#10248 = DEFINITIONAL_REPRESENTATION('',(#10249),#10252);
#10249 = B_SPLINE_CURVE_WITH_KNOTS('',1,(#10250,#10251),.UNSPECIFIED.,
  .F.,.F.,(2,2),(0.,35.288913929208),.PIECEWISE_BEZIER_KNOTS.);
#10250 = CARTESIAN_POINT('',(0.,0.));
#10251 = CARTESIAN_POINT('',(35.000653896056,4.501296829971));
#10252 = ( GEOMETRIC_REPRESENTATION_CONTEXT(2) 
PARAMETRIC_REPRESENTATION_CONTEXT() REPRESENTATION_CONTEXT('2D SPACE',''
  ) );
#10253 = PCURVE('',#3316,#10254);
#10254 = DEFINITIONAL_REPRESENTATION('',(#10255),#10258);
#10255 = B_SPLINE_CURVE_WITH_KNOTS('',1,(#10256,#10257),.UNSPECIFIED.,
  .F.,.F.,(2,2),(0.,35.288913929208),.PIECEWISE_BEZIER_KNOTS.);
#10256 = CARTESIAN_POINT('',(0.,26.5));
#10257 = CARTESIAN_POINT('',(35.000653896056,21.998703170029));
#10258 = ( GEOMETRIC_REPRESENTATION_CONTEXT(2) 
PARAMETRIC_REPRESENTATION_CONTEXT() REPRESENTATION_CONTEXT('2D SPACE',''
  ) );
#10259 = ORIENTED_EDGE('',*,*,#10260,.T.);
#10260 = EDGE_CURVE('',#10240,#10261,#10263,.T.);
#10261 = VERTEX_POINT('',#10262);
#10262 = CARTESIAN_POINT('',(44.748703170029,24.251296829971,5.8));
#10263 = SURFACE_CURVE('',#10264,(#10268,#10275),.PCURVE_S1.);
#10264 = LINE('',#10265,#10266);
#10265 = CARTESIAN_POINT('',(20.75,24.251296829971,5.8));
#10266 = VECTOR('',#10267,1.);
#10267 = DIRECTION('',(1.,0.,0.));
#10268 = PCURVE('',#3290,#10269);
#10269 = DEFINITIONAL_REPRESENTATION('',(#10270),#10274);
#10270 = LINE('',#10271,#10272);
#10271 = CARTESIAN_POINT('',(35.000653896056,0.));
#10272 = VECTOR('',#10273,1.);
#10273 = DIRECTION('',(0.,1.));
#10274 = ( GEOMETRIC_REPRESENTATION_CONTEXT(2) 
PARAMETRIC_REPRESENTATION_CONTEXT() REPRESENTATION_CONTEXT('2D SPACE',''
  ) );
#10275 = PCURVE('',#10276,#10281);
#10276 = PLANE('',#10277);
#10277 = AXIS2_PLACEMENT_3D('',#10278,#10279,#10280);
#10278 = CARTESIAN_POINT('',(35.,33.,5.8));
#10279 = DIRECTION('',(0.,0.,1.));
#10280 = DIRECTION('',(1.,0.,0.));
#10281 = DEFINITIONAL_REPRESENTATION('',(#10282),#10286);
#10282 = LINE('',#10283,#10284);
#10283 = CARTESIAN_POINT('',(-14.25,-8.748703170029));
#10284 = VECTOR('',#10285,1.);
#10285 = DIRECTION('',(1.,0.));
#10286 = ( GEOMETRIC_REPRESENTATION_CONTEXT(2) 
PARAMETRIC_REPRESENTATION_CONTEXT() REPRESENTATION_CONTEXT('2D SPACE',''
  ) );
#10287 = ORIENTED_EDGE('',*,*,#10288,.F.);
#10288 = EDGE_CURVE('',#3276,#10261,#10289,.T.);
#10289 = SURFACE_CURVE('',#10290,(#10294,#10300),.PCURVE_S1.);
#10290 = LINE('',#10291,#10292);
#10291 = CARTESIAN_POINT('',(49.25,19.75,40.51));
#10292 = VECTOR('',#10293,1.);
#10293 = DIRECTION('',(-0.127555550137,0.127555550137,-0.983595019944));
#10294 = PCURVE('',#3290,#10295);
#10295 = DEFINITIONAL_REPRESENTATION('',(#10296),#10299);
#10296 = B_SPLINE_CURVE_WITH_KNOTS('',1,(#10297,#10298),.UNSPECIFIED.,
  .F.,.F.,(2,2),(0.,35.288913929208),.PIECEWISE_BEZIER_KNOTS.);
#10297 = CARTESIAN_POINT('',(0.,28.5));
#10298 = CARTESIAN_POINT('',(35.000653896056,23.998703170029));
#10299 = ( GEOMETRIC_REPRESENTATION_CONTEXT(2) 
PARAMETRIC_REPRESENTATION_CONTEXT() REPRESENTATION_CONTEXT('2D SPACE',''
  ) );
#10300 = PCURVE('',#3366,#10301);
#10301 = DEFINITIONAL_REPRESENTATION('',(#10302),#10305);
#10302 = B_SPLINE_CURVE_WITH_KNOTS('',1,(#10303,#10304),.UNSPECIFIED.,
  .F.,.F.,(2,2),(0.,35.288913929208),.PIECEWISE_BEZIER_KNOTS.);
#10303 = CARTESIAN_POINT('',(0.,0.));
#10304 = CARTESIAN_POINT('',(35.000653896056,4.501296829971));
#10305 = ( GEOMETRIC_REPRESENTATION_CONTEXT(2) 
PARAMETRIC_REPRESENTATION_CONTEXT() REPRESENTATION_CONTEXT('2D SPACE',''
  ) );
#10306 = ADVANCED_FACE('',(#10307),#3316,.F.);
#10307 = FACE_BOUND('',#10308,.F.);
#10308 = EDGE_LOOP('',(#10309,#10310,#10331,#10352));
#10309 = ORIENTED_EDGE('',*,*,#3301,.F.);
#10310 = ORIENTED_EDGE('',*,*,#10311,.T.);
#10311 = EDGE_CURVE('',#3302,#10312,#10314,.T.);
#10312 = VERTEX_POINT('',#10313);
#10313 = CARTESIAN_POINT('',(25.251296829971,41.748703170029,5.8));
#10314 = SURFACE_CURVE('',#10315,(#10319,#10325),.PCURVE_S1.);
#10315 = LINE('',#10316,#10317);
#10316 = CARTESIAN_POINT('',(20.75,46.25,40.51));
#10317 = VECTOR('',#10318,1.);
#10318 = DIRECTION('',(0.127555550137,-0.127555550137,-0.983595019944));
#10319 = PCURVE('',#3316,#10320);
#10320 = DEFINITIONAL_REPRESENTATION('',(#10321),#10324);
#10321 = B_SPLINE_CURVE_WITH_KNOTS('',1,(#10322,#10323),.UNSPECIFIED.,
  .F.,.F.,(2,2),(0.,35.288913929208),.PIECEWISE_BEZIER_KNOTS.);
#10322 = CARTESIAN_POINT('',(0.,0.));
#10323 = CARTESIAN_POINT('',(35.000653896056,4.501296829971));
#10324 = ( GEOMETRIC_REPRESENTATION_CONTEXT(2) 
PARAMETRIC_REPRESENTATION_CONTEXT() REPRESENTATION_CONTEXT('2D SPACE',''
  ) );
#10325 = PCURVE('',#3342,#10326);
#10326 = DEFINITIONAL_REPRESENTATION('',(#10327),#10330);
#10327 = B_SPLINE_CURVE_WITH_KNOTS('',1,(#10328,#10329),.UNSPECIFIED.,
  .F.,.F.,(2,2),(0.,35.288913929208),.PIECEWISE_BEZIER_KNOTS.);
#10328 = CARTESIAN_POINT('',(0.,28.5));
#10329 = CARTESIAN_POINT('',(35.000653896056,23.998703170029));
#10330 = ( GEOMETRIC_REPRESENTATION_CONTEXT(2) 
PARAMETRIC_REPRESENTATION_CONTEXT() REPRESENTATION_CONTEXT('2D SPACE',''
  ) );
#10331 = ORIENTED_EDGE('',*,*,#10332,.T.);
#10332 = EDGE_CURVE('',#10312,#10240,#10333,.T.);
#10333 = SURFACE_CURVE('',#10334,(#10338,#10345),.PCURVE_S1.);
#10334 = LINE('',#10335,#10336);
#10335 = CARTESIAN_POINT('',(25.251296829971,46.25,5.8));
#10336 = VECTOR('',#10337,1.);
#10337 = DIRECTION('',(0.,-1.,0.));
#10338 = PCURVE('',#3316,#10339);
#10339 = DEFINITIONAL_REPRESENTATION('',(#10340),#10344);
#10340 = LINE('',#10341,#10342);
#10341 = CARTESIAN_POINT('',(35.000653896056,0.));
#10342 = VECTOR('',#10343,1.);
#10343 = DIRECTION('',(0.,1.));
#10344 = ( GEOMETRIC_REPRESENTATION_CONTEXT(2) 
PARAMETRIC_REPRESENTATION_CONTEXT() REPRESENTATION_CONTEXT('2D SPACE',''
  ) );
#10345 = PCURVE('',#10276,#10346);
#10346 = DEFINITIONAL_REPRESENTATION('',(#10347),#10351);
#10347 = LINE('',#10348,#10349);
#10348 = CARTESIAN_POINT('',(-9.748703170029,13.25));
#10349 = VECTOR('',#10350,1.);
#10350 = DIRECTION('',(0.,-1.));
#10351 = ( GEOMETRIC_REPRESENTATION_CONTEXT(2) 
PARAMETRIC_REPRESENTATION_CONTEXT() REPRESENTATION_CONTEXT('2D SPACE',''
  ) );
#10352 = ORIENTED_EDGE('',*,*,#10239,.F.);
#10353 = ADVANCED_FACE('',(#10354),#3366,.F.);
#10354 = FACE_BOUND('',#10355,.F.);
#10355 = EDGE_LOOP('',(#10356,#10357,#10358,#10381));
#10356 = ORIENTED_EDGE('',*,*,#3353,.F.);
#10357 = ORIENTED_EDGE('',*,*,#10288,.T.);
#10358 = ORIENTED_EDGE('',*,*,#10359,.T.);
#10359 = EDGE_CURVE('',#10261,#10360,#10362,.T.);
#10360 = VERTEX_POINT('',#10361);
#10361 = CARTESIAN_POINT('',(44.748703170029,41.748703170029,5.8));
#10362 = SURFACE_CURVE('',#10363,(#10367,#10374),.PCURVE_S1.);
#10363 = LINE('',#10364,#10365);
#10364 = CARTESIAN_POINT('',(44.748703170029,19.75,5.8));
#10365 = VECTOR('',#10366,1.);
#10366 = DIRECTION('',(0.,1.,0.));
#10367 = PCURVE('',#3366,#10368);
#10368 = DEFINITIONAL_REPRESENTATION('',(#10369),#10373);
#10369 = LINE('',#10370,#10371);
#10370 = CARTESIAN_POINT('',(35.000653896056,0.));
#10371 = VECTOR('',#10372,1.);
#10372 = DIRECTION('',(0.,1.));
#10373 = ( GEOMETRIC_REPRESENTATION_CONTEXT(2) 
PARAMETRIC_REPRESENTATION_CONTEXT() REPRESENTATION_CONTEXT('2D SPACE',''
  ) );
#10374 = PCURVE('',#10276,#10375);
#10375 = DEFINITIONAL_REPRESENTATION('',(#10376),#10380);
#10376 = LINE('',#10377,#10378);
#10377 = CARTESIAN_POINT('',(9.748703170029,-13.25));
#10378 = VECTOR('',#10379,1.);
#10379 = DIRECTION('',(0.,1.));
#10380 = ( GEOMETRIC_REPRESENTATION_CONTEXT(2) 
PARAMETRIC_REPRESENTATION_CONTEXT() REPRESENTATION_CONTEXT('2D SPACE',''
  ) );
#10381 = ORIENTED_EDGE('',*,*,#10382,.F.);
#10382 = EDGE_CURVE('',#3328,#10360,#10383,.T.);
#10383 = SURFACE_CURVE('',#10384,(#10388,#10394),.PCURVE_S1.);
#10384 = LINE('',#10385,#10386);
#10385 = CARTESIAN_POINT('',(49.25,46.25,40.51));
#10386 = VECTOR('',#10387,1.);
#10387 = DIRECTION('',(-0.127555550137,-0.127555550137,-0.983595019944)
  );
#10388 = PCURVE('',#3366,#10389);
#10389 = DEFINITIONAL_REPRESENTATION('',(#10390),#10393);
#10390 = B_SPLINE_CURVE_WITH_KNOTS('',1,(#10391,#10392),.UNSPECIFIED.,
  .F.,.F.,(2,2),(-0.,35.288913929208),.PIECEWISE_BEZIER_KNOTS.);
#10391 = CARTESIAN_POINT('',(0.,26.5));
#10392 = CARTESIAN_POINT('',(35.000653896056,21.998703170029));
#10393 = ( GEOMETRIC_REPRESENTATION_CONTEXT(2) 
PARAMETRIC_REPRESENTATION_CONTEXT() REPRESENTATION_CONTEXT('2D SPACE',''
  ) );
#10394 = PCURVE('',#3342,#10395);
#10395 = DEFINITIONAL_REPRESENTATION('',(#10396),#10399);
#10396 = B_SPLINE_CURVE_WITH_KNOTS('',1,(#10397,#10398),.UNSPECIFIED.,
  .F.,.F.,(2,2),(-0.,35.288913929208),.PIECEWISE_BEZIER_KNOTS.);
#10397 = CARTESIAN_POINT('',(0.,0.));
#10398 = CARTESIAN_POINT('',(35.000653896056,4.501296829971));
#10399 = ( GEOMETRIC_REPRESENTATION_CONTEXT(2) 
PARAMETRIC_REPRESENTATION_CONTEXT() REPRESENTATION_CONTEXT('2D SPACE',''
  ) );
#10400 = ADVANCED_FACE('',(#10401),#3342,.F.);
#10401 = FACE_BOUND('',#10402,.F.);
#10402 = EDGE_LOOP('',(#10403,#10404,#10405,#10406));
#10403 = ORIENTED_EDGE('',*,*,#10311,.F.);
#10404 = ORIENTED_EDGE('',*,*,#3327,.F.);
#10405 = ORIENTED_EDGE('',*,*,#10382,.T.);
#10406 = ORIENTED_EDGE('',*,*,#10407,.T.);
#10407 = EDGE_CURVE('',#10360,#10312,#10408,.T.);
#10408 = SURFACE_CURVE('',#10409,(#10413,#10420),.PCURVE_S1.);
#10409 = LINE('',#10410,#10411);
#10410 = CARTESIAN_POINT('',(49.25,41.748703170029,5.8));
#10411 = VECTOR('',#10412,1.);
#10412 = DIRECTION('',(-1.,0.,0.));
#10413 = PCURVE('',#3342,#10414);
#10414 = DEFINITIONAL_REPRESENTATION('',(#10415),#10419);
#10415 = LINE('',#10416,#10417);
#10416 = CARTESIAN_POINT('',(35.000653896056,0.));
#10417 = VECTOR('',#10418,1.);
#10418 = DIRECTION('',(-0.,1.));
#10419 = ( GEOMETRIC_REPRESENTATION_CONTEXT(2) 
PARAMETRIC_REPRESENTATION_CONTEXT() REPRESENTATION_CONTEXT('2D SPACE',''
  ) );
#10420 = PCURVE('',#10276,#10421);
#10421 = DEFINITIONAL_REPRESENTATION('',(#10422),#10426);
#10422 = LINE('',#10423,#10424);
#10423 = CARTESIAN_POINT('',(14.25,8.748703170029));
#10424 = VECTOR('',#10425,1.);
#10425 = DIRECTION('',(-1.,0.));
#10426 = ( GEOMETRIC_REPRESENTATION_CONTEXT(2) 
PARAMETRIC_REPRESENTATION_CONTEXT() REPRESENTATION_CONTEXT('2D SPACE',''
  ) );
#10427 = ADVANCED_FACE('',(#10428),#3396,.F.);
#10428 = FACE_BOUND('',#10429,.F.);
#10429 = EDGE_LOOP('',(#10430,#10431,#10452,#10480));
#10430 = ORIENTED_EDGE('',*,*,#3379,.F.);
#10431 = ORIENTED_EDGE('',*,*,#10432,.T.);
#10432 = EDGE_CURVE('',#3380,#10433,#10435,.T.);
#10433 = VERTEX_POINT('',#10434);
#10434 = CARTESIAN_POINT('',(60.251296829971,-8.748703170029,5.8));
#10435 = SURFACE_CURVE('',#10436,(#10440,#10446),.PCURVE_S1.);
#10436 = LINE('',#10437,#10438);
#10437 = CARTESIAN_POINT('',(55.75,-13.25,40.51));
#10438 = VECTOR('',#10439,1.);
#10439 = DIRECTION('',(0.127555550137,0.127555550137,-0.983595019944));
#10440 = PCURVE('',#3396,#10441);
#10441 = DEFINITIONAL_REPRESENTATION('',(#10442),#10445);
#10442 = B_SPLINE_CURVE_WITH_KNOTS('',1,(#10443,#10444),.UNSPECIFIED.,
  .F.,.F.,(2,2),(0.,35.288913929208),.PIECEWISE_BEZIER_KNOTS.);
#10443 = CARTESIAN_POINT('',(0.,0.));
#10444 = CARTESIAN_POINT('',(35.000653896056,4.501296829971));
#10445 = ( GEOMETRIC_REPRESENTATION_CONTEXT(2) 
PARAMETRIC_REPRESENTATION_CONTEXT() REPRESENTATION_CONTEXT('2D SPACE',''
  ) );
#10446 = PCURVE('',#3422,#10447);
#10447 = DEFINITIONAL_REPRESENTATION('',(#10448),#10451);
#10448 = B_SPLINE_CURVE_WITH_KNOTS('',1,(#10449,#10450),.UNSPECIFIED.,
  .F.,.F.,(2,2),(0.,35.288913929208),.PIECEWISE_BEZIER_KNOTS.);
#10449 = CARTESIAN_POINT('',(0.,26.5));
#10450 = CARTESIAN_POINT('',(35.000653896056,21.998703170029));
#10451 = ( GEOMETRIC_REPRESENTATION_CONTEXT(2) 
PARAMETRIC_REPRESENTATION_CONTEXT() REPRESENTATION_CONTEXT('2D SPACE',''
  ) );
#10452 = ORIENTED_EDGE('',*,*,#10453,.T.);
#10453 = EDGE_CURVE('',#10433,#10454,#10456,.T.);
#10454 = VERTEX_POINT('',#10455);
#10455 = CARTESIAN_POINT('',(79.748703170029,-8.748703170029,5.8));
#10456 = SURFACE_CURVE('',#10457,(#10461,#10468),.PCURVE_S1.);
#10457 = LINE('',#10458,#10459);
#10458 = CARTESIAN_POINT('',(55.75,-8.748703170029,5.8));
#10459 = VECTOR('',#10460,1.);
#10460 = DIRECTION('',(1.,0.,0.));
#10461 = PCURVE('',#3396,#10462);
#10462 = DEFINITIONAL_REPRESENTATION('',(#10463),#10467);
#10463 = LINE('',#10464,#10465);
#10464 = CARTESIAN_POINT('',(35.000653896056,0.));
#10465 = VECTOR('',#10466,1.);
#10466 = DIRECTION('',(0.,1.));
#10467 = ( GEOMETRIC_REPRESENTATION_CONTEXT(2) 
PARAMETRIC_REPRESENTATION_CONTEXT() REPRESENTATION_CONTEXT('2D SPACE',''
  ) );
#10468 = PCURVE('',#10469,#10474);
#10469 = PLANE('',#10470);
#10470 = AXIS2_PLACEMENT_3D('',#10471,#10472,#10473);
#10471 = CARTESIAN_POINT('',(70.,0.,5.8));
#10472 = DIRECTION('',(0.,0.,1.));
#10473 = DIRECTION('',(1.,0.,0.));
#10474 = DEFINITIONAL_REPRESENTATION('',(#10475),#10479);
#10475 = LINE('',#10476,#10477);
#10476 = CARTESIAN_POINT('',(-14.25,-8.748703170029));
#10477 = VECTOR('',#10478,1.);
#10478 = DIRECTION('',(1.,0.));
#10479 = ( GEOMETRIC_REPRESENTATION_CONTEXT(2) 
PARAMETRIC_REPRESENTATION_CONTEXT() REPRESENTATION_CONTEXT('2D SPACE',''
  ) );
#10480 = ORIENTED_EDGE('',*,*,#10481,.F.);
#10481 = EDGE_CURVE('',#3382,#10454,#10482,.T.);
#10482 = SURFACE_CURVE('',#10483,(#10487,#10493),.PCURVE_S1.);
#10483 = LINE('',#10484,#10485);
#10484 = CARTESIAN_POINT('',(84.25,-13.25,40.51));
#10485 = VECTOR('',#10486,1.);
#10486 = DIRECTION('',(-0.127555550137,0.127555550137,-0.983595019944));
#10487 = PCURVE('',#3396,#10488);
#10488 = DEFINITIONAL_REPRESENTATION('',(#10489),#10492);
#10489 = B_SPLINE_CURVE_WITH_KNOTS('',1,(#10490,#10491),.UNSPECIFIED.,
  .F.,.F.,(2,2),(0.,35.288913929208),.PIECEWISE_BEZIER_KNOTS.);
#10490 = CARTESIAN_POINT('',(0.,28.5));
#10491 = CARTESIAN_POINT('',(35.000653896056,23.998703170029));
#10492 = ( GEOMETRIC_REPRESENTATION_CONTEXT(2) 
PARAMETRIC_REPRESENTATION_CONTEXT() REPRESENTATION_CONTEXT('2D SPACE',''
  ) );
#10493 = PCURVE('',#3472,#10494);
#10494 = DEFINITIONAL_REPRESENTATION('',(#10495),#10498);
#10495 = B_SPLINE_CURVE_WITH_KNOTS('',1,(#10496,#10497),.UNSPECIFIED.,
  .F.,.F.,(2,2),(0.,35.288913929208),.PIECEWISE_BEZIER_KNOTS.);
#10496 = CARTESIAN_POINT('',(0.,0.));
#10497 = CARTESIAN_POINT('',(35.000653896056,4.501296829971));
#10498 = ( GEOMETRIC_REPRESENTATION_CONTEXT(2) 
PARAMETRIC_REPRESENTATION_CONTEXT() REPRESENTATION_CONTEXT('2D SPACE',''
  ) );
#10499 = ADVANCED_FACE('',(#10500),#3422,.F.);
#10500 = FACE_BOUND('',#10501,.F.);
#10501 = EDGE_LOOP('',(#10502,#10503,#10524,#10545));
#10502 = ORIENTED_EDGE('',*,*,#3407,.F.);
#10503 = ORIENTED_EDGE('',*,*,#10504,.T.);
#10504 = EDGE_CURVE('',#3408,#10505,#10507,.T.);
#10505 = VERTEX_POINT('',#10506);
#10506 = CARTESIAN_POINT('',(60.251296829971,8.748703170029,5.8));
#10507 = SURFACE_CURVE('',#10508,(#10512,#10518),.PCURVE_S1.);
#10508 = LINE('',#10509,#10510);
#10509 = CARTESIAN_POINT('',(55.75,13.25,40.51));
#10510 = VECTOR('',#10511,1.);
#10511 = DIRECTION('',(0.127555550137,-0.127555550137,-0.983595019944));
#10512 = PCURVE('',#3422,#10513);
#10513 = DEFINITIONAL_REPRESENTATION('',(#10514),#10517);
#10514 = B_SPLINE_CURVE_WITH_KNOTS('',1,(#10515,#10516),.UNSPECIFIED.,
  .F.,.F.,(2,2),(0.,35.288913929208),.PIECEWISE_BEZIER_KNOTS.);
#10515 = CARTESIAN_POINT('',(0.,0.));
#10516 = CARTESIAN_POINT('',(35.000653896056,4.501296829971));
#10517 = ( GEOMETRIC_REPRESENTATION_CONTEXT(2) 
PARAMETRIC_REPRESENTATION_CONTEXT() REPRESENTATION_CONTEXT('2D SPACE',''
  ) );
#10518 = PCURVE('',#3448,#10519);
#10519 = DEFINITIONAL_REPRESENTATION('',(#10520),#10523);
#10520 = B_SPLINE_CURVE_WITH_KNOTS('',1,(#10521,#10522),.UNSPECIFIED.,
  .F.,.F.,(2,2),(0.,35.288913929208),.PIECEWISE_BEZIER_KNOTS.);
#10521 = CARTESIAN_POINT('',(0.,28.5));
#10522 = CARTESIAN_POINT('',(35.000653896056,23.998703170029));
#10523 = ( GEOMETRIC_REPRESENTATION_CONTEXT(2) 
PARAMETRIC_REPRESENTATION_CONTEXT() REPRESENTATION_CONTEXT('2D SPACE',''
  ) );
#10524 = ORIENTED_EDGE('',*,*,#10525,.T.);
#10525 = EDGE_CURVE('',#10505,#10433,#10526,.T.);
#10526 = SURFACE_CURVE('',#10527,(#10531,#10538),.PCURVE_S1.);
#10527 = LINE('',#10528,#10529);
#10528 = CARTESIAN_POINT('',(60.251296829971,13.25,5.8));
#10529 = VECTOR('',#10530,1.);
#10530 = DIRECTION('',(0.,-1.,0.));
#10531 = PCURVE('',#3422,#10532);
#10532 = DEFINITIONAL_REPRESENTATION('',(#10533),#10537);
#10533 = LINE('',#10534,#10535);
#10534 = CARTESIAN_POINT('',(35.000653896056,0.));
#10535 = VECTOR('',#10536,1.);
#10536 = DIRECTION('',(0.,1.));
#10537 = ( GEOMETRIC_REPRESENTATION_CONTEXT(2) 
PARAMETRIC_REPRESENTATION_CONTEXT() REPRESENTATION_CONTEXT('2D SPACE',''
  ) );
#10538 = PCURVE('',#10469,#10539);
#10539 = DEFINITIONAL_REPRESENTATION('',(#10540),#10544);
#10540 = LINE('',#10541,#10542);
#10541 = CARTESIAN_POINT('',(-9.748703170029,13.25));
#10542 = VECTOR('',#10543,1.);
#10543 = DIRECTION('',(0.,-1.));
#10544 = ( GEOMETRIC_REPRESENTATION_CONTEXT(2) 
PARAMETRIC_REPRESENTATION_CONTEXT() REPRESENTATION_CONTEXT('2D SPACE',''
  ) );
#10545 = ORIENTED_EDGE('',*,*,#10432,.F.);
#10546 = ADVANCED_FACE('',(#10547),#3472,.F.);
#10547 = FACE_BOUND('',#10548,.F.);
#10548 = EDGE_LOOP('',(#10549,#10550,#10551,#10574));
#10549 = ORIENTED_EDGE('',*,*,#3459,.F.);
#10550 = ORIENTED_EDGE('',*,*,#10481,.T.);
#10551 = ORIENTED_EDGE('',*,*,#10552,.T.);
#10552 = EDGE_CURVE('',#10454,#10553,#10555,.T.);
#10553 = VERTEX_POINT('',#10554);
#10554 = CARTESIAN_POINT('',(79.748703170029,8.748703170029,5.8));
#10555 = SURFACE_CURVE('',#10556,(#10560,#10567),.PCURVE_S1.);
#10556 = LINE('',#10557,#10558);
#10557 = CARTESIAN_POINT('',(79.748703170029,-13.25,5.8));
#10558 = VECTOR('',#10559,1.);
#10559 = DIRECTION('',(0.,1.,0.));
#10560 = PCURVE('',#3472,#10561);
#10561 = DEFINITIONAL_REPRESENTATION('',(#10562),#10566);
#10562 = LINE('',#10563,#10564);
#10563 = CARTESIAN_POINT('',(35.000653896056,0.));
#10564 = VECTOR('',#10565,1.);
#10565 = DIRECTION('',(0.,1.));
#10566 = ( GEOMETRIC_REPRESENTATION_CONTEXT(2) 
PARAMETRIC_REPRESENTATION_CONTEXT() REPRESENTATION_CONTEXT('2D SPACE',''
  ) );
#10567 = PCURVE('',#10469,#10568);
#10568 = DEFINITIONAL_REPRESENTATION('',(#10569),#10573);
#10569 = LINE('',#10570,#10571);
#10570 = CARTESIAN_POINT('',(9.748703170029,-13.25));
#10571 = VECTOR('',#10572,1.);
#10572 = DIRECTION('',(0.,1.));
#10573 = ( GEOMETRIC_REPRESENTATION_CONTEXT(2) 
PARAMETRIC_REPRESENTATION_CONTEXT() REPRESENTATION_CONTEXT('2D SPACE',''
  ) );
#10574 = ORIENTED_EDGE('',*,*,#10575,.F.);
#10575 = EDGE_CURVE('',#3434,#10553,#10576,.T.);
#10576 = SURFACE_CURVE('',#10577,(#10581,#10587),.PCURVE_S1.);
#10577 = LINE('',#10578,#10579);
#10578 = CARTESIAN_POINT('',(84.25,13.25,40.51));
#10579 = VECTOR('',#10580,1.);
#10580 = DIRECTION('',(-0.127555550137,-0.127555550137,-0.983595019944)
  );
#10581 = PCURVE('',#3472,#10582);
#10582 = DEFINITIONAL_REPRESENTATION('',(#10583),#10586);
#10583 = B_SPLINE_CURVE_WITH_KNOTS('',1,(#10584,#10585),.UNSPECIFIED.,
  .F.,.F.,(2,2),(-0.,35.288913929208),.PIECEWISE_BEZIER_KNOTS.);
#10584 = CARTESIAN_POINT('',(0.,26.5));
#10585 = CARTESIAN_POINT('',(35.000653896056,21.998703170029));
#10586 = ( GEOMETRIC_REPRESENTATION_CONTEXT(2) 
PARAMETRIC_REPRESENTATION_CONTEXT() REPRESENTATION_CONTEXT('2D SPACE',''
  ) );
#10587 = PCURVE('',#3448,#10588);
#10588 = DEFINITIONAL_REPRESENTATION('',(#10589),#10592);
#10589 = B_SPLINE_CURVE_WITH_KNOTS('',1,(#10590,#10591),.UNSPECIFIED.,
  .F.,.F.,(2,2),(-0.,35.288913929208),.PIECEWISE_BEZIER_KNOTS.);
#10590 = CARTESIAN_POINT('',(0.,0.));
#10591 = CARTESIAN_POINT('',(35.000653896056,4.501296829971));
#10592 = ( GEOMETRIC_REPRESENTATION_CONTEXT(2) 
PARAMETRIC_REPRESENTATION_CONTEXT() REPRESENTATION_CONTEXT('2D SPACE',''
  ) );
#10593 = ADVANCED_FACE('',(#10594),#3448,.F.);
#10594 = FACE_BOUND('',#10595,.F.);
#10595 = EDGE_LOOP('',(#10596,#10597,#10598,#10599));
#10596 = ORIENTED_EDGE('',*,*,#10504,.F.);
#10597 = ORIENTED_EDGE('',*,*,#3433,.F.);
#10598 = ORIENTED_EDGE('',*,*,#10575,.T.);
#10599 = ORIENTED_EDGE('',*,*,#10600,.T.);
#10600 = EDGE_CURVE('',#10553,#10505,#10601,.T.);
#10601 = SURFACE_CURVE('',#10602,(#10606,#10613),.PCURVE_S1.);
#10602 = LINE('',#10603,#10604);
#10603 = CARTESIAN_POINT('',(84.25,8.748703170029,5.8));
#10604 = VECTOR('',#10605,1.);
#10605 = DIRECTION('',(-1.,0.,0.));
#10606 = PCURVE('',#3448,#10607);
#10607 = DEFINITIONAL_REPRESENTATION('',(#10608),#10612);
#10608 = LINE('',#10609,#10610);
#10609 = CARTESIAN_POINT('',(35.000653896056,0.));
#10610 = VECTOR('',#10611,1.);
#10611 = DIRECTION('',(-0.,1.));
#10612 = ( GEOMETRIC_REPRESENTATION_CONTEXT(2) 
PARAMETRIC_REPRESENTATION_CONTEXT() REPRESENTATION_CONTEXT('2D SPACE',''
  ) );
#10613 = PCURVE('',#10469,#10614);
#10614 = DEFINITIONAL_REPRESENTATION('',(#10615),#10619);
#10615 = LINE('',#10616,#10617);
#10616 = CARTESIAN_POINT('',(14.25,8.748703170029));
#10617 = VECTOR('',#10618,1.);
#10618 = DIRECTION('',(-1.,0.));
#10619 = ( GEOMETRIC_REPRESENTATION_CONTEXT(2) 
PARAMETRIC_REPRESENTATION_CONTEXT() REPRESENTATION_CONTEXT('2D SPACE',''
  ) );
#10620 = ADVANCED_FACE('',(#10621),#3502,.F.);
#10621 = FACE_BOUND('',#10622,.F.);
#10622 = EDGE_LOOP('',(#10623,#10624,#10645,#10673));
#10623 = ORIENTED_EDGE('',*,*,#3485,.F.);
#10624 = ORIENTED_EDGE('',*,*,#10625,.T.);
#10625 = EDGE_CURVE('',#3486,#10626,#10628,.T.);
#10626 = VERTEX_POINT('',#10627);
#10627 = CARTESIAN_POINT('',(60.251296829971,24.251296829971,5.8));
#10628 = SURFACE_CURVE('',#10629,(#10633,#10639),.PCURVE_S1.);
#10629 = LINE('',#10630,#10631);
#10630 = CARTESIAN_POINT('',(55.75,19.75,40.51));
#10631 = VECTOR('',#10632,1.);
#10632 = DIRECTION('',(0.127555550137,0.127555550137,-0.983595019944));
#10633 = PCURVE('',#3502,#10634);
#10634 = DEFINITIONAL_REPRESENTATION('',(#10635),#10638);
#10635 = B_SPLINE_CURVE_WITH_KNOTS('',1,(#10636,#10637),.UNSPECIFIED.,
  .F.,.F.,(2,2),(0.,35.288913929208),.PIECEWISE_BEZIER_KNOTS.);
#10636 = CARTESIAN_POINT('',(0.,0.));
#10637 = CARTESIAN_POINT('',(35.000653896056,4.501296829971));
#10638 = ( GEOMETRIC_REPRESENTATION_CONTEXT(2) 
PARAMETRIC_REPRESENTATION_CONTEXT() REPRESENTATION_CONTEXT('2D SPACE',''
  ) );
#10639 = PCURVE('',#3528,#10640);
#10640 = DEFINITIONAL_REPRESENTATION('',(#10641),#10644);
#10641 = B_SPLINE_CURVE_WITH_KNOTS('',1,(#10642,#10643),.UNSPECIFIED.,
  .F.,.F.,(2,2),(0.,35.288913929208),.PIECEWISE_BEZIER_KNOTS.);
#10642 = CARTESIAN_POINT('',(0.,26.5));
#10643 = CARTESIAN_POINT('',(35.000653896056,21.998703170029));
#10644 = ( GEOMETRIC_REPRESENTATION_CONTEXT(2) 
PARAMETRIC_REPRESENTATION_CONTEXT() REPRESENTATION_CONTEXT('2D SPACE',''
  ) );
#10645 = ORIENTED_EDGE('',*,*,#10646,.T.);
#10646 = EDGE_CURVE('',#10626,#10647,#10649,.T.);
#10647 = VERTEX_POINT('',#10648);
#10648 = CARTESIAN_POINT('',(79.748703170029,24.251296829971,5.8));
#10649 = SURFACE_CURVE('',#10650,(#10654,#10661),.PCURVE_S1.);
#10650 = LINE('',#10651,#10652);
#10651 = CARTESIAN_POINT('',(55.75,24.251296829971,5.8));
#10652 = VECTOR('',#10653,1.);
#10653 = DIRECTION('',(1.,0.,0.));
#10654 = PCURVE('',#3502,#10655);
#10655 = DEFINITIONAL_REPRESENTATION('',(#10656),#10660);
#10656 = LINE('',#10657,#10658);
#10657 = CARTESIAN_POINT('',(35.000653896056,0.));
#10658 = VECTOR('',#10659,1.);
#10659 = DIRECTION('',(0.,1.));
#10660 = ( GEOMETRIC_REPRESENTATION_CONTEXT(2) 
PARAMETRIC_REPRESENTATION_CONTEXT() REPRESENTATION_CONTEXT('2D SPACE',''
  ) );
#10661 = PCURVE('',#10662,#10667);
#10662 = PLANE('',#10663);
#10663 = AXIS2_PLACEMENT_3D('',#10664,#10665,#10666);
#10664 = CARTESIAN_POINT('',(70.,33.,5.8));
#10665 = DIRECTION('',(0.,0.,1.));
#10666 = DIRECTION('',(1.,0.,0.));
#10667 = DEFINITIONAL_REPRESENTATION('',(#10668),#10672);
#10668 = LINE('',#10669,#10670);
#10669 = CARTESIAN_POINT('',(-14.25,-8.748703170029));
#10670 = VECTOR('',#10671,1.);
#10671 = DIRECTION('',(1.,0.));
#10672 = ( GEOMETRIC_REPRESENTATION_CONTEXT(2) 
PARAMETRIC_REPRESENTATION_CONTEXT() REPRESENTATION_CONTEXT('2D SPACE',''
  ) );
#10673 = ORIENTED_EDGE('',*,*,#10674,.F.);
#10674 = EDGE_CURVE('',#3488,#10647,#10675,.T.);
#10675 = SURFACE_CURVE('',#10676,(#10680,#10686),.PCURVE_S1.);
#10676 = LINE('',#10677,#10678);
#10677 = CARTESIAN_POINT('',(84.25,19.75,40.51));
#10678 = VECTOR('',#10679,1.);
#10679 = DIRECTION('',(-0.127555550137,0.127555550137,-0.983595019944));
#10680 = PCURVE('',#3502,#10681);
#10681 = DEFINITIONAL_REPRESENTATION('',(#10682),#10685);
#10682 = B_SPLINE_CURVE_WITH_KNOTS('',1,(#10683,#10684),.UNSPECIFIED.,
  .F.,.F.,(2,2),(0.,35.288913929208),.PIECEWISE_BEZIER_KNOTS.);
#10683 = CARTESIAN_POINT('',(0.,28.5));
#10684 = CARTESIAN_POINT('',(35.000653896056,23.998703170029));
#10685 = ( GEOMETRIC_REPRESENTATION_CONTEXT(2) 
PARAMETRIC_REPRESENTATION_CONTEXT() REPRESENTATION_CONTEXT('2D SPACE',''
  ) );
#10686 = PCURVE('',#3578,#10687);
#10687 = DEFINITIONAL_REPRESENTATION('',(#10688),#10691);
#10688 = B_SPLINE_CURVE_WITH_KNOTS('',1,(#10689,#10690),.UNSPECIFIED.,
  .F.,.F.,(2,2),(0.,35.288913929208),.PIECEWISE_BEZIER_KNOTS.);
#10689 = CARTESIAN_POINT('',(0.,0.));
#10690 = CARTESIAN_POINT('',(35.000653896056,4.501296829971));
#10691 = ( GEOMETRIC_REPRESENTATION_CONTEXT(2) 
PARAMETRIC_REPRESENTATION_CONTEXT() REPRESENTATION_CONTEXT('2D SPACE',''
  ) );
#10692 = ADVANCED_FACE('',(#10693),#3528,.F.);
#10693 = FACE_BOUND('',#10694,.F.);
#10694 = EDGE_LOOP('',(#10695,#10696,#10717,#10738));
#10695 = ORIENTED_EDGE('',*,*,#3513,.F.);
#10696 = ORIENTED_EDGE('',*,*,#10697,.T.);
#10697 = EDGE_CURVE('',#3514,#10698,#10700,.T.);
#10698 = VERTEX_POINT('',#10699);
#10699 = CARTESIAN_POINT('',(60.251296829971,41.748703170029,5.8));
#10700 = SURFACE_CURVE('',#10701,(#10705,#10711),.PCURVE_S1.);
#10701 = LINE('',#10702,#10703);
#10702 = CARTESIAN_POINT('',(55.75,46.25,40.51));
#10703 = VECTOR('',#10704,1.);
#10704 = DIRECTION('',(0.127555550137,-0.127555550137,-0.983595019944));
#10705 = PCURVE('',#3528,#10706);
#10706 = DEFINITIONAL_REPRESENTATION('',(#10707),#10710);
#10707 = B_SPLINE_CURVE_WITH_KNOTS('',1,(#10708,#10709),.UNSPECIFIED.,
  .F.,.F.,(2,2),(0.,35.288913929208),.PIECEWISE_BEZIER_KNOTS.);
#10708 = CARTESIAN_POINT('',(0.,0.));
#10709 = CARTESIAN_POINT('',(35.000653896056,4.501296829971));
#10710 = ( GEOMETRIC_REPRESENTATION_CONTEXT(2) 
PARAMETRIC_REPRESENTATION_CONTEXT() REPRESENTATION_CONTEXT('2D SPACE',''
  ) );
#10711 = PCURVE('',#3554,#10712);
#10712 = DEFINITIONAL_REPRESENTATION('',(#10713),#10716);
#10713 = B_SPLINE_CURVE_WITH_KNOTS('',1,(#10714,#10715),.UNSPECIFIED.,
  .F.,.F.,(2,2),(0.,35.288913929208),.PIECEWISE_BEZIER_KNOTS.);
#10714 = CARTESIAN_POINT('',(0.,28.5));
#10715 = CARTESIAN_POINT('',(35.000653896056,23.998703170029));
#10716 = ( GEOMETRIC_REPRESENTATION_CONTEXT(2) 
PARAMETRIC_REPRESENTATION_CONTEXT() REPRESENTATION_CONTEXT('2D SPACE',''
  ) );
#10717 = ORIENTED_EDGE('',*,*,#10718,.T.);
#10718 = EDGE_CURVE('',#10698,#10626,#10719,.T.);
#10719 = SURFACE_CURVE('',#10720,(#10724,#10731),.PCURVE_S1.);
#10720 = LINE('',#10721,#10722);
#10721 = CARTESIAN_POINT('',(60.251296829971,46.25,5.8));
#10722 = VECTOR('',#10723,1.);
#10723 = DIRECTION('',(0.,-1.,0.));
#10724 = PCURVE('',#3528,#10725);
#10725 = DEFINITIONAL_REPRESENTATION('',(#10726),#10730);
#10726 = LINE('',#10727,#10728);
#10727 = CARTESIAN_POINT('',(35.000653896056,0.));
#10728 = VECTOR('',#10729,1.);
#10729 = DIRECTION('',(0.,1.));
#10730 = ( GEOMETRIC_REPRESENTATION_CONTEXT(2) 
PARAMETRIC_REPRESENTATION_CONTEXT() REPRESENTATION_CONTEXT('2D SPACE',''
  ) );
#10731 = PCURVE('',#10662,#10732);
#10732 = DEFINITIONAL_REPRESENTATION('',(#10733),#10737);
#10733 = LINE('',#10734,#10735);
#10734 = CARTESIAN_POINT('',(-9.748703170029,13.25));
#10735 = VECTOR('',#10736,1.);
#10736 = DIRECTION('',(0.,-1.));
#10737 = ( GEOMETRIC_REPRESENTATION_CONTEXT(2) 
PARAMETRIC_REPRESENTATION_CONTEXT() REPRESENTATION_CONTEXT('2D SPACE',''
  ) );
#10738 = ORIENTED_EDGE('',*,*,#10625,.F.);
#10739 = ADVANCED_FACE('',(#10740),#3578,.F.);
#10740 = FACE_BOUND('',#10741,.F.);
#10741 = EDGE_LOOP('',(#10742,#10743,#10744,#10767));
#10742 = ORIENTED_EDGE('',*,*,#3565,.F.);
#10743 = ORIENTED_EDGE('',*,*,#10674,.T.);
#10744 = ORIENTED_EDGE('',*,*,#10745,.T.);
#10745 = EDGE_CURVE('',#10647,#10746,#10748,.T.);
#10746 = VERTEX_POINT('',#10747);
#10747 = CARTESIAN_POINT('',(79.748703170029,41.748703170029,5.8));
#10748 = SURFACE_CURVE('',#10749,(#10753,#10760),.PCURVE_S1.);
#10749 = LINE('',#10750,#10751);
#10750 = CARTESIAN_POINT('',(79.748703170029,19.75,5.8));
#10751 = VECTOR('',#10752,1.);
#10752 = DIRECTION('',(0.,1.,0.));
#10753 = PCURVE('',#3578,#10754);
#10754 = DEFINITIONAL_REPRESENTATION('',(#10755),#10759);
#10755 = LINE('',#10756,#10757);
#10756 = CARTESIAN_POINT('',(35.000653896056,0.));
#10757 = VECTOR('',#10758,1.);
#10758 = DIRECTION('',(0.,1.));
#10759 = ( GEOMETRIC_REPRESENTATION_CONTEXT(2) 
PARAMETRIC_REPRESENTATION_CONTEXT() REPRESENTATION_CONTEXT('2D SPACE',''
  ) );
#10760 = PCURVE('',#10662,#10761);
#10761 = DEFINITIONAL_REPRESENTATION('',(#10762),#10766);
#10762 = LINE('',#10763,#10764);
#10763 = CARTESIAN_POINT('',(9.748703170029,-13.25));
#10764 = VECTOR('',#10765,1.);
#10765 = DIRECTION('',(0.,1.));
#10766 = ( GEOMETRIC_REPRESENTATION_CONTEXT(2) 
PARAMETRIC_REPRESENTATION_CONTEXT() REPRESENTATION_CONTEXT('2D SPACE',''
  ) );
#10767 = ORIENTED_EDGE('',*,*,#10768,.F.);
#10768 = EDGE_CURVE('',#3540,#10746,#10769,.T.);
#10769 = SURFACE_CURVE('',#10770,(#10774,#10780),.PCURVE_S1.);
#10770 = LINE('',#10771,#10772);
#10771 = CARTESIAN_POINT('',(84.25,46.25,40.51));
#10772 = VECTOR('',#10773,1.);
#10773 = DIRECTION('',(-0.127555550137,-0.127555550137,-0.983595019944)
  );
#10774 = PCURVE('',#3578,#10775);
#10775 = DEFINITIONAL_REPRESENTATION('',(#10776),#10779);
#10776 = B_SPLINE_CURVE_WITH_KNOTS('',1,(#10777,#10778),.UNSPECIFIED.,
  .F.,.F.,(2,2),(-0.,35.288913929208),.PIECEWISE_BEZIER_KNOTS.);
#10777 = CARTESIAN_POINT('',(0.,26.5));
#10778 = CARTESIAN_POINT('',(35.000653896056,21.998703170029));
#10779 = ( GEOMETRIC_REPRESENTATION_CONTEXT(2) 
PARAMETRIC_REPRESENTATION_CONTEXT() REPRESENTATION_CONTEXT('2D SPACE',''
  ) );
#10780 = PCURVE('',#3554,#10781);
#10781 = DEFINITIONAL_REPRESENTATION('',(#10782),#10785);
#10782 = B_SPLINE_CURVE_WITH_KNOTS('',1,(#10783,#10784),.UNSPECIFIED.,
  .F.,.F.,(2,2),(-0.,35.288913929208),.PIECEWISE_BEZIER_KNOTS.);
#10783 = CARTESIAN_POINT('',(0.,0.));
#10784 = CARTESIAN_POINT('',(35.000653896056,4.501296829971));
#10785 = ( GEOMETRIC_REPRESENTATION_CONTEXT(2) 
PARAMETRIC_REPRESENTATION_CONTEXT() REPRESENTATION_CONTEXT('2D SPACE',''
  ) );
#10786 = ADVANCED_FACE('',(#10787),#3554,.F.);
#10787 = FACE_BOUND('',#10788,.F.);
#10788 = EDGE_LOOP('',(#10789,#10790,#10791,#10792));
#10789 = ORIENTED_EDGE('',*,*,#10697,.F.);
#10790 = ORIENTED_EDGE('',*,*,#3539,.F.);
#10791 = ORIENTED_EDGE('',*,*,#10768,.T.);
#10792 = ORIENTED_EDGE('',*,*,#10793,.T.);
#10793 = EDGE_CURVE('',#10746,#10698,#10794,.T.);
#10794 = SURFACE_CURVE('',#10795,(#10799,#10806),.PCURVE_S1.);
#10795 = LINE('',#10796,#10797);
#10796 = CARTESIAN_POINT('',(84.25,41.748703170029,5.8));
#10797 = VECTOR('',#10798,1.);
#10798 = DIRECTION('',(-1.,0.,0.));
#10799 = PCURVE('',#3554,#10800);
#10800 = DEFINITIONAL_REPRESENTATION('',(#10801),#10805);
#10801 = LINE('',#10802,#10803);
#10802 = CARTESIAN_POINT('',(35.000653896056,0.));
#10803 = VECTOR('',#10804,1.);
#10804 = DIRECTION('',(-0.,1.));
#10805 = ( GEOMETRIC_REPRESENTATION_CONTEXT(2) 
PARAMETRIC_REPRESENTATION_CONTEXT() REPRESENTATION_CONTEXT('2D SPACE',''
  ) );
#10806 = PCURVE('',#10662,#10807);
#10807 = DEFINITIONAL_REPRESENTATION('',(#10808),#10812);
#10808 = LINE('',#10809,#10810);
#10809 = CARTESIAN_POINT('',(14.25,8.748703170029));
#10810 = VECTOR('',#10811,1.);
#10811 = DIRECTION('',(-1.,0.));
#10812 = ( GEOMETRIC_REPRESENTATION_CONTEXT(2) 
PARAMETRIC_REPRESENTATION_CONTEXT() REPRESENTATION_CONTEXT('2D SPACE',''
  ) );
#10813 = ADVANCED_FACE('',(#10814),#3608,.F.);
#10814 = FACE_BOUND('',#10815,.F.);
#10815 = EDGE_LOOP('',(#10816,#10817,#10838,#10866));
#10816 = ORIENTED_EDGE('',*,*,#3591,.F.);
#10817 = ORIENTED_EDGE('',*,*,#10818,.T.);
#10818 = EDGE_CURVE('',#3592,#10819,#10821,.T.);
#10819 = VERTEX_POINT('',#10820);
#10820 = CARTESIAN_POINT('',(-9.748703170029,57.251296829971,5.8));
#10821 = SURFACE_CURVE('',#10822,(#10826,#10832),.PCURVE_S1.);
#10822 = LINE('',#10823,#10824);
#10823 = CARTESIAN_POINT('',(-14.25,52.75,40.51));
#10824 = VECTOR('',#10825,1.);
#10825 = DIRECTION('',(0.127555550137,0.127555550137,-0.983595019944));
#10826 = PCURVE('',#3608,#10827);
#10827 = DEFINITIONAL_REPRESENTATION('',(#10828),#10831);
#10828 = B_SPLINE_CURVE_WITH_KNOTS('',1,(#10829,#10830),.UNSPECIFIED.,
  .F.,.F.,(2,2),(0.,35.288913929208),.PIECEWISE_BEZIER_KNOTS.);
#10829 = CARTESIAN_POINT('',(0.,0.));
#10830 = CARTESIAN_POINT('',(35.000653896056,4.501296829971));
#10831 = ( GEOMETRIC_REPRESENTATION_CONTEXT(2) 
PARAMETRIC_REPRESENTATION_CONTEXT() REPRESENTATION_CONTEXT('2D SPACE',''
  ) );
#10832 = PCURVE('',#3634,#10833);
#10833 = DEFINITIONAL_REPRESENTATION('',(#10834),#10837);
#10834 = B_SPLINE_CURVE_WITH_KNOTS('',1,(#10835,#10836),.UNSPECIFIED.,
  .F.,.F.,(2,2),(0.,35.288913929208),.PIECEWISE_BEZIER_KNOTS.);
#10835 = CARTESIAN_POINT('',(0.,26.5));
#10836 = CARTESIAN_POINT('',(35.000653896056,21.998703170029));
#10837 = ( GEOMETRIC_REPRESENTATION_CONTEXT(2) 
PARAMETRIC_REPRESENTATION_CONTEXT() REPRESENTATION_CONTEXT('2D SPACE',''
  ) );
#10838 = ORIENTED_EDGE('',*,*,#10839,.T.);
#10839 = EDGE_CURVE('',#10819,#10840,#10842,.T.);
#10840 = VERTEX_POINT('',#10841);
#10841 = CARTESIAN_POINT('',(9.748703170029,57.251296829971,5.8));
#10842 = SURFACE_CURVE('',#10843,(#10847,#10854),.PCURVE_S1.);
#10843 = LINE('',#10844,#10845);
#10844 = CARTESIAN_POINT('',(-14.25,57.251296829971,5.8));
#10845 = VECTOR('',#10846,1.);
#10846 = DIRECTION('',(1.,0.,0.));
#10847 = PCURVE('',#3608,#10848);
#10848 = DEFINITIONAL_REPRESENTATION('',(#10849),#10853);
#10849 = LINE('',#10850,#10851);
#10850 = CARTESIAN_POINT('',(35.000653896056,0.));
#10851 = VECTOR('',#10852,1.);
#10852 = DIRECTION('',(0.,1.));
#10853 = ( GEOMETRIC_REPRESENTATION_CONTEXT(2) 
PARAMETRIC_REPRESENTATION_CONTEXT() REPRESENTATION_CONTEXT('2D SPACE',''
  ) );
#10854 = PCURVE('',#10855,#10860);
#10855 = PLANE('',#10856);
#10856 = AXIS2_PLACEMENT_3D('',#10857,#10858,#10859);
#10857 = CARTESIAN_POINT('',(0.,66.,5.8));
#10858 = DIRECTION('',(0.,0.,1.));
#10859 = DIRECTION('',(1.,0.,0.));
#10860 = DEFINITIONAL_REPRESENTATION('',(#10861),#10865);
#10861 = LINE('',#10862,#10863);
#10862 = CARTESIAN_POINT('',(-14.25,-8.748703170029));
#10863 = VECTOR('',#10864,1.);
#10864 = DIRECTION('',(1.,0.));
#10865 = ( GEOMETRIC_REPRESENTATION_CONTEXT(2) 
PARAMETRIC_REPRESENTATION_CONTEXT() REPRESENTATION_CONTEXT('2D SPACE',''
  ) );
#10866 = ORIENTED_EDGE('',*,*,#10867,.F.);
#10867 = EDGE_CURVE('',#3594,#10840,#10868,.T.);
#10868 = SURFACE_CURVE('',#10869,(#10873,#10879),.PCURVE_S1.);
#10869 = LINE('',#10870,#10871);
#10870 = CARTESIAN_POINT('',(14.25,52.75,40.51));
#10871 = VECTOR('',#10872,1.);
#10872 = DIRECTION('',(-0.127555550137,0.127555550137,-0.983595019944));
#10873 = PCURVE('',#3608,#10874);
#10874 = DEFINITIONAL_REPRESENTATION('',(#10875),#10878);
#10875 = B_SPLINE_CURVE_WITH_KNOTS('',1,(#10876,#10877),.UNSPECIFIED.,
  .F.,.F.,(2,2),(0.,35.288913929208),.PIECEWISE_BEZIER_KNOTS.);
#10876 = CARTESIAN_POINT('',(0.,28.5));
#10877 = CARTESIAN_POINT('',(35.000653896056,23.998703170029));
#10878 = ( GEOMETRIC_REPRESENTATION_CONTEXT(2) 
PARAMETRIC_REPRESENTATION_CONTEXT() REPRESENTATION_CONTEXT('2D SPACE',''
  ) );
#10879 = PCURVE('',#3684,#10880);
#10880 = DEFINITIONAL_REPRESENTATION('',(#10881),#10884);
#10881 = B_SPLINE_CURVE_WITH_KNOTS('',1,(#10882,#10883),.UNSPECIFIED.,
  .F.,.F.,(2,2),(0.,35.288913929208),.PIECEWISE_BEZIER_KNOTS.);
#10882 = CARTESIAN_POINT('',(0.,0.));
#10883 = CARTESIAN_POINT('',(35.000653896056,4.501296829971));
#10884 = ( GEOMETRIC_REPRESENTATION_CONTEXT(2) 
PARAMETRIC_REPRESENTATION_CONTEXT() REPRESENTATION_CONTEXT('2D SPACE',''
  ) );
#10885 = ADVANCED_FACE('',(#10886),#3634,.F.);
#10886 = FACE_BOUND('',#10887,.F.);
#10887 = EDGE_LOOP('',(#10888,#10889,#10910,#10931));
#10888 = ORIENTED_EDGE('',*,*,#3619,.F.);
#10889 = ORIENTED_EDGE('',*,*,#10890,.T.);
#10890 = EDGE_CURVE('',#3620,#10891,#10893,.T.);
#10891 = VERTEX_POINT('',#10892);
#10892 = CARTESIAN_POINT('',(-9.748703170029,74.748703170029,5.8));
#10893 = SURFACE_CURVE('',#10894,(#10898,#10904),.PCURVE_S1.);
#10894 = LINE('',#10895,#10896);
#10895 = CARTESIAN_POINT('',(-14.25,79.25,40.51));
#10896 = VECTOR('',#10897,1.);
#10897 = DIRECTION('',(0.127555550137,-0.127555550137,-0.983595019944));
#10898 = PCURVE('',#3634,#10899);
#10899 = DEFINITIONAL_REPRESENTATION('',(#10900),#10903);
#10900 = B_SPLINE_CURVE_WITH_KNOTS('',1,(#10901,#10902),.UNSPECIFIED.,
  .F.,.F.,(2,2),(0.,35.288913929208),.PIECEWISE_BEZIER_KNOTS.);
#10901 = CARTESIAN_POINT('',(0.,0.));
#10902 = CARTESIAN_POINT('',(35.000653896056,4.501296829971));
#10903 = ( GEOMETRIC_REPRESENTATION_CONTEXT(2) 
PARAMETRIC_REPRESENTATION_CONTEXT() REPRESENTATION_CONTEXT('2D SPACE',''
  ) );
#10904 = PCURVE('',#3660,#10905);
#10905 = DEFINITIONAL_REPRESENTATION('',(#10906),#10909);
#10906 = B_SPLINE_CURVE_WITH_KNOTS('',1,(#10907,#10908),.UNSPECIFIED.,
  .F.,.F.,(2,2),(0.,35.288913929208),.PIECEWISE_BEZIER_KNOTS.);
#10907 = CARTESIAN_POINT('',(0.,28.5));
#10908 = CARTESIAN_POINT('',(35.000653896056,23.998703170029));
#10909 = ( GEOMETRIC_REPRESENTATION_CONTEXT(2) 
PARAMETRIC_REPRESENTATION_CONTEXT() REPRESENTATION_CONTEXT('2D SPACE',''
  ) );
#10910 = ORIENTED_EDGE('',*,*,#10911,.T.);
#10911 = EDGE_CURVE('',#10891,#10819,#10912,.T.);
#10912 = SURFACE_CURVE('',#10913,(#10917,#10924),.PCURVE_S1.);
#10913 = LINE('',#10914,#10915);
#10914 = CARTESIAN_POINT('',(-9.748703170029,79.25,5.8));
#10915 = VECTOR('',#10916,1.);
#10916 = DIRECTION('',(0.,-1.,0.));
#10917 = PCURVE('',#3634,#10918);
#10918 = DEFINITIONAL_REPRESENTATION('',(#10919),#10923);
#10919 = LINE('',#10920,#10921);
#10920 = CARTESIAN_POINT('',(35.000653896056,0.));
#10921 = VECTOR('',#10922,1.);
#10922 = DIRECTION('',(0.,1.));
#10923 = ( GEOMETRIC_REPRESENTATION_CONTEXT(2) 
PARAMETRIC_REPRESENTATION_CONTEXT() REPRESENTATION_CONTEXT('2D SPACE',''
  ) );
#10924 = PCURVE('',#10855,#10925);
#10925 = DEFINITIONAL_REPRESENTATION('',(#10926),#10930);
#10926 = LINE('',#10927,#10928);
#10927 = CARTESIAN_POINT('',(-9.748703170029,13.25));
#10928 = VECTOR('',#10929,1.);
#10929 = DIRECTION('',(0.,-1.));
#10930 = ( GEOMETRIC_REPRESENTATION_CONTEXT(2) 
PARAMETRIC_REPRESENTATION_CONTEXT() REPRESENTATION_CONTEXT('2D SPACE',''
  ) );
#10931 = ORIENTED_EDGE('',*,*,#10818,.F.);
#10932 = ADVANCED_FACE('',(#10933),#3684,.F.);
#10933 = FACE_BOUND('',#10934,.F.);
#10934 = EDGE_LOOP('',(#10935,#10936,#10937,#10960));
#10935 = ORIENTED_EDGE('',*,*,#3671,.F.);
#10936 = ORIENTED_EDGE('',*,*,#10867,.T.);
#10937 = ORIENTED_EDGE('',*,*,#10938,.T.);
#10938 = EDGE_CURVE('',#10840,#10939,#10941,.T.);
#10939 = VERTEX_POINT('',#10940);
#10940 = CARTESIAN_POINT('',(9.748703170029,74.748703170029,5.8));
#10941 = SURFACE_CURVE('',#10942,(#10946,#10953),.PCURVE_S1.);
#10942 = LINE('',#10943,#10944);
#10943 = CARTESIAN_POINT('',(9.748703170029,52.75,5.8));
#10944 = VECTOR('',#10945,1.);
#10945 = DIRECTION('',(0.,1.,0.));
#10946 = PCURVE('',#3684,#10947);
#10947 = DEFINITIONAL_REPRESENTATION('',(#10948),#10952);
#10948 = LINE('',#10949,#10950);
#10949 = CARTESIAN_POINT('',(35.000653896056,0.));
#10950 = VECTOR('',#10951,1.);
#10951 = DIRECTION('',(0.,1.));
#10952 = ( GEOMETRIC_REPRESENTATION_CONTEXT(2) 
PARAMETRIC_REPRESENTATION_CONTEXT() REPRESENTATION_CONTEXT('2D SPACE',''
  ) );
#10953 = PCURVE('',#10855,#10954);
#10954 = DEFINITIONAL_REPRESENTATION('',(#10955),#10959);
#10955 = LINE('',#10956,#10957);
#10956 = CARTESIAN_POINT('',(9.748703170029,-13.25));
#10957 = VECTOR('',#10958,1.);
#10958 = DIRECTION('',(0.,1.));
#10959 = ( GEOMETRIC_REPRESENTATION_CONTEXT(2) 
PARAMETRIC_REPRESENTATION_CONTEXT() REPRESENTATION_CONTEXT('2D SPACE',''
  ) );
#10960 = ORIENTED_EDGE('',*,*,#10961,.F.);
#10961 = EDGE_CURVE('',#3646,#10939,#10962,.T.);
#10962 = SURFACE_CURVE('',#10963,(#10967,#10973),.PCURVE_S1.);
#10963 = LINE('',#10964,#10965);
#10964 = CARTESIAN_POINT('',(14.25,79.25,40.51));
#10965 = VECTOR('',#10966,1.);
#10966 = DIRECTION('',(-0.127555550137,-0.127555550137,-0.983595019944)
  );
#10967 = PCURVE('',#3684,#10968);
#10968 = DEFINITIONAL_REPRESENTATION('',(#10969),#10972);
#10969 = B_SPLINE_CURVE_WITH_KNOTS('',1,(#10970,#10971),.UNSPECIFIED.,
  .F.,.F.,(2,2),(-0.,35.288913929208),.PIECEWISE_BEZIER_KNOTS.);
#10970 = CARTESIAN_POINT('',(0.,26.5));
#10971 = CARTESIAN_POINT('',(35.000653896056,21.998703170029));
#10972 = ( GEOMETRIC_REPRESENTATION_CONTEXT(2) 
PARAMETRIC_REPRESENTATION_CONTEXT() REPRESENTATION_CONTEXT('2D SPACE',''
  ) );
#10973 = PCURVE('',#3660,#10974);
#10974 = DEFINITIONAL_REPRESENTATION('',(#10975),#10978);
#10975 = B_SPLINE_CURVE_WITH_KNOTS('',1,(#10976,#10977),.UNSPECIFIED.,
  .F.,.F.,(2,2),(-0.,35.288913929208),.PIECEWISE_BEZIER_KNOTS.);
#10976 = CARTESIAN_POINT('',(0.,0.));
#10977 = CARTESIAN_POINT('',(35.000653896056,4.501296829971));
#10978 = ( GEOMETRIC_REPRESENTATION_CONTEXT(2) 
PARAMETRIC_REPRESENTATION_CONTEXT() REPRESENTATION_CONTEXT('2D SPACE',''
  ) );
#10979 = ADVANCED_FACE('',(#10980),#3660,.F.);
#10980 = FACE_BOUND('',#10981,.F.);
#10981 = EDGE_LOOP('',(#10982,#10983,#10984,#10985));
#10982 = ORIENTED_EDGE('',*,*,#10890,.F.);
#10983 = ORIENTED_EDGE('',*,*,#3645,.F.);
#10984 = ORIENTED_EDGE('',*,*,#10961,.T.);
#10985 = ORIENTED_EDGE('',*,*,#10986,.T.);
#10986 = EDGE_CURVE('',#10939,#10891,#10987,.T.);
#10987 = SURFACE_CURVE('',#10988,(#10992,#10999),.PCURVE_S1.);
#10988 = LINE('',#10989,#10990);
#10989 = CARTESIAN_POINT('',(14.25,74.748703170029,5.8));
#10990 = VECTOR('',#10991,1.);
#10991 = DIRECTION('',(-1.,0.,0.));
#10992 = PCURVE('',#3660,#10993);
#10993 = DEFINITIONAL_REPRESENTATION('',(#10994),#10998);
#10994 = LINE('',#10995,#10996);
#10995 = CARTESIAN_POINT('',(35.000653896056,0.));
#10996 = VECTOR('',#10997,1.);
#10997 = DIRECTION('',(-0.,1.));
#10998 = ( GEOMETRIC_REPRESENTATION_CONTEXT(2) 
PARAMETRIC_REPRESENTATION_CONTEXT() REPRESENTATION_CONTEXT('2D SPACE',''
  ) );
#10999 = PCURVE('',#10855,#11000);
#11000 = DEFINITIONAL_REPRESENTATION('',(#11001),#11005);
#11001 = LINE('',#11002,#11003);
#11002 = CARTESIAN_POINT('',(14.25,8.748703170029));
#11003 = VECTOR('',#11004,1.);
#11004 = DIRECTION('',(-1.,0.));
#11005 = ( GEOMETRIC_REPRESENTATION_CONTEXT(2) 
PARAMETRIC_REPRESENTATION_CONTEXT() REPRESENTATION_CONTEXT('2D SPACE',''
  ) );
#11006 = ADVANCED_FACE('',(#11007),#3714,.F.);
#11007 = FACE_BOUND('',#11008,.F.);
#11008 = EDGE_LOOP('',(#11009,#11010,#11031,#11059));
#11009 = ORIENTED_EDGE('',*,*,#3697,.F.);
#11010 = ORIENTED_EDGE('',*,*,#11011,.T.);
#11011 = EDGE_CURVE('',#3698,#11012,#11014,.T.);
#11012 = VERTEX_POINT('',#11013);
#11013 = CARTESIAN_POINT('',(25.251296829971,57.251296829971,5.8));
#11014 = SURFACE_CURVE('',#11015,(#11019,#11025),.PCURVE_S1.);
#11015 = LINE('',#11016,#11017);
#11016 = CARTESIAN_POINT('',(20.75,52.75,40.51));
#11017 = VECTOR('',#11018,1.);
#11018 = DIRECTION('',(0.127555550137,0.127555550137,-0.983595019944));
#11019 = PCURVE('',#3714,#11020);
#11020 = DEFINITIONAL_REPRESENTATION('',(#11021),#11024);
#11021 = B_SPLINE_CURVE_WITH_KNOTS('',1,(#11022,#11023),.UNSPECIFIED.,
  .F.,.F.,(2,2),(0.,35.288913929208),.PIECEWISE_BEZIER_KNOTS.);
#11022 = CARTESIAN_POINT('',(0.,0.));
#11023 = CARTESIAN_POINT('',(35.000653896056,4.501296829971));
#11024 = ( GEOMETRIC_REPRESENTATION_CONTEXT(2) 
PARAMETRIC_REPRESENTATION_CONTEXT() REPRESENTATION_CONTEXT('2D SPACE',''
  ) );
#11025 = PCURVE('',#3740,#11026);
#11026 = DEFINITIONAL_REPRESENTATION('',(#11027),#11030);
#11027 = B_SPLINE_CURVE_WITH_KNOTS('',1,(#11028,#11029),.UNSPECIFIED.,
  .F.,.F.,(2,2),(0.,35.288913929208),.PIECEWISE_BEZIER_KNOTS.);
#11028 = CARTESIAN_POINT('',(0.,26.5));
#11029 = CARTESIAN_POINT('',(35.000653896056,21.998703170029));
#11030 = ( GEOMETRIC_REPRESENTATION_CONTEXT(2) 
PARAMETRIC_REPRESENTATION_CONTEXT() REPRESENTATION_CONTEXT('2D SPACE',''
  ) );
#11031 = ORIENTED_EDGE('',*,*,#11032,.T.);
#11032 = EDGE_CURVE('',#11012,#11033,#11035,.T.);
#11033 = VERTEX_POINT('',#11034);
#11034 = CARTESIAN_POINT('',(44.748703170029,57.251296829971,5.8));
#11035 = SURFACE_CURVE('',#11036,(#11040,#11047),.PCURVE_S1.);
#11036 = LINE('',#11037,#11038);
#11037 = CARTESIAN_POINT('',(20.75,57.251296829971,5.8));
#11038 = VECTOR('',#11039,1.);
#11039 = DIRECTION('',(1.,0.,0.));
#11040 = PCURVE('',#3714,#11041);
#11041 = DEFINITIONAL_REPRESENTATION('',(#11042),#11046);
#11042 = LINE('',#11043,#11044);
#11043 = CARTESIAN_POINT('',(35.000653896056,0.));
#11044 = VECTOR('',#11045,1.);
#11045 = DIRECTION('',(0.,1.));
#11046 = ( GEOMETRIC_REPRESENTATION_CONTEXT(2) 
PARAMETRIC_REPRESENTATION_CONTEXT() REPRESENTATION_CONTEXT('2D SPACE',''
  ) );
#11047 = PCURVE('',#11048,#11053);
#11048 = PLANE('',#11049);
#11049 = AXIS2_PLACEMENT_3D('',#11050,#11051,#11052);
#11050 = CARTESIAN_POINT('',(35.,66.,5.8));
#11051 = DIRECTION('',(0.,0.,1.));
#11052 = DIRECTION('',(1.,0.,0.));
#11053 = DEFINITIONAL_REPRESENTATION('',(#11054),#11058);
#11054 = LINE('',#11055,#11056);
#11055 = CARTESIAN_POINT('',(-14.25,-8.748703170029));
#11056 = VECTOR('',#11057,1.);
#11057 = DIRECTION('',(1.,0.));
#11058 = ( GEOMETRIC_REPRESENTATION_CONTEXT(2) 
PARAMETRIC_REPRESENTATION_CONTEXT() REPRESENTATION_CONTEXT('2D SPACE',''
  ) );
#11059 = ORIENTED_EDGE('',*,*,#11060,.F.);
#11060 = EDGE_CURVE('',#3700,#11033,#11061,.T.);
#11061 = SURFACE_CURVE('',#11062,(#11066,#11072),.PCURVE_S1.);
#11062 = LINE('',#11063,#11064);
#11063 = CARTESIAN_POINT('',(49.25,52.75,40.51));
#11064 = VECTOR('',#11065,1.);
#11065 = DIRECTION('',(-0.127555550137,0.127555550137,-0.983595019944));
#11066 = PCURVE('',#3714,#11067);
#11067 = DEFINITIONAL_REPRESENTATION('',(#11068),#11071);
#11068 = B_SPLINE_CURVE_WITH_KNOTS('',1,(#11069,#11070),.UNSPECIFIED.,
  .F.,.F.,(2,2),(0.,35.288913929208),.PIECEWISE_BEZIER_KNOTS.);
#11069 = CARTESIAN_POINT('',(0.,28.5));
#11070 = CARTESIAN_POINT('',(35.000653896056,23.998703170029));
#11071 = ( GEOMETRIC_REPRESENTATION_CONTEXT(2) 
PARAMETRIC_REPRESENTATION_CONTEXT() REPRESENTATION_CONTEXT('2D SPACE',''
  ) );
#11072 = PCURVE('',#3790,#11073);
#11073 = DEFINITIONAL_REPRESENTATION('',(#11074),#11077);
#11074 = B_SPLINE_CURVE_WITH_KNOTS('',1,(#11075,#11076),.UNSPECIFIED.,
  .F.,.F.,(2,2),(0.,35.288913929208),.PIECEWISE_BEZIER_KNOTS.);
#11075 = CARTESIAN_POINT('',(0.,0.));
#11076 = CARTESIAN_POINT('',(35.000653896056,4.501296829971));
#11077 = ( GEOMETRIC_REPRESENTATION_CONTEXT(2) 
PARAMETRIC_REPRESENTATION_CONTEXT() REPRESENTATION_CONTEXT('2D SPACE',''
  ) );
#11078 = ADVANCED_FACE('',(#11079),#3740,.F.);
#11079 = FACE_BOUND('',#11080,.F.);
#11080 = EDGE_LOOP('',(#11081,#11082,#11103,#11124));
#11081 = ORIENTED_EDGE('',*,*,#3725,.F.);
#11082 = ORIENTED_EDGE('',*,*,#11083,.T.);
#11083 = EDGE_CURVE('',#3726,#11084,#11086,.T.);
#11084 = VERTEX_POINT('',#11085);
#11085 = CARTESIAN_POINT('',(25.251296829971,74.748703170029,5.8));
#11086 = SURFACE_CURVE('',#11087,(#11091,#11097),.PCURVE_S1.);
#11087 = LINE('',#11088,#11089);
#11088 = CARTESIAN_POINT('',(20.75,79.25,40.51));
#11089 = VECTOR('',#11090,1.);
#11090 = DIRECTION('',(0.127555550137,-0.127555550137,-0.983595019944));
#11091 = PCURVE('',#3740,#11092);
#11092 = DEFINITIONAL_REPRESENTATION('',(#11093),#11096);
#11093 = B_SPLINE_CURVE_WITH_KNOTS('',1,(#11094,#11095),.UNSPECIFIED.,
  .F.,.F.,(2,2),(0.,35.288913929208),.PIECEWISE_BEZIER_KNOTS.);
#11094 = CARTESIAN_POINT('',(0.,0.));
#11095 = CARTESIAN_POINT('',(35.000653896056,4.501296829971));
#11096 = ( GEOMETRIC_REPRESENTATION_CONTEXT(2) 
PARAMETRIC_REPRESENTATION_CONTEXT() REPRESENTATION_CONTEXT('2D SPACE',''
  ) );
#11097 = PCURVE('',#3766,#11098);
#11098 = DEFINITIONAL_REPRESENTATION('',(#11099),#11102);
#11099 = B_SPLINE_CURVE_WITH_KNOTS('',1,(#11100,#11101),.UNSPECIFIED.,
  .F.,.F.,(2,2),(0.,35.288913929208),.PIECEWISE_BEZIER_KNOTS.);
#11100 = CARTESIAN_POINT('',(0.,28.5));
#11101 = CARTESIAN_POINT('',(35.000653896056,23.998703170029));
#11102 = ( GEOMETRIC_REPRESENTATION_CONTEXT(2) 
PARAMETRIC_REPRESENTATION_CONTEXT() REPRESENTATION_CONTEXT('2D SPACE',''
  ) );
#11103 = ORIENTED_EDGE('',*,*,#11104,.T.);
#11104 = EDGE_CURVE('',#11084,#11012,#11105,.T.);
#11105 = SURFACE_CURVE('',#11106,(#11110,#11117),.PCURVE_S1.);
#11106 = LINE('',#11107,#11108);
#11107 = CARTESIAN_POINT('',(25.251296829971,79.25,5.8));
#11108 = VECTOR('',#11109,1.);
#11109 = DIRECTION('',(0.,-1.,0.));
#11110 = PCURVE('',#3740,#11111);
#11111 = DEFINITIONAL_REPRESENTATION('',(#11112),#11116);
#11112 = LINE('',#11113,#11114);
#11113 = CARTESIAN_POINT('',(35.000653896056,0.));
#11114 = VECTOR('',#11115,1.);
#11115 = DIRECTION('',(0.,1.));
#11116 = ( GEOMETRIC_REPRESENTATION_CONTEXT(2) 
PARAMETRIC_REPRESENTATION_CONTEXT() REPRESENTATION_CONTEXT('2D SPACE',''
  ) );
#11117 = PCURVE('',#11048,#11118);
#11118 = DEFINITIONAL_REPRESENTATION('',(#11119),#11123);
#11119 = LINE('',#11120,#11121);
#11120 = CARTESIAN_POINT('',(-9.748703170029,13.25));
#11121 = VECTOR('',#11122,1.);
#11122 = DIRECTION('',(0.,-1.));
#11123 = ( GEOMETRIC_REPRESENTATION_CONTEXT(2) 
PARAMETRIC_REPRESENTATION_CONTEXT() REPRESENTATION_CONTEXT('2D SPACE',''
  ) );
#11124 = ORIENTED_EDGE('',*,*,#11011,.F.);
#11125 = ADVANCED_FACE('',(#11126),#3790,.F.);
#11126 = FACE_BOUND('',#11127,.F.);
#11127 = EDGE_LOOP('',(#11128,#11129,#11130,#11153));
#11128 = ORIENTED_EDGE('',*,*,#3777,.F.);
#11129 = ORIENTED_EDGE('',*,*,#11060,.T.);
#11130 = ORIENTED_EDGE('',*,*,#11131,.T.);
#11131 = EDGE_CURVE('',#11033,#11132,#11134,.T.);
#11132 = VERTEX_POINT('',#11133);
#11133 = CARTESIAN_POINT('',(44.748703170029,74.748703170029,5.8));
#11134 = SURFACE_CURVE('',#11135,(#11139,#11146),.PCURVE_S1.);
#11135 = LINE('',#11136,#11137);
#11136 = CARTESIAN_POINT('',(44.748703170029,52.75,5.8));
#11137 = VECTOR('',#11138,1.);
#11138 = DIRECTION('',(0.,1.,0.));
#11139 = PCURVE('',#3790,#11140);
#11140 = DEFINITIONAL_REPRESENTATION('',(#11141),#11145);
#11141 = LINE('',#11142,#11143);
#11142 = CARTESIAN_POINT('',(35.000653896056,0.));
#11143 = VECTOR('',#11144,1.);
#11144 = DIRECTION('',(0.,1.));
#11145 = ( GEOMETRIC_REPRESENTATION_CONTEXT(2) 
PARAMETRIC_REPRESENTATION_CONTEXT() REPRESENTATION_CONTEXT('2D SPACE',''
  ) );
#11146 = PCURVE('',#11048,#11147);
#11147 = DEFINITIONAL_REPRESENTATION('',(#11148),#11152);
#11148 = LINE('',#11149,#11150);
#11149 = CARTESIAN_POINT('',(9.748703170029,-13.25));
#11150 = VECTOR('',#11151,1.);
#11151 = DIRECTION('',(0.,1.));
#11152 = ( GEOMETRIC_REPRESENTATION_CONTEXT(2) 
PARAMETRIC_REPRESENTATION_CONTEXT() REPRESENTATION_CONTEXT('2D SPACE',''
  ) );
#11153 = ORIENTED_EDGE('',*,*,#11154,.F.);
#11154 = EDGE_CURVE('',#3752,#11132,#11155,.T.);
#11155 = SURFACE_CURVE('',#11156,(#11160,#11166),.PCURVE_S1.);
#11156 = LINE('',#11157,#11158);
#11157 = CARTESIAN_POINT('',(49.25,79.25,40.51));
#11158 = VECTOR('',#11159,1.);
#11159 = DIRECTION('',(-0.127555550137,-0.127555550137,-0.983595019944)
  );
#11160 = PCURVE('',#3790,#11161);
#11161 = DEFINITIONAL_REPRESENTATION('',(#11162),#11165);
#11162 = B_SPLINE_CURVE_WITH_KNOTS('',1,(#11163,#11164),.UNSPECIFIED.,
  .F.,.F.,(2,2),(-0.,35.288913929208),.PIECEWISE_BEZIER_KNOTS.);
#11163 = CARTESIAN_POINT('',(0.,26.5));
#11164 = CARTESIAN_POINT('',(35.000653896056,21.998703170029));
#11165 = ( GEOMETRIC_REPRESENTATION_CONTEXT(2) 
PARAMETRIC_REPRESENTATION_CONTEXT() REPRESENTATION_CONTEXT('2D SPACE',''
  ) );
#11166 = PCURVE('',#3766,#11167);
#11167 = DEFINITIONAL_REPRESENTATION('',(#11168),#11171);
#11168 = B_SPLINE_CURVE_WITH_KNOTS('',1,(#11169,#11170),.UNSPECIFIED.,
  .F.,.F.,(2,2),(-0.,35.288913929208),.PIECEWISE_BEZIER_KNOTS.);
#11169 = CARTESIAN_POINT('',(0.,0.));
#11170 = CARTESIAN_POINT('',(35.000653896056,4.501296829971));
#11171 = ( GEOMETRIC_REPRESENTATION_CONTEXT(2) 
PARAMETRIC_REPRESENTATION_CONTEXT() REPRESENTATION_CONTEXT('2D SPACE',''
  ) );
#11172 = ADVANCED_FACE('',(#11173),#3766,.F.);
#11173 = FACE_BOUND('',#11174,.F.);
#11174 = EDGE_LOOP('',(#11175,#11176,#11177,#11178));
#11175 = ORIENTED_EDGE('',*,*,#11083,.F.);
#11176 = ORIENTED_EDGE('',*,*,#3751,.F.);
#11177 = ORIENTED_EDGE('',*,*,#11154,.T.);
#11178 = ORIENTED_EDGE('',*,*,#11179,.T.);
#11179 = EDGE_CURVE('',#11132,#11084,#11180,.T.);
#11180 = SURFACE_CURVE('',#11181,(#11185,#11192),.PCURVE_S1.);
#11181 = LINE('',#11182,#11183);
#11182 = CARTESIAN_POINT('',(49.25,74.748703170029,5.8));
#11183 = VECTOR('',#11184,1.);
#11184 = DIRECTION('',(-1.,0.,0.));
#11185 = PCURVE('',#3766,#11186);
#11186 = DEFINITIONAL_REPRESENTATION('',(#11187),#11191);
#11187 = LINE('',#11188,#11189);
#11188 = CARTESIAN_POINT('',(35.000653896056,0.));
#11189 = VECTOR('',#11190,1.);
#11190 = DIRECTION('',(-0.,1.));
#11191 = ( GEOMETRIC_REPRESENTATION_CONTEXT(2) 
PARAMETRIC_REPRESENTATION_CONTEXT() REPRESENTATION_CONTEXT('2D SPACE',''
  ) );
#11192 = PCURVE('',#11048,#11193);
#11193 = DEFINITIONAL_REPRESENTATION('',(#11194),#11198);
#11194 = LINE('',#11195,#11196);
#11195 = CARTESIAN_POINT('',(14.25,8.748703170029));
#11196 = VECTOR('',#11197,1.);
#11197 = DIRECTION('',(-1.,0.));
#11198 = ( GEOMETRIC_REPRESENTATION_CONTEXT(2) 
PARAMETRIC_REPRESENTATION_CONTEXT() REPRESENTATION_CONTEXT('2D SPACE',''
  ) );
#11199 = ADVANCED_FACE('',(#11200),#3820,.F.);
#11200 = FACE_BOUND('',#11201,.F.);
#11201 = EDGE_LOOP('',(#11202,#11203,#11224,#11252));
#11202 = ORIENTED_EDGE('',*,*,#3803,.F.);
#11203 = ORIENTED_EDGE('',*,*,#11204,.T.);
#11204 = EDGE_CURVE('',#3804,#11205,#11207,.T.);
#11205 = VERTEX_POINT('',#11206);
#11206 = CARTESIAN_POINT('',(60.251296829971,57.251296829971,5.8));
#11207 = SURFACE_CURVE('',#11208,(#11212,#11218),.PCURVE_S1.);
#11208 = LINE('',#11209,#11210);
#11209 = CARTESIAN_POINT('',(55.75,52.75,40.51));
#11210 = VECTOR('',#11211,1.);
#11211 = DIRECTION('',(0.127555550137,0.127555550137,-0.983595019944));
#11212 = PCURVE('',#3820,#11213);
#11213 = DEFINITIONAL_REPRESENTATION('',(#11214),#11217);
#11214 = B_SPLINE_CURVE_WITH_KNOTS('',1,(#11215,#11216),.UNSPECIFIED.,
  .F.,.F.,(2,2),(0.,35.288913929208),.PIECEWISE_BEZIER_KNOTS.);
#11215 = CARTESIAN_POINT('',(0.,0.));
#11216 = CARTESIAN_POINT('',(35.000653896056,4.501296829971));
#11217 = ( GEOMETRIC_REPRESENTATION_CONTEXT(2) 
PARAMETRIC_REPRESENTATION_CONTEXT() REPRESENTATION_CONTEXT('2D SPACE',''
  ) );
#11218 = PCURVE('',#3846,#11219);
#11219 = DEFINITIONAL_REPRESENTATION('',(#11220),#11223);
#11220 = B_SPLINE_CURVE_WITH_KNOTS('',1,(#11221,#11222),.UNSPECIFIED.,
  .F.,.F.,(2,2),(0.,35.288913929208),.PIECEWISE_BEZIER_KNOTS.);
#11221 = CARTESIAN_POINT('',(0.,26.5));
#11222 = CARTESIAN_POINT('',(35.000653896056,21.998703170029));
#11223 = ( GEOMETRIC_REPRESENTATION_CONTEXT(2) 
PARAMETRIC_REPRESENTATION_CONTEXT() REPRESENTATION_CONTEXT('2D SPACE',''
  ) );
#11224 = ORIENTED_EDGE('',*,*,#11225,.T.);
#11225 = EDGE_CURVE('',#11205,#11226,#11228,.T.);
#11226 = VERTEX_POINT('',#11227);
#11227 = CARTESIAN_POINT('',(79.748703170029,57.251296829971,5.8));
#11228 = SURFACE_CURVE('',#11229,(#11233,#11240),.PCURVE_S1.);
#11229 = LINE('',#11230,#11231);
#11230 = CARTESIAN_POINT('',(55.75,57.251296829971,5.8));
#11231 = VECTOR('',#11232,1.);
#11232 = DIRECTION('',(1.,0.,0.));
#11233 = PCURVE('',#3820,#11234);
#11234 = DEFINITIONAL_REPRESENTATION('',(#11235),#11239);
#11235 = LINE('',#11236,#11237);
#11236 = CARTESIAN_POINT('',(35.000653896056,0.));
#11237 = VECTOR('',#11238,1.);
#11238 = DIRECTION('',(0.,1.));
#11239 = ( GEOMETRIC_REPRESENTATION_CONTEXT(2) 
PARAMETRIC_REPRESENTATION_CONTEXT() REPRESENTATION_CONTEXT('2D SPACE',''
  ) );
#11240 = PCURVE('',#11241,#11246);
#11241 = PLANE('',#11242);
#11242 = AXIS2_PLACEMENT_3D('',#11243,#11244,#11245);
#11243 = CARTESIAN_POINT('',(70.,66.,5.8));
#11244 = DIRECTION('',(0.,0.,1.));
#11245 = DIRECTION('',(1.,0.,0.));
#11246 = DEFINITIONAL_REPRESENTATION('',(#11247),#11251);
#11247 = LINE('',#11248,#11249);
#11248 = CARTESIAN_POINT('',(-14.25,-8.748703170029));
#11249 = VECTOR('',#11250,1.);
#11250 = DIRECTION('',(1.,0.));
#11251 = ( GEOMETRIC_REPRESENTATION_CONTEXT(2) 
PARAMETRIC_REPRESENTATION_CONTEXT() REPRESENTATION_CONTEXT('2D SPACE',''
  ) );
#11252 = ORIENTED_EDGE('',*,*,#11253,.F.);
#11253 = EDGE_CURVE('',#3806,#11226,#11254,.T.);
#11254 = SURFACE_CURVE('',#11255,(#11259,#11265),.PCURVE_S1.);
#11255 = LINE('',#11256,#11257);
#11256 = CARTESIAN_POINT('',(84.25,52.75,40.51));
#11257 = VECTOR('',#11258,1.);
#11258 = DIRECTION('',(-0.127555550137,0.127555550137,-0.983595019944));
#11259 = PCURVE('',#3820,#11260);
#11260 = DEFINITIONAL_REPRESENTATION('',(#11261),#11264);
#11261 = B_SPLINE_CURVE_WITH_KNOTS('',1,(#11262,#11263),.UNSPECIFIED.,
  .F.,.F.,(2,2),(0.,35.288913929208),.PIECEWISE_BEZIER_KNOTS.);
#11262 = CARTESIAN_POINT('',(0.,28.5));
#11263 = CARTESIAN_POINT('',(35.000653896056,23.998703170029));
#11264 = ( GEOMETRIC_REPRESENTATION_CONTEXT(2) 
PARAMETRIC_REPRESENTATION_CONTEXT() REPRESENTATION_CONTEXT('2D SPACE',''
  ) );
#11265 = PCURVE('',#3896,#11266);
#11266 = DEFINITIONAL_REPRESENTATION('',(#11267),#11270);
#11267 = B_SPLINE_CURVE_WITH_KNOTS('',1,(#11268,#11269),.UNSPECIFIED.,
  .F.,.F.,(2,2),(0.,35.288913929208),.PIECEWISE_BEZIER_KNOTS.);
#11268 = CARTESIAN_POINT('',(0.,0.));
#11269 = CARTESIAN_POINT('',(35.000653896056,4.501296829971));
#11270 = ( GEOMETRIC_REPRESENTATION_CONTEXT(2) 
PARAMETRIC_REPRESENTATION_CONTEXT() REPRESENTATION_CONTEXT('2D SPACE',''
  ) );
#11271 = ADVANCED_FACE('',(#11272),#3896,.F.);
#11272 = FACE_BOUND('',#11273,.F.);
#11273 = EDGE_LOOP('',(#11274,#11275,#11276,#11299));
#11274 = ORIENTED_EDGE('',*,*,#3883,.F.);
#11275 = ORIENTED_EDGE('',*,*,#11253,.T.);
#11276 = ORIENTED_EDGE('',*,*,#11277,.T.);
#11277 = EDGE_CURVE('',#11226,#11278,#11280,.T.);
#11278 = VERTEX_POINT('',#11279);
#11279 = CARTESIAN_POINT('',(79.748703170029,74.748703170029,5.8));
#11280 = SURFACE_CURVE('',#11281,(#11285,#11292),.PCURVE_S1.);
#11281 = LINE('',#11282,#11283);
#11282 = CARTESIAN_POINT('',(79.748703170029,52.75,5.8));
#11283 = VECTOR('',#11284,1.);
#11284 = DIRECTION('',(0.,1.,0.));
#11285 = PCURVE('',#3896,#11286);
#11286 = DEFINITIONAL_REPRESENTATION('',(#11287),#11291);
#11287 = LINE('',#11288,#11289);
#11288 = CARTESIAN_POINT('',(35.000653896056,0.));
#11289 = VECTOR('',#11290,1.);
#11290 = DIRECTION('',(0.,1.));
#11291 = ( GEOMETRIC_REPRESENTATION_CONTEXT(2) 
PARAMETRIC_REPRESENTATION_CONTEXT() REPRESENTATION_CONTEXT('2D SPACE',''
  ) );
#11292 = PCURVE('',#11241,#11293);
#11293 = DEFINITIONAL_REPRESENTATION('',(#11294),#11298);
#11294 = LINE('',#11295,#11296);
#11295 = CARTESIAN_POINT('',(9.748703170029,-13.25));
#11296 = VECTOR('',#11297,1.);
#11297 = DIRECTION('',(0.,1.));
#11298 = ( GEOMETRIC_REPRESENTATION_CONTEXT(2) 
PARAMETRIC_REPRESENTATION_CONTEXT() REPRESENTATION_CONTEXT('2D SPACE',''
  ) );
#11299 = ORIENTED_EDGE('',*,*,#11300,.F.);
#11300 = EDGE_CURVE('',#3858,#11278,#11301,.T.);
#11301 = SURFACE_CURVE('',#11302,(#11306,#11312),.PCURVE_S1.);
#11302 = LINE('',#11303,#11304);
#11303 = CARTESIAN_POINT('',(84.25,79.25,40.51));
#11304 = VECTOR('',#11305,1.);
#11305 = DIRECTION('',(-0.127555550137,-0.127555550137,-0.983595019944)
  );
#11306 = PCURVE('',#3896,#11307);
#11307 = DEFINITIONAL_REPRESENTATION('',(#11308),#11311);
#11308 = B_SPLINE_CURVE_WITH_KNOTS('',1,(#11309,#11310),.UNSPECIFIED.,
  .F.,.F.,(2,2),(-0.,35.288913929208),.PIECEWISE_BEZIER_KNOTS.);
#11309 = CARTESIAN_POINT('',(0.,26.5));
#11310 = CARTESIAN_POINT('',(35.000653896056,21.998703170029));
#11311 = ( GEOMETRIC_REPRESENTATION_CONTEXT(2) 
PARAMETRIC_REPRESENTATION_CONTEXT() REPRESENTATION_CONTEXT('2D SPACE',''
  ) );
#11312 = PCURVE('',#3872,#11313);
#11313 = DEFINITIONAL_REPRESENTATION('',(#11314),#11317);
#11314 = B_SPLINE_CURVE_WITH_KNOTS('',1,(#11315,#11316),.UNSPECIFIED.,
  .F.,.F.,(2,2),(-0.,35.288913929208),.PIECEWISE_BEZIER_KNOTS.);
#11315 = CARTESIAN_POINT('',(0.,0.));
#11316 = CARTESIAN_POINT('',(35.000653896056,4.501296829971));
#11317 = ( GEOMETRIC_REPRESENTATION_CONTEXT(2) 
PARAMETRIC_REPRESENTATION_CONTEXT() REPRESENTATION_CONTEXT('2D SPACE',''
  ) );
#11318 = ADVANCED_FACE('',(#11319),#3872,.F.);
#11319 = FACE_BOUND('',#11320,.F.);
#11320 = EDGE_LOOP('',(#11321,#11342,#11343,#11344));
#11321 = ORIENTED_EDGE('',*,*,#11322,.F.);
#11322 = EDGE_CURVE('',#3832,#11323,#11325,.T.);
#11323 = VERTEX_POINT('',#11324);
#11324 = CARTESIAN_POINT('',(60.251296829971,74.748703170029,5.8));
#11325 = SURFACE_CURVE('',#11326,(#11330,#11336),.PCURVE_S1.);
#11326 = LINE('',#11327,#11328);
#11327 = CARTESIAN_POINT('',(55.75,79.25,40.51));
#11328 = VECTOR('',#11329,1.);
#11329 = DIRECTION('',(0.127555550137,-0.127555550137,-0.983595019944));
#11330 = PCURVE('',#3872,#11331);
#11331 = DEFINITIONAL_REPRESENTATION('',(#11332),#11335);
#11332 = B_SPLINE_CURVE_WITH_KNOTS('',1,(#11333,#11334),.UNSPECIFIED.,
  .F.,.F.,(2,2),(0.,35.288913929208),.PIECEWISE_BEZIER_KNOTS.);
#11333 = CARTESIAN_POINT('',(0.,28.5));
#11334 = CARTESIAN_POINT('',(35.000653896056,23.998703170029));
#11335 = ( GEOMETRIC_REPRESENTATION_CONTEXT(2) 
PARAMETRIC_REPRESENTATION_CONTEXT() REPRESENTATION_CONTEXT('2D SPACE',''
  ) );
#11336 = PCURVE('',#3846,#11337);
#11337 = DEFINITIONAL_REPRESENTATION('',(#11338),#11341);
#11338 = B_SPLINE_CURVE_WITH_KNOTS('',1,(#11339,#11340),.UNSPECIFIED.,
  .F.,.F.,(2,2),(0.,35.288913929208),.PIECEWISE_BEZIER_KNOTS.);
#11339 = CARTESIAN_POINT('',(0.,0.));
#11340 = CARTESIAN_POINT('',(35.000653896056,4.501296829971));
#11341 = ( GEOMETRIC_REPRESENTATION_CONTEXT(2) 
PARAMETRIC_REPRESENTATION_CONTEXT() REPRESENTATION_CONTEXT('2D SPACE',''
  ) );
#11342 = ORIENTED_EDGE('',*,*,#3857,.F.);
#11343 = ORIENTED_EDGE('',*,*,#11300,.T.);
#11344 = ORIENTED_EDGE('',*,*,#11345,.T.);
#11345 = EDGE_CURVE('',#11278,#11323,#11346,.T.);
#11346 = SURFACE_CURVE('',#11347,(#11351,#11358),.PCURVE_S1.);
#11347 = LINE('',#11348,#11349);
#11348 = CARTESIAN_POINT('',(84.25,74.748703170029,5.8));
#11349 = VECTOR('',#11350,1.);
#11350 = DIRECTION('',(-1.,0.,0.));
#11351 = PCURVE('',#3872,#11352);
#11352 = DEFINITIONAL_REPRESENTATION('',(#11353),#11357);
#11353 = LINE('',#11354,#11355);
#11354 = CARTESIAN_POINT('',(35.000653896056,0.));
#11355 = VECTOR('',#11356,1.);
#11356 = DIRECTION('',(-0.,1.));
#11357 = ( GEOMETRIC_REPRESENTATION_CONTEXT(2) 
PARAMETRIC_REPRESENTATION_CONTEXT() REPRESENTATION_CONTEXT('2D SPACE',''
  ) );
#11358 = PCURVE('',#11241,#11359);
#11359 = DEFINITIONAL_REPRESENTATION('',(#11360),#11364);
#11360 = LINE('',#11361,#11362);
#11361 = CARTESIAN_POINT('',(14.25,8.748703170029));
#11362 = VECTOR('',#11363,1.);
#11363 = DIRECTION('',(-1.,0.));
#11364 = ( GEOMETRIC_REPRESENTATION_CONTEXT(2) 
PARAMETRIC_REPRESENTATION_CONTEXT() REPRESENTATION_CONTEXT('2D SPACE',''
  ) );
#11365 = ADVANCED_FACE('',(#11366),#3846,.F.);
#11366 = FACE_BOUND('',#11367,.F.);
#11367 = EDGE_LOOP('',(#11368,#11369,#11370,#11391));
#11368 = ORIENTED_EDGE('',*,*,#3831,.F.);
#11369 = ORIENTED_EDGE('',*,*,#11322,.T.);
#11370 = ORIENTED_EDGE('',*,*,#11371,.T.);
#11371 = EDGE_CURVE('',#11323,#11205,#11372,.T.);
#11372 = SURFACE_CURVE('',#11373,(#11377,#11384),.PCURVE_S1.);
#11373 = LINE('',#11374,#11375);
#11374 = CARTESIAN_POINT('',(60.251296829971,79.25,5.8));
#11375 = VECTOR('',#11376,1.);
#11376 = DIRECTION('',(0.,-1.,0.));
#11377 = PCURVE('',#3846,#11378);
#11378 = DEFINITIONAL_REPRESENTATION('',(#11379),#11383);
#11379 = LINE('',#11380,#11381);
#11380 = CARTESIAN_POINT('',(35.000653896056,0.));
#11381 = VECTOR('',#11382,1.);
#11382 = DIRECTION('',(0.,1.));
#11383 = ( GEOMETRIC_REPRESENTATION_CONTEXT(2) 
PARAMETRIC_REPRESENTATION_CONTEXT() REPRESENTATION_CONTEXT('2D SPACE',''
  ) );
#11384 = PCURVE('',#11241,#11385);
#11385 = DEFINITIONAL_REPRESENTATION('',(#11386),#11390);
#11386 = LINE('',#11387,#11388);
#11387 = CARTESIAN_POINT('',(-9.748703170029,13.25));
#11388 = VECTOR('',#11389,1.);
#11389 = DIRECTION('',(0.,-1.));
#11390 = ( GEOMETRIC_REPRESENTATION_CONTEXT(2) 
PARAMETRIC_REPRESENTATION_CONTEXT() REPRESENTATION_CONTEXT('2D SPACE',''
  ) );
#11391 = ORIENTED_EDGE('',*,*,#11204,.F.);
#11392 = ADVANCED_FACE('',(#11393),#3937,.T.);
#11393 = FACE_BOUND('',#11394,.T.);
#11394 = EDGE_LOOP('',(#11395,#11396,#11417,#11445));
#11395 = ORIENTED_EDGE('',*,*,#3920,.F.);
#11396 = ORIENTED_EDGE('',*,*,#11397,.T.);
#11397 = EDGE_CURVE('',#3921,#11398,#11400,.T.);
#11398 = VERTEX_POINT('',#11399);
#11399 = CARTESIAN_POINT('',(-80.54870317002,-75.54870317002,5.));
#11400 = SURFACE_CURVE('',#11401,(#11405,#11411),.PCURVE_S1.);
#11401 = LINE('',#11402,#11403);
#11402 = CARTESIAN_POINT('',(-85.05,-80.05,39.71));
#11403 = VECTOR('',#11404,1.);
#11404 = DIRECTION('',(0.127555550137,0.127555550137,-0.983595019944));
#11405 = PCURVE('',#3937,#11406);
#11406 = DEFINITIONAL_REPRESENTATION('',(#11407),#11410);
#11407 = B_SPLINE_CURVE_WITH_KNOTS('',1,(#11408,#11409),.UNSPECIFIED.,
  .F.,.F.,(2,2),(0.,35.288913929208),.PIECEWISE_BEZIER_KNOTS.);
#11408 = CARTESIAN_POINT('',(0.,0.));
#11409 = CARTESIAN_POINT('',(35.000653896056,4.501296829971));
#11410 = ( GEOMETRIC_REPRESENTATION_CONTEXT(2) 
PARAMETRIC_REPRESENTATION_CONTEXT() REPRESENTATION_CONTEXT('2D SPACE',''
  ) );
#11411 = PCURVE('',#3963,#11412);
#11412 = DEFINITIONAL_REPRESENTATION('',(#11413),#11416);
#11413 = B_SPLINE_CURVE_WITH_KNOTS('',1,(#11414,#11415),.UNSPECIFIED.,
  .F.,.F.,(2,2),(0.,35.288913929208),.PIECEWISE_BEZIER_KNOTS.);
#11414 = CARTESIAN_POINT('',(0.,28.1));
#11415 = CARTESIAN_POINT('',(35.000653896056,23.598703170029));
#11416 = ( GEOMETRIC_REPRESENTATION_CONTEXT(2) 
PARAMETRIC_REPRESENTATION_CONTEXT() REPRESENTATION_CONTEXT('2D SPACE',''
  ) );
#11417 = ORIENTED_EDGE('',*,*,#11418,.T.);
#11418 = EDGE_CURVE('',#11398,#11419,#11421,.T.);
#11419 = VERTEX_POINT('',#11420);
#11420 = CARTESIAN_POINT('',(-59.45129682997,-75.54870317002,5.));
#11421 = SURFACE_CURVE('',#11422,(#11426,#11433),.PCURVE_S1.);
#11422 = LINE('',#11423,#11424);
#11423 = CARTESIAN_POINT('',(-85.05,-75.54870317002,5.));
#11424 = VECTOR('',#11425,1.);
#11425 = DIRECTION('',(1.,0.,0.));
#11426 = PCURVE('',#3937,#11427);
#11427 = DEFINITIONAL_REPRESENTATION('',(#11428),#11432);
#11428 = LINE('',#11429,#11430);
#11429 = CARTESIAN_POINT('',(35.000653896056,0.));
#11430 = VECTOR('',#11431,1.);
#11431 = DIRECTION('',(0.,1.));
#11432 = ( GEOMETRIC_REPRESENTATION_CONTEXT(2) 
PARAMETRIC_REPRESENTATION_CONTEXT() REPRESENTATION_CONTEXT('2D SPACE',''
  ) );
#11433 = PCURVE('',#11434,#11439);
#11434 = PLANE('',#11435);
#11435 = AXIS2_PLACEMENT_3D('',#11436,#11437,#11438);
#11436 = CARTESIAN_POINT('',(-70.,-66.,5.));
#11437 = DIRECTION('',(0.,0.,1.));
#11438 = DIRECTION('',(1.,0.,0.));
#11439 = DEFINITIONAL_REPRESENTATION('',(#11440),#11444);
#11440 = LINE('',#11441,#11442);
#11441 = CARTESIAN_POINT('',(-15.05,-9.548703170029));
#11442 = VECTOR('',#11443,1.);
#11443 = DIRECTION('',(1.,0.));
#11444 = ( GEOMETRIC_REPRESENTATION_CONTEXT(2) 
PARAMETRIC_REPRESENTATION_CONTEXT() REPRESENTATION_CONTEXT('2D SPACE',''
  ) );
#11445 = ORIENTED_EDGE('',*,*,#11446,.F.);
#11446 = EDGE_CURVE('',#3923,#11419,#11447,.T.);
#11447 = SURFACE_CURVE('',#11448,(#11452,#11458),.PCURVE_S1.);
#11448 = LINE('',#11449,#11450);
#11449 = CARTESIAN_POINT('',(-54.95,-80.05,39.71));
#11450 = VECTOR('',#11451,1.);
#11451 = DIRECTION('',(-0.127555550137,0.127555550137,-0.983595019944));
#11452 = PCURVE('',#3937,#11453);
#11453 = DEFINITIONAL_REPRESENTATION('',(#11454),#11457);
#11454 = B_SPLINE_CURVE_WITH_KNOTS('',1,(#11455,#11456),.UNSPECIFIED.,
  .F.,.F.,(2,2),(0.,35.288913929208),.PIECEWISE_BEZIER_KNOTS.);
#11455 = CARTESIAN_POINT('',(0.,30.1));
#11456 = CARTESIAN_POINT('',(35.000653896056,25.598703170029));
#11457 = ( GEOMETRIC_REPRESENTATION_CONTEXT(2) 
PARAMETRIC_REPRESENTATION_CONTEXT() REPRESENTATION_CONTEXT('2D SPACE',''
  ) );
#11458 = PCURVE('',#4013,#11459);
#11459 = DEFINITIONAL_REPRESENTATION('',(#11460),#11463);
#11460 = B_SPLINE_CURVE_WITH_KNOTS('',1,(#11461,#11462),.UNSPECIFIED.,
  .F.,.F.,(2,2),(0.,35.288913929208),.PIECEWISE_BEZIER_KNOTS.);
#11461 = CARTESIAN_POINT('',(0.,0.));
#11462 = CARTESIAN_POINT('',(35.000653896056,4.501296829971));
#11463 = ( GEOMETRIC_REPRESENTATION_CONTEXT(2) 
PARAMETRIC_REPRESENTATION_CONTEXT() REPRESENTATION_CONTEXT('2D SPACE',''
  ) );
#11464 = ADVANCED_FACE('',(#11465),#3963,.T.);
#11465 = FACE_BOUND('',#11466,.T.);
#11466 = EDGE_LOOP('',(#11467,#11468,#11489,#11510));
#11467 = ORIENTED_EDGE('',*,*,#3948,.F.);
#11468 = ORIENTED_EDGE('',*,*,#11469,.T.);
#11469 = EDGE_CURVE('',#3949,#11470,#11472,.T.);
#11470 = VERTEX_POINT('',#11471);
#11471 = CARTESIAN_POINT('',(-80.54870317002,-56.45129682997,5.));
#11472 = SURFACE_CURVE('',#11473,(#11477,#11483),.PCURVE_S1.);
#11473 = LINE('',#11474,#11475);
#11474 = CARTESIAN_POINT('',(-85.05,-51.95,39.71));
#11475 = VECTOR('',#11476,1.);
#11476 = DIRECTION('',(0.127555550137,-0.127555550137,-0.983595019944));
#11477 = PCURVE('',#3963,#11478);
#11478 = DEFINITIONAL_REPRESENTATION('',(#11479),#11482);
#11479 = B_SPLINE_CURVE_WITH_KNOTS('',1,(#11480,#11481),.UNSPECIFIED.,
  .F.,.F.,(2,2),(0.,35.288913929208),.PIECEWISE_BEZIER_KNOTS.);
#11480 = CARTESIAN_POINT('',(0.,0.));
#11481 = CARTESIAN_POINT('',(35.000653896056,4.501296829971));
#11482 = ( GEOMETRIC_REPRESENTATION_CONTEXT(2) 
PARAMETRIC_REPRESENTATION_CONTEXT() REPRESENTATION_CONTEXT('2D SPACE',''
  ) );
#11483 = PCURVE('',#3989,#11484);
#11484 = DEFINITIONAL_REPRESENTATION('',(#11485),#11488);
#11485 = B_SPLINE_CURVE_WITH_KNOTS('',1,(#11486,#11487),.UNSPECIFIED.,
  .F.,.F.,(2,2),(0.,35.288913929208),.PIECEWISE_BEZIER_KNOTS.);
#11486 = CARTESIAN_POINT('',(0.,30.1));
#11487 = CARTESIAN_POINT('',(35.000653896056,25.598703170029));
#11488 = ( GEOMETRIC_REPRESENTATION_CONTEXT(2) 
PARAMETRIC_REPRESENTATION_CONTEXT() REPRESENTATION_CONTEXT('2D SPACE',''
  ) );
#11489 = ORIENTED_EDGE('',*,*,#11490,.T.);
#11490 = EDGE_CURVE('',#11470,#11398,#11491,.T.);
#11491 = SURFACE_CURVE('',#11492,(#11496,#11503),.PCURVE_S1.);
#11492 = LINE('',#11493,#11494);
#11493 = CARTESIAN_POINT('',(-80.54870317002,-51.95,5.));
#11494 = VECTOR('',#11495,1.);
#11495 = DIRECTION('',(0.,-1.,0.));
#11496 = PCURVE('',#3963,#11497);
#11497 = DEFINITIONAL_REPRESENTATION('',(#11498),#11502);
#11498 = LINE('',#11499,#11500);
#11499 = CARTESIAN_POINT('',(35.000653896056,0.));
#11500 = VECTOR('',#11501,1.);
#11501 = DIRECTION('',(0.,1.));
#11502 = ( GEOMETRIC_REPRESENTATION_CONTEXT(2) 
PARAMETRIC_REPRESENTATION_CONTEXT() REPRESENTATION_CONTEXT('2D SPACE',''
  ) );
#11503 = PCURVE('',#11434,#11504);
#11504 = DEFINITIONAL_REPRESENTATION('',(#11505),#11509);
#11505 = LINE('',#11506,#11507);
#11506 = CARTESIAN_POINT('',(-10.54870317002,14.05));
#11507 = VECTOR('',#11508,1.);
#11508 = DIRECTION('',(0.,-1.));
#11509 = ( GEOMETRIC_REPRESENTATION_CONTEXT(2) 
PARAMETRIC_REPRESENTATION_CONTEXT() REPRESENTATION_CONTEXT('2D SPACE',''
  ) );
#11510 = ORIENTED_EDGE('',*,*,#11397,.F.);
#11511 = ADVANCED_FACE('',(#11512),#4013,.T.);
#11512 = FACE_BOUND('',#11513,.T.);
#11513 = EDGE_LOOP('',(#11514,#11515,#11516,#11539));
#11514 = ORIENTED_EDGE('',*,*,#4000,.F.);
#11515 = ORIENTED_EDGE('',*,*,#11446,.T.);
#11516 = ORIENTED_EDGE('',*,*,#11517,.T.);
#11517 = EDGE_CURVE('',#11419,#11518,#11520,.T.);
#11518 = VERTEX_POINT('',#11519);
#11519 = CARTESIAN_POINT('',(-59.45129682997,-56.45129682997,5.));
#11520 = SURFACE_CURVE('',#11521,(#11525,#11532),.PCURVE_S1.);
#11521 = LINE('',#11522,#11523);
#11522 = CARTESIAN_POINT('',(-59.45129682997,-80.05,5.));
#11523 = VECTOR('',#11524,1.);
#11524 = DIRECTION('',(0.,1.,0.));
#11525 = PCURVE('',#4013,#11526);
#11526 = DEFINITIONAL_REPRESENTATION('',(#11527),#11531);
#11527 = LINE('',#11528,#11529);
#11528 = CARTESIAN_POINT('',(35.000653896056,0.));
#11529 = VECTOR('',#11530,1.);
#11530 = DIRECTION('',(0.,1.));
#11531 = ( GEOMETRIC_REPRESENTATION_CONTEXT(2) 
PARAMETRIC_REPRESENTATION_CONTEXT() REPRESENTATION_CONTEXT('2D SPACE',''
  ) );
#11532 = PCURVE('',#11434,#11533);
#11533 = DEFINITIONAL_REPRESENTATION('',(#11534),#11538);
#11534 = LINE('',#11535,#11536);
#11535 = CARTESIAN_POINT('',(10.548703170029,-14.05));
#11536 = VECTOR('',#11537,1.);
#11537 = DIRECTION('',(0.,1.));
#11538 = ( GEOMETRIC_REPRESENTATION_CONTEXT(2) 
PARAMETRIC_REPRESENTATION_CONTEXT() REPRESENTATION_CONTEXT('2D SPACE',''
  ) );
#11539 = ORIENTED_EDGE('',*,*,#11540,.F.);
#11540 = EDGE_CURVE('',#3975,#11518,#11541,.T.);
#11541 = SURFACE_CURVE('',#11542,(#11546,#11552),.PCURVE_S1.);
#11542 = LINE('',#11543,#11544);
#11543 = CARTESIAN_POINT('',(-54.95,-51.95,39.71));
#11544 = VECTOR('',#11545,1.);
#11545 = DIRECTION('',(-0.127555550137,-0.127555550137,-0.983595019944)
  );
#11546 = PCURVE('',#4013,#11547);
#11547 = DEFINITIONAL_REPRESENTATION('',(#11548),#11551);
#11548 = B_SPLINE_CURVE_WITH_KNOTS('',1,(#11549,#11550),.UNSPECIFIED.,
  .F.,.F.,(2,2),(-0.,35.288913929208),.PIECEWISE_BEZIER_KNOTS.);
#11549 = CARTESIAN_POINT('',(0.,28.1));
#11550 = CARTESIAN_POINT('',(35.000653896056,23.598703170029));
#11551 = ( GEOMETRIC_REPRESENTATION_CONTEXT(2) 
PARAMETRIC_REPRESENTATION_CONTEXT() REPRESENTATION_CONTEXT('2D SPACE',''
  ) );
#11552 = PCURVE('',#3989,#11553);
#11553 = DEFINITIONAL_REPRESENTATION('',(#11554),#11557);
#11554 = B_SPLINE_CURVE_WITH_KNOTS('',1,(#11555,#11556),.UNSPECIFIED.,
  .F.,.F.,(2,2),(-0.,35.288913929208),.PIECEWISE_BEZIER_KNOTS.);
#11555 = CARTESIAN_POINT('',(0.,0.));
#11556 = CARTESIAN_POINT('',(35.000653896056,4.501296829971));
#11557 = ( GEOMETRIC_REPRESENTATION_CONTEXT(2) 
PARAMETRIC_REPRESENTATION_CONTEXT() REPRESENTATION_CONTEXT('2D SPACE',''
  ) );
#11558 = ADVANCED_FACE('',(#11559),#3989,.T.);
#11559 = FACE_BOUND('',#11560,.T.);
#11560 = EDGE_LOOP('',(#11561,#11562,#11563,#11564));
#11561 = ORIENTED_EDGE('',*,*,#11469,.F.);
#11562 = ORIENTED_EDGE('',*,*,#3974,.F.);
#11563 = ORIENTED_EDGE('',*,*,#11540,.T.);
#11564 = ORIENTED_EDGE('',*,*,#11565,.T.);
#11565 = EDGE_CURVE('',#11518,#11470,#11566,.T.);
#11566 = SURFACE_CURVE('',#11567,(#11571,#11578),.PCURVE_S1.);
#11567 = LINE('',#11568,#11569);
#11568 = CARTESIAN_POINT('',(-54.95,-56.45129682997,5.));
#11569 = VECTOR('',#11570,1.);
#11570 = DIRECTION('',(-1.,0.,0.));
#11571 = PCURVE('',#3989,#11572);
#11572 = DEFINITIONAL_REPRESENTATION('',(#11573),#11577);
#11573 = LINE('',#11574,#11575);
#11574 = CARTESIAN_POINT('',(35.000653896056,0.));
#11575 = VECTOR('',#11576,1.);
#11576 = DIRECTION('',(-0.,1.));
#11577 = ( GEOMETRIC_REPRESENTATION_CONTEXT(2) 
PARAMETRIC_REPRESENTATION_CONTEXT() REPRESENTATION_CONTEXT('2D SPACE',''
  ) );
#11578 = PCURVE('',#11434,#11579);
#11579 = DEFINITIONAL_REPRESENTATION('',(#11580),#11584);
#11580 = LINE('',#11581,#11582);
#11581 = CARTESIAN_POINT('',(15.05,9.548703170029));
#11582 = VECTOR('',#11583,1.);
#11583 = DIRECTION('',(-1.,0.));
#11584 = ( GEOMETRIC_REPRESENTATION_CONTEXT(2) 
PARAMETRIC_REPRESENTATION_CONTEXT() REPRESENTATION_CONTEXT('2D SPACE',''
  ) );
#11585 = ADVANCED_FACE('',(#11586),#4043,.T.);
#11586 = FACE_BOUND('',#11587,.T.);
#11587 = EDGE_LOOP('',(#11588,#11589,#11610,#11638));
#11588 = ORIENTED_EDGE('',*,*,#4026,.F.);
#11589 = ORIENTED_EDGE('',*,*,#11590,.T.);
#11590 = EDGE_CURVE('',#4027,#11591,#11593,.T.);
#11591 = VERTEX_POINT('',#11592);
#11592 = CARTESIAN_POINT('',(-45.54870317002,-75.54870317002,5.));
#11593 = SURFACE_CURVE('',#11594,(#11598,#11604),.PCURVE_S1.);
#11594 = LINE('',#11595,#11596);
#11595 = CARTESIAN_POINT('',(-50.05,-80.05,39.71));
#11596 = VECTOR('',#11597,1.);
#11597 = DIRECTION('',(0.127555550137,0.127555550137,-0.983595019944));
#11598 = PCURVE('',#4043,#11599);
#11599 = DEFINITIONAL_REPRESENTATION('',(#11600),#11603);
#11600 = B_SPLINE_CURVE_WITH_KNOTS('',1,(#11601,#11602),.UNSPECIFIED.,
  .F.,.F.,(2,2),(0.,35.288913929208),.PIECEWISE_BEZIER_KNOTS.);
#11601 = CARTESIAN_POINT('',(0.,0.));
#11602 = CARTESIAN_POINT('',(35.000653896056,4.501296829971));
#11603 = ( GEOMETRIC_REPRESENTATION_CONTEXT(2) 
PARAMETRIC_REPRESENTATION_CONTEXT() REPRESENTATION_CONTEXT('2D SPACE',''
  ) );
#11604 = PCURVE('',#4069,#11605);
#11605 = DEFINITIONAL_REPRESENTATION('',(#11606),#11609);
#11606 = B_SPLINE_CURVE_WITH_KNOTS('',1,(#11607,#11608),.UNSPECIFIED.,
  .F.,.F.,(2,2),(0.,35.288913929208),.PIECEWISE_BEZIER_KNOTS.);
#11607 = CARTESIAN_POINT('',(0.,28.1));
#11608 = CARTESIAN_POINT('',(35.000653896056,23.598703170029));
#11609 = ( GEOMETRIC_REPRESENTATION_CONTEXT(2) 
PARAMETRIC_REPRESENTATION_CONTEXT() REPRESENTATION_CONTEXT('2D SPACE',''
  ) );
#11610 = ORIENTED_EDGE('',*,*,#11611,.T.);
#11611 = EDGE_CURVE('',#11591,#11612,#11614,.T.);
#11612 = VERTEX_POINT('',#11613);
#11613 = CARTESIAN_POINT('',(-24.45129682997,-75.54870317002,5.));
#11614 = SURFACE_CURVE('',#11615,(#11619,#11626),.PCURVE_S1.);
#11615 = LINE('',#11616,#11617);
#11616 = CARTESIAN_POINT('',(-50.05,-75.54870317002,5.));
#11617 = VECTOR('',#11618,1.);
#11618 = DIRECTION('',(1.,0.,0.));
#11619 = PCURVE('',#4043,#11620);
#11620 = DEFINITIONAL_REPRESENTATION('',(#11621),#11625);
#11621 = LINE('',#11622,#11623);
#11622 = CARTESIAN_POINT('',(35.000653896056,0.));
#11623 = VECTOR('',#11624,1.);
#11624 = DIRECTION('',(0.,1.));
#11625 = ( GEOMETRIC_REPRESENTATION_CONTEXT(2) 
PARAMETRIC_REPRESENTATION_CONTEXT() REPRESENTATION_CONTEXT('2D SPACE',''
  ) );
#11626 = PCURVE('',#11627,#11632);
#11627 = PLANE('',#11628);
#11628 = AXIS2_PLACEMENT_3D('',#11629,#11630,#11631);
#11629 = CARTESIAN_POINT('',(-35.,-66.,5.));
#11630 = DIRECTION('',(0.,0.,1.));
#11631 = DIRECTION('',(1.,0.,0.));
#11632 = DEFINITIONAL_REPRESENTATION('',(#11633),#11637);
#11633 = LINE('',#11634,#11635);
#11634 = CARTESIAN_POINT('',(-15.05,-9.548703170029));
#11635 = VECTOR('',#11636,1.);
#11636 = DIRECTION('',(1.,0.));
#11637 = ( GEOMETRIC_REPRESENTATION_CONTEXT(2) 
PARAMETRIC_REPRESENTATION_CONTEXT() REPRESENTATION_CONTEXT('2D SPACE',''
  ) );
#11638 = ORIENTED_EDGE('',*,*,#11639,.F.);
#11639 = EDGE_CURVE('',#4029,#11612,#11640,.T.);
#11640 = SURFACE_CURVE('',#11641,(#11645,#11651),.PCURVE_S1.);
#11641 = LINE('',#11642,#11643);
#11642 = CARTESIAN_POINT('',(-19.95,-80.05,39.71));
#11643 = VECTOR('',#11644,1.);
#11644 = DIRECTION('',(-0.127555550137,0.127555550137,-0.983595019944));
#11645 = PCURVE('',#4043,#11646);
#11646 = DEFINITIONAL_REPRESENTATION('',(#11647),#11650);
#11647 = B_SPLINE_CURVE_WITH_KNOTS('',1,(#11648,#11649),.UNSPECIFIED.,
  .F.,.F.,(2,2),(0.,35.288913929208),.PIECEWISE_BEZIER_KNOTS.);
#11648 = CARTESIAN_POINT('',(0.,30.1));
#11649 = CARTESIAN_POINT('',(35.000653896056,25.598703170029));
#11650 = ( GEOMETRIC_REPRESENTATION_CONTEXT(2) 
PARAMETRIC_REPRESENTATION_CONTEXT() REPRESENTATION_CONTEXT('2D SPACE',''
  ) );
#11651 = PCURVE('',#4119,#11652);
#11652 = DEFINITIONAL_REPRESENTATION('',(#11653),#11656);
#11653 = B_SPLINE_CURVE_WITH_KNOTS('',1,(#11654,#11655),.UNSPECIFIED.,
  .F.,.F.,(2,2),(0.,35.288913929208),.PIECEWISE_BEZIER_KNOTS.);
#11654 = CARTESIAN_POINT('',(0.,0.));
#11655 = CARTESIAN_POINT('',(35.000653896056,4.501296829971));
#11656 = ( GEOMETRIC_REPRESENTATION_CONTEXT(2) 
PARAMETRIC_REPRESENTATION_CONTEXT() REPRESENTATION_CONTEXT('2D SPACE',''
  ) );
#11657 = ADVANCED_FACE('',(#11658),#4069,.T.);
#11658 = FACE_BOUND('',#11659,.T.);
#11659 = EDGE_LOOP('',(#11660,#11661,#11682,#11703));
#11660 = ORIENTED_EDGE('',*,*,#4054,.F.);
#11661 = ORIENTED_EDGE('',*,*,#11662,.T.);
#11662 = EDGE_CURVE('',#4055,#11663,#11665,.T.);
#11663 = VERTEX_POINT('',#11664);
#11664 = CARTESIAN_POINT('',(-45.54870317002,-56.45129682997,5.));
#11665 = SURFACE_CURVE('',#11666,(#11670,#11676),.PCURVE_S1.);
#11666 = LINE('',#11667,#11668);
#11667 = CARTESIAN_POINT('',(-50.05,-51.95,39.71));
#11668 = VECTOR('',#11669,1.);
#11669 = DIRECTION('',(0.127555550137,-0.127555550137,-0.983595019944));
#11670 = PCURVE('',#4069,#11671);
#11671 = DEFINITIONAL_REPRESENTATION('',(#11672),#11675);
#11672 = B_SPLINE_CURVE_WITH_KNOTS('',1,(#11673,#11674),.UNSPECIFIED.,
  .F.,.F.,(2,2),(0.,35.288913929208),.PIECEWISE_BEZIER_KNOTS.);
#11673 = CARTESIAN_POINT('',(0.,0.));
#11674 = CARTESIAN_POINT('',(35.000653896056,4.501296829971));
#11675 = ( GEOMETRIC_REPRESENTATION_CONTEXT(2) 
PARAMETRIC_REPRESENTATION_CONTEXT() REPRESENTATION_CONTEXT('2D SPACE',''
  ) );
#11676 = PCURVE('',#4095,#11677);
#11677 = DEFINITIONAL_REPRESENTATION('',(#11678),#11681);
#11678 = B_SPLINE_CURVE_WITH_KNOTS('',1,(#11679,#11680),.UNSPECIFIED.,
  .F.,.F.,(2,2),(0.,35.288913929208),.PIECEWISE_BEZIER_KNOTS.);
#11679 = CARTESIAN_POINT('',(0.,30.1));
#11680 = CARTESIAN_POINT('',(35.000653896056,25.598703170029));
#11681 = ( GEOMETRIC_REPRESENTATION_CONTEXT(2) 
PARAMETRIC_REPRESENTATION_CONTEXT() REPRESENTATION_CONTEXT('2D SPACE',''
  ) );
#11682 = ORIENTED_EDGE('',*,*,#11683,.T.);
#11683 = EDGE_CURVE('',#11663,#11591,#11684,.T.);
#11684 = SURFACE_CURVE('',#11685,(#11689,#11696),.PCURVE_S1.);
#11685 = LINE('',#11686,#11687);
#11686 = CARTESIAN_POINT('',(-45.54870317002,-51.95,5.));
#11687 = VECTOR('',#11688,1.);
#11688 = DIRECTION('',(0.,-1.,0.));
#11689 = PCURVE('',#4069,#11690);
#11690 = DEFINITIONAL_REPRESENTATION('',(#11691),#11695);
#11691 = LINE('',#11692,#11693);
#11692 = CARTESIAN_POINT('',(35.000653896056,0.));
#11693 = VECTOR('',#11694,1.);
#11694 = DIRECTION('',(0.,1.));
#11695 = ( GEOMETRIC_REPRESENTATION_CONTEXT(2) 
PARAMETRIC_REPRESENTATION_CONTEXT() REPRESENTATION_CONTEXT('2D SPACE',''
  ) );
#11696 = PCURVE('',#11627,#11697);
#11697 = DEFINITIONAL_REPRESENTATION('',(#11698),#11702);
#11698 = LINE('',#11699,#11700);
#11699 = CARTESIAN_POINT('',(-10.54870317002,14.05));
#11700 = VECTOR('',#11701,1.);
#11701 = DIRECTION('',(0.,-1.));
#11702 = ( GEOMETRIC_REPRESENTATION_CONTEXT(2) 
PARAMETRIC_REPRESENTATION_CONTEXT() REPRESENTATION_CONTEXT('2D SPACE',''
  ) );
#11703 = ORIENTED_EDGE('',*,*,#11590,.F.);
#11704 = ADVANCED_FACE('',(#11705),#4119,.T.);
#11705 = FACE_BOUND('',#11706,.T.);
#11706 = EDGE_LOOP('',(#11707,#11708,#11709,#11732));
#11707 = ORIENTED_EDGE('',*,*,#4106,.F.);
#11708 = ORIENTED_EDGE('',*,*,#11639,.T.);
#11709 = ORIENTED_EDGE('',*,*,#11710,.T.);
#11710 = EDGE_CURVE('',#11612,#11711,#11713,.T.);
#11711 = VERTEX_POINT('',#11712);
#11712 = CARTESIAN_POINT('',(-24.45129682997,-56.45129682997,5.));
#11713 = SURFACE_CURVE('',#11714,(#11718,#11725),.PCURVE_S1.);
#11714 = LINE('',#11715,#11716);
#11715 = CARTESIAN_POINT('',(-24.45129682997,-80.05,5.));
#11716 = VECTOR('',#11717,1.);
#11717 = DIRECTION('',(0.,1.,0.));
#11718 = PCURVE('',#4119,#11719);
#11719 = DEFINITIONAL_REPRESENTATION('',(#11720),#11724);
#11720 = LINE('',#11721,#11722);
#11721 = CARTESIAN_POINT('',(35.000653896056,0.));
#11722 = VECTOR('',#11723,1.);
#11723 = DIRECTION('',(0.,1.));
#11724 = ( GEOMETRIC_REPRESENTATION_CONTEXT(2) 
PARAMETRIC_REPRESENTATION_CONTEXT() REPRESENTATION_CONTEXT('2D SPACE',''
  ) );
#11725 = PCURVE('',#11627,#11726);
#11726 = DEFINITIONAL_REPRESENTATION('',(#11727),#11731);
#11727 = LINE('',#11728,#11729);
#11728 = CARTESIAN_POINT('',(10.548703170029,-14.05));
#11729 = VECTOR('',#11730,1.);
#11730 = DIRECTION('',(0.,1.));
#11731 = ( GEOMETRIC_REPRESENTATION_CONTEXT(2) 
PARAMETRIC_REPRESENTATION_CONTEXT() REPRESENTATION_CONTEXT('2D SPACE',''
  ) );
#11732 = ORIENTED_EDGE('',*,*,#11733,.F.);
#11733 = EDGE_CURVE('',#4081,#11711,#11734,.T.);
#11734 = SURFACE_CURVE('',#11735,(#11739,#11745),.PCURVE_S1.);
#11735 = LINE('',#11736,#11737);
#11736 = CARTESIAN_POINT('',(-19.95,-51.95,39.71));
#11737 = VECTOR('',#11738,1.);
#11738 = DIRECTION('',(-0.127555550137,-0.127555550137,-0.983595019944)
  );
#11739 = PCURVE('',#4119,#11740);
#11740 = DEFINITIONAL_REPRESENTATION('',(#11741),#11744);
#11741 = B_SPLINE_CURVE_WITH_KNOTS('',1,(#11742,#11743),.UNSPECIFIED.,
  .F.,.F.,(2,2),(-0.,35.288913929208),.PIECEWISE_BEZIER_KNOTS.);
#11742 = CARTESIAN_POINT('',(0.,28.1));
#11743 = CARTESIAN_POINT('',(35.000653896056,23.598703170029));
#11744 = ( GEOMETRIC_REPRESENTATION_CONTEXT(2) 
PARAMETRIC_REPRESENTATION_CONTEXT() REPRESENTATION_CONTEXT('2D SPACE',''
  ) );
#11745 = PCURVE('',#4095,#11746);
#11746 = DEFINITIONAL_REPRESENTATION('',(#11747),#11750);
#11747 = B_SPLINE_CURVE_WITH_KNOTS('',1,(#11748,#11749),.UNSPECIFIED.,
  .F.,.F.,(2,2),(-0.,35.288913929208),.PIECEWISE_BEZIER_KNOTS.);
#11748 = CARTESIAN_POINT('',(0.,0.));
#11749 = CARTESIAN_POINT('',(35.000653896056,4.501296829971));
#11750 = ( GEOMETRIC_REPRESENTATION_CONTEXT(2) 
PARAMETRIC_REPRESENTATION_CONTEXT() REPRESENTATION_CONTEXT('2D SPACE',''
  ) );
#11751 = ADVANCED_FACE('',(#11752),#4095,.T.);
#11752 = FACE_BOUND('',#11753,.T.);
#11753 = EDGE_LOOP('',(#11754,#11755,#11756,#11757));
#11754 = ORIENTED_EDGE('',*,*,#11662,.F.);
#11755 = ORIENTED_EDGE('',*,*,#4080,.F.);
#11756 = ORIENTED_EDGE('',*,*,#11733,.T.);
#11757 = ORIENTED_EDGE('',*,*,#11758,.T.);
#11758 = EDGE_CURVE('',#11711,#11663,#11759,.T.);
#11759 = SURFACE_CURVE('',#11760,(#11764,#11771),.PCURVE_S1.);
#11760 = LINE('',#11761,#11762);
#11761 = CARTESIAN_POINT('',(-19.95,-56.45129682997,5.));
#11762 = VECTOR('',#11763,1.);
#11763 = DIRECTION('',(-1.,0.,0.));
#11764 = PCURVE('',#4095,#11765);
#11765 = DEFINITIONAL_REPRESENTATION('',(#11766),#11770);
#11766 = LINE('',#11767,#11768);
#11767 = CARTESIAN_POINT('',(35.000653896056,0.));
#11768 = VECTOR('',#11769,1.);
#11769 = DIRECTION('',(-0.,1.));
#11770 = ( GEOMETRIC_REPRESENTATION_CONTEXT(2) 
PARAMETRIC_REPRESENTATION_CONTEXT() REPRESENTATION_CONTEXT('2D SPACE',''
  ) );
#11771 = PCURVE('',#11627,#11772);
#11772 = DEFINITIONAL_REPRESENTATION('',(#11773),#11777);
#11773 = LINE('',#11774,#11775);
#11774 = CARTESIAN_POINT('',(15.05,9.548703170029));
#11775 = VECTOR('',#11776,1.);
#11776 = DIRECTION('',(-1.,0.));
#11777 = ( GEOMETRIC_REPRESENTATION_CONTEXT(2) 
PARAMETRIC_REPRESENTATION_CONTEXT() REPRESENTATION_CONTEXT('2D SPACE',''
  ) );
#11778 = ADVANCED_FACE('',(#11779),#4149,.T.);
#11779 = FACE_BOUND('',#11780,.T.);
#11780 = EDGE_LOOP('',(#11781,#11782,#11803,#11831));
#11781 = ORIENTED_EDGE('',*,*,#4132,.F.);
#11782 = ORIENTED_EDGE('',*,*,#11783,.T.);
#11783 = EDGE_CURVE('',#4133,#11784,#11786,.T.);
#11784 = VERTEX_POINT('',#11785);
#11785 = CARTESIAN_POINT('',(-80.54870317002,-42.54870317002,5.));
#11786 = SURFACE_CURVE('',#11787,(#11791,#11797),.PCURVE_S1.);
#11787 = LINE('',#11788,#11789);
#11788 = CARTESIAN_POINT('',(-85.05,-47.05,39.71));
#11789 = VECTOR('',#11790,1.);
#11790 = DIRECTION('',(0.127555550137,0.127555550137,-0.983595019944));
#11791 = PCURVE('',#4149,#11792);
#11792 = DEFINITIONAL_REPRESENTATION('',(#11793),#11796);
#11793 = B_SPLINE_CURVE_WITH_KNOTS('',1,(#11794,#11795),.UNSPECIFIED.,
  .F.,.F.,(2,2),(0.,35.288913929208),.PIECEWISE_BEZIER_KNOTS.);
#11794 = CARTESIAN_POINT('',(0.,0.));
#11795 = CARTESIAN_POINT('',(35.000653896056,4.501296829971));
#11796 = ( GEOMETRIC_REPRESENTATION_CONTEXT(2) 
PARAMETRIC_REPRESENTATION_CONTEXT() REPRESENTATION_CONTEXT('2D SPACE',''
  ) );
#11797 = PCURVE('',#4175,#11798);
#11798 = DEFINITIONAL_REPRESENTATION('',(#11799),#11802);
#11799 = B_SPLINE_CURVE_WITH_KNOTS('',1,(#11800,#11801),.UNSPECIFIED.,
  .F.,.F.,(2,2),(0.,35.288913929208),.PIECEWISE_BEZIER_KNOTS.);
#11800 = CARTESIAN_POINT('',(0.,28.1));
#11801 = CARTESIAN_POINT('',(35.000653896056,23.598703170029));
#11802 = ( GEOMETRIC_REPRESENTATION_CONTEXT(2) 
PARAMETRIC_REPRESENTATION_CONTEXT() REPRESENTATION_CONTEXT('2D SPACE',''
  ) );
#11803 = ORIENTED_EDGE('',*,*,#11804,.T.);
#11804 = EDGE_CURVE('',#11784,#11805,#11807,.T.);
#11805 = VERTEX_POINT('',#11806);
#11806 = CARTESIAN_POINT('',(-59.45129682997,-42.54870317002,5.));
#11807 = SURFACE_CURVE('',#11808,(#11812,#11819),.PCURVE_S1.);
#11808 = LINE('',#11809,#11810);
#11809 = CARTESIAN_POINT('',(-85.05,-42.54870317002,5.));
#11810 = VECTOR('',#11811,1.);
#11811 = DIRECTION('',(1.,0.,0.));
#11812 = PCURVE('',#4149,#11813);
#11813 = DEFINITIONAL_REPRESENTATION('',(#11814),#11818);
#11814 = LINE('',#11815,#11816);
#11815 = CARTESIAN_POINT('',(35.000653896056,0.));
#11816 = VECTOR('',#11817,1.);
#11817 = DIRECTION('',(0.,1.));
#11818 = ( GEOMETRIC_REPRESENTATION_CONTEXT(2) 
PARAMETRIC_REPRESENTATION_CONTEXT() REPRESENTATION_CONTEXT('2D SPACE',''
  ) );
#11819 = PCURVE('',#11820,#11825);
#11820 = PLANE('',#11821);
#11821 = AXIS2_PLACEMENT_3D('',#11822,#11823,#11824);
#11822 = CARTESIAN_POINT('',(-70.,-33.,5.));
#11823 = DIRECTION('',(0.,0.,1.));
#11824 = DIRECTION('',(1.,0.,0.));
#11825 = DEFINITIONAL_REPRESENTATION('',(#11826),#11830);
#11826 = LINE('',#11827,#11828);
#11827 = CARTESIAN_POINT('',(-15.05,-9.548703170029));
#11828 = VECTOR('',#11829,1.);
#11829 = DIRECTION('',(1.,0.));
#11830 = ( GEOMETRIC_REPRESENTATION_CONTEXT(2) 
PARAMETRIC_REPRESENTATION_CONTEXT() REPRESENTATION_CONTEXT('2D SPACE',''
  ) );
#11831 = ORIENTED_EDGE('',*,*,#11832,.F.);
#11832 = EDGE_CURVE('',#4135,#11805,#11833,.T.);
#11833 = SURFACE_CURVE('',#11834,(#11838,#11844),.PCURVE_S1.);
#11834 = LINE('',#11835,#11836);
#11835 = CARTESIAN_POINT('',(-54.95,-47.05,39.71));
#11836 = VECTOR('',#11837,1.);
#11837 = DIRECTION('',(-0.127555550137,0.127555550137,-0.983595019944));
#11838 = PCURVE('',#4149,#11839);
#11839 = DEFINITIONAL_REPRESENTATION('',(#11840),#11843);
#11840 = B_SPLINE_CURVE_WITH_KNOTS('',1,(#11841,#11842),.UNSPECIFIED.,
  .F.,.F.,(2,2),(0.,35.288913929208),.PIECEWISE_BEZIER_KNOTS.);
#11841 = CARTESIAN_POINT('',(0.,30.1));
#11842 = CARTESIAN_POINT('',(35.000653896056,25.598703170029));
#11843 = ( GEOMETRIC_REPRESENTATION_CONTEXT(2) 
PARAMETRIC_REPRESENTATION_CONTEXT() REPRESENTATION_CONTEXT('2D SPACE',''
  ) );
#11844 = PCURVE('',#4225,#11845);
#11845 = DEFINITIONAL_REPRESENTATION('',(#11846),#11849);
#11846 = B_SPLINE_CURVE_WITH_KNOTS('',1,(#11847,#11848),.UNSPECIFIED.,
  .F.,.F.,(2,2),(0.,35.288913929208),.PIECEWISE_BEZIER_KNOTS.);
#11847 = CARTESIAN_POINT('',(0.,0.));
#11848 = CARTESIAN_POINT('',(35.000653896056,4.501296829971));
#11849 = ( GEOMETRIC_REPRESENTATION_CONTEXT(2) 
PARAMETRIC_REPRESENTATION_CONTEXT() REPRESENTATION_CONTEXT('2D SPACE',''
  ) );
#11850 = ADVANCED_FACE('',(#11851),#4175,.T.);
#11851 = FACE_BOUND('',#11852,.T.);
#11852 = EDGE_LOOP('',(#11853,#11854,#11875,#11896));
#11853 = ORIENTED_EDGE('',*,*,#4160,.F.);
#11854 = ORIENTED_EDGE('',*,*,#11855,.T.);
#11855 = EDGE_CURVE('',#4161,#11856,#11858,.T.);
#11856 = VERTEX_POINT('',#11857);
#11857 = CARTESIAN_POINT('',(-80.54870317002,-23.45129682997,5.));
#11858 = SURFACE_CURVE('',#11859,(#11863,#11869),.PCURVE_S1.);
#11859 = LINE('',#11860,#11861);
#11860 = CARTESIAN_POINT('',(-85.05,-18.95,39.71));
#11861 = VECTOR('',#11862,1.);
#11862 = DIRECTION('',(0.127555550137,-0.127555550137,-0.983595019944));
#11863 = PCURVE('',#4175,#11864);
#11864 = DEFINITIONAL_REPRESENTATION('',(#11865),#11868);
#11865 = B_SPLINE_CURVE_WITH_KNOTS('',1,(#11866,#11867),.UNSPECIFIED.,
  .F.,.F.,(2,2),(0.,35.288913929208),.PIECEWISE_BEZIER_KNOTS.);
#11866 = CARTESIAN_POINT('',(0.,0.));
#11867 = CARTESIAN_POINT('',(35.000653896056,4.501296829971));
#11868 = ( GEOMETRIC_REPRESENTATION_CONTEXT(2) 
PARAMETRIC_REPRESENTATION_CONTEXT() REPRESENTATION_CONTEXT('2D SPACE',''
  ) );
#11869 = PCURVE('',#4201,#11870);
#11870 = DEFINITIONAL_REPRESENTATION('',(#11871),#11874);
#11871 = B_SPLINE_CURVE_WITH_KNOTS('',1,(#11872,#11873),.UNSPECIFIED.,
  .F.,.F.,(2,2),(0.,35.288913929208),.PIECEWISE_BEZIER_KNOTS.);
#11872 = CARTESIAN_POINT('',(0.,30.1));
#11873 = CARTESIAN_POINT('',(35.000653896056,25.598703170029));
#11874 = ( GEOMETRIC_REPRESENTATION_CONTEXT(2) 
PARAMETRIC_REPRESENTATION_CONTEXT() REPRESENTATION_CONTEXT('2D SPACE',''
  ) );
#11875 = ORIENTED_EDGE('',*,*,#11876,.T.);
#11876 = EDGE_CURVE('',#11856,#11784,#11877,.T.);
#11877 = SURFACE_CURVE('',#11878,(#11882,#11889),.PCURVE_S1.);
#11878 = LINE('',#11879,#11880);
#11879 = CARTESIAN_POINT('',(-80.54870317002,-18.95,5.));
#11880 = VECTOR('',#11881,1.);
#11881 = DIRECTION('',(0.,-1.,0.));
#11882 = PCURVE('',#4175,#11883);
#11883 = DEFINITIONAL_REPRESENTATION('',(#11884),#11888);
#11884 = LINE('',#11885,#11886);
#11885 = CARTESIAN_POINT('',(35.000653896056,0.));
#11886 = VECTOR('',#11887,1.);
#11887 = DIRECTION('',(0.,1.));
#11888 = ( GEOMETRIC_REPRESENTATION_CONTEXT(2) 
PARAMETRIC_REPRESENTATION_CONTEXT() REPRESENTATION_CONTEXT('2D SPACE',''
  ) );
#11889 = PCURVE('',#11820,#11890);
#11890 = DEFINITIONAL_REPRESENTATION('',(#11891),#11895);
#11891 = LINE('',#11892,#11893);
#11892 = CARTESIAN_POINT('',(-10.54870317002,14.05));
#11893 = VECTOR('',#11894,1.);
#11894 = DIRECTION('',(0.,-1.));
#11895 = ( GEOMETRIC_REPRESENTATION_CONTEXT(2) 
PARAMETRIC_REPRESENTATION_CONTEXT() REPRESENTATION_CONTEXT('2D SPACE',''
  ) );
#11896 = ORIENTED_EDGE('',*,*,#11783,.F.);
#11897 = ADVANCED_FACE('',(#11898),#4225,.T.);
#11898 = FACE_BOUND('',#11899,.T.);
#11899 = EDGE_LOOP('',(#11900,#11901,#11902,#11925));
#11900 = ORIENTED_EDGE('',*,*,#4212,.F.);
#11901 = ORIENTED_EDGE('',*,*,#11832,.T.);
#11902 = ORIENTED_EDGE('',*,*,#11903,.T.);
#11903 = EDGE_CURVE('',#11805,#11904,#11906,.T.);
#11904 = VERTEX_POINT('',#11905);
#11905 = CARTESIAN_POINT('',(-59.45129682997,-23.45129682997,5.));
#11906 = SURFACE_CURVE('',#11907,(#11911,#11918),.PCURVE_S1.);
#11907 = LINE('',#11908,#11909);
#11908 = CARTESIAN_POINT('',(-59.45129682997,-47.05,5.));
#11909 = VECTOR('',#11910,1.);
#11910 = DIRECTION('',(0.,1.,0.));
#11911 = PCURVE('',#4225,#11912);
#11912 = DEFINITIONAL_REPRESENTATION('',(#11913),#11917);
#11913 = LINE('',#11914,#11915);
#11914 = CARTESIAN_POINT('',(35.000653896056,0.));
#11915 = VECTOR('',#11916,1.);
#11916 = DIRECTION('',(0.,1.));
#11917 = ( GEOMETRIC_REPRESENTATION_CONTEXT(2) 
PARAMETRIC_REPRESENTATION_CONTEXT() REPRESENTATION_CONTEXT('2D SPACE',''
  ) );
#11918 = PCURVE('',#11820,#11919);
#11919 = DEFINITIONAL_REPRESENTATION('',(#11920),#11924);
#11920 = LINE('',#11921,#11922);
#11921 = CARTESIAN_POINT('',(10.548703170029,-14.05));
#11922 = VECTOR('',#11923,1.);
#11923 = DIRECTION('',(0.,1.));
#11924 = ( GEOMETRIC_REPRESENTATION_CONTEXT(2) 
PARAMETRIC_REPRESENTATION_CONTEXT() REPRESENTATION_CONTEXT('2D SPACE',''
  ) );
#11925 = ORIENTED_EDGE('',*,*,#11926,.F.);
#11926 = EDGE_CURVE('',#4187,#11904,#11927,.T.);
#11927 = SURFACE_CURVE('',#11928,(#11932,#11938),.PCURVE_S1.);
#11928 = LINE('',#11929,#11930);
#11929 = CARTESIAN_POINT('',(-54.95,-18.95,39.71));
#11930 = VECTOR('',#11931,1.);
#11931 = DIRECTION('',(-0.127555550137,-0.127555550137,-0.983595019944)
  );
#11932 = PCURVE('',#4225,#11933);
#11933 = DEFINITIONAL_REPRESENTATION('',(#11934),#11937);
#11934 = B_SPLINE_CURVE_WITH_KNOTS('',1,(#11935,#11936),.UNSPECIFIED.,
  .F.,.F.,(2,2),(-0.,35.288913929208),.PIECEWISE_BEZIER_KNOTS.);
#11935 = CARTESIAN_POINT('',(0.,28.1));
#11936 = CARTESIAN_POINT('',(35.000653896056,23.598703170029));
#11937 = ( GEOMETRIC_REPRESENTATION_CONTEXT(2) 
PARAMETRIC_REPRESENTATION_CONTEXT() REPRESENTATION_CONTEXT('2D SPACE',''
  ) );
#11938 = PCURVE('',#4201,#11939);
#11939 = DEFINITIONAL_REPRESENTATION('',(#11940),#11943);
#11940 = B_SPLINE_CURVE_WITH_KNOTS('',1,(#11941,#11942),.UNSPECIFIED.,
  .F.,.F.,(2,2),(-0.,35.288913929208),.PIECEWISE_BEZIER_KNOTS.);
#11941 = CARTESIAN_POINT('',(0.,0.));
#11942 = CARTESIAN_POINT('',(35.000653896056,4.501296829971));
#11943 = ( GEOMETRIC_REPRESENTATION_CONTEXT(2) 
PARAMETRIC_REPRESENTATION_CONTEXT() REPRESENTATION_CONTEXT('2D SPACE',''
  ) );
#11944 = ADVANCED_FACE('',(#11945),#4201,.T.);
#11945 = FACE_BOUND('',#11946,.T.);
#11946 = EDGE_LOOP('',(#11947,#11948,#11949,#11950));
#11947 = ORIENTED_EDGE('',*,*,#11855,.F.);
#11948 = ORIENTED_EDGE('',*,*,#4186,.F.);
#11949 = ORIENTED_EDGE('',*,*,#11926,.T.);
#11950 = ORIENTED_EDGE('',*,*,#11951,.T.);
#11951 = EDGE_CURVE('',#11904,#11856,#11952,.T.);
#11952 = SURFACE_CURVE('',#11953,(#11957,#11964),.PCURVE_S1.);
#11953 = LINE('',#11954,#11955);
#11954 = CARTESIAN_POINT('',(-54.95,-23.45129682997,5.));
#11955 = VECTOR('',#11956,1.);
#11956 = DIRECTION('',(-1.,0.,0.));
#11957 = PCURVE('',#4201,#11958);
#11958 = DEFINITIONAL_REPRESENTATION('',(#11959),#11963);
#11959 = LINE('',#11960,#11961);
#11960 = CARTESIAN_POINT('',(35.000653896056,0.));
#11961 = VECTOR('',#11962,1.);
#11962 = DIRECTION('',(-0.,1.));
#11963 = ( GEOMETRIC_REPRESENTATION_CONTEXT(2) 
PARAMETRIC_REPRESENTATION_CONTEXT() REPRESENTATION_CONTEXT('2D SPACE',''
  ) );
#11964 = PCURVE('',#11820,#11965);
#11965 = DEFINITIONAL_REPRESENTATION('',(#11966),#11970);
#11966 = LINE('',#11967,#11968);
#11967 = CARTESIAN_POINT('',(15.05,9.548703170029));
#11968 = VECTOR('',#11969,1.);
#11969 = DIRECTION('',(-1.,0.));
#11970 = ( GEOMETRIC_REPRESENTATION_CONTEXT(2) 
PARAMETRIC_REPRESENTATION_CONTEXT() REPRESENTATION_CONTEXT('2D SPACE',''
  ) );
#11971 = ADVANCED_FACE('',(#11972),#4255,.T.);
#11972 = FACE_BOUND('',#11973,.T.);
#11973 = EDGE_LOOP('',(#11974,#11975,#11996,#12024));
#11974 = ORIENTED_EDGE('',*,*,#4238,.F.);
#11975 = ORIENTED_EDGE('',*,*,#11976,.T.);
#11976 = EDGE_CURVE('',#4239,#11977,#11979,.T.);
#11977 = VERTEX_POINT('',#11978);
#11978 = CARTESIAN_POINT('',(-45.54870317002,-42.54870317002,5.));
#11979 = SURFACE_CURVE('',#11980,(#11984,#11990),.PCURVE_S1.);
#11980 = LINE('',#11981,#11982);
#11981 = CARTESIAN_POINT('',(-50.05,-47.05,39.71));
#11982 = VECTOR('',#11983,1.);
#11983 = DIRECTION('',(0.127555550137,0.127555550137,-0.983595019944));
#11984 = PCURVE('',#4255,#11985);
#11985 = DEFINITIONAL_REPRESENTATION('',(#11986),#11989);
#11986 = B_SPLINE_CURVE_WITH_KNOTS('',1,(#11987,#11988),.UNSPECIFIED.,
  .F.,.F.,(2,2),(0.,35.288913929208),.PIECEWISE_BEZIER_KNOTS.);
#11987 = CARTESIAN_POINT('',(0.,0.));
#11988 = CARTESIAN_POINT('',(35.000653896056,4.501296829971));
#11989 = ( GEOMETRIC_REPRESENTATION_CONTEXT(2) 
PARAMETRIC_REPRESENTATION_CONTEXT() REPRESENTATION_CONTEXT('2D SPACE',''
  ) );
#11990 = PCURVE('',#4281,#11991);
#11991 = DEFINITIONAL_REPRESENTATION('',(#11992),#11995);
#11992 = B_SPLINE_CURVE_WITH_KNOTS('',1,(#11993,#11994),.UNSPECIFIED.,
  .F.,.F.,(2,2),(0.,35.288913929208),.PIECEWISE_BEZIER_KNOTS.);
#11993 = CARTESIAN_POINT('',(0.,28.1));
#11994 = CARTESIAN_POINT('',(35.000653896056,23.598703170029));
#11995 = ( GEOMETRIC_REPRESENTATION_CONTEXT(2) 
PARAMETRIC_REPRESENTATION_CONTEXT() REPRESENTATION_CONTEXT('2D SPACE',''
  ) );
#11996 = ORIENTED_EDGE('',*,*,#11997,.T.);
#11997 = EDGE_CURVE('',#11977,#11998,#12000,.T.);
#11998 = VERTEX_POINT('',#11999);
#11999 = CARTESIAN_POINT('',(-24.45129682997,-42.54870317002,5.));
#12000 = SURFACE_CURVE('',#12001,(#12005,#12012),.PCURVE_S1.);
#12001 = LINE('',#12002,#12003);
#12002 = CARTESIAN_POINT('',(-50.05,-42.54870317002,5.));
#12003 = VECTOR('',#12004,1.);
#12004 = DIRECTION('',(1.,0.,0.));
#12005 = PCURVE('',#4255,#12006);
#12006 = DEFINITIONAL_REPRESENTATION('',(#12007),#12011);
#12007 = LINE('',#12008,#12009);
#12008 = CARTESIAN_POINT('',(35.000653896056,0.));
#12009 = VECTOR('',#12010,1.);
#12010 = DIRECTION('',(0.,1.));
#12011 = ( GEOMETRIC_REPRESENTATION_CONTEXT(2) 
PARAMETRIC_REPRESENTATION_CONTEXT() REPRESENTATION_CONTEXT('2D SPACE',''
  ) );
#12012 = PCURVE('',#12013,#12018);
#12013 = PLANE('',#12014);
#12014 = AXIS2_PLACEMENT_3D('',#12015,#12016,#12017);
#12015 = CARTESIAN_POINT('',(-35.,-33.,5.));
#12016 = DIRECTION('',(0.,0.,1.));
#12017 = DIRECTION('',(1.,0.,0.));
#12018 = DEFINITIONAL_REPRESENTATION('',(#12019),#12023);
#12019 = LINE('',#12020,#12021);
#12020 = CARTESIAN_POINT('',(-15.05,-9.548703170029));
#12021 = VECTOR('',#12022,1.);
#12022 = DIRECTION('',(1.,0.));
#12023 = ( GEOMETRIC_REPRESENTATION_CONTEXT(2) 
PARAMETRIC_REPRESENTATION_CONTEXT() REPRESENTATION_CONTEXT('2D SPACE',''
  ) );
#12024 = ORIENTED_EDGE('',*,*,#12025,.F.);
#12025 = EDGE_CURVE('',#4241,#11998,#12026,.T.);
#12026 = SURFACE_CURVE('',#12027,(#12031,#12037),.PCURVE_S1.);
#12027 = LINE('',#12028,#12029);
#12028 = CARTESIAN_POINT('',(-19.95,-47.05,39.71));
#12029 = VECTOR('',#12030,1.);
#12030 = DIRECTION('',(-0.127555550137,0.127555550137,-0.983595019944));
#12031 = PCURVE('',#4255,#12032);
#12032 = DEFINITIONAL_REPRESENTATION('',(#12033),#12036);
#12033 = B_SPLINE_CURVE_WITH_KNOTS('',1,(#12034,#12035),.UNSPECIFIED.,
  .F.,.F.,(2,2),(0.,35.288913929208),.PIECEWISE_BEZIER_KNOTS.);
#12034 = CARTESIAN_POINT('',(0.,30.1));
#12035 = CARTESIAN_POINT('',(35.000653896056,25.598703170029));
#12036 = ( GEOMETRIC_REPRESENTATION_CONTEXT(2) 
PARAMETRIC_REPRESENTATION_CONTEXT() REPRESENTATION_CONTEXT('2D SPACE',''
  ) );
#12037 = PCURVE('',#4331,#12038);
#12038 = DEFINITIONAL_REPRESENTATION('',(#12039),#12042);
#12039 = B_SPLINE_CURVE_WITH_KNOTS('',1,(#12040,#12041),.UNSPECIFIED.,
  .F.,.F.,(2,2),(0.,35.288913929208),.PIECEWISE_BEZIER_KNOTS.);
#12040 = CARTESIAN_POINT('',(0.,0.));
#12041 = CARTESIAN_POINT('',(35.000653896056,4.501296829971));
#12042 = ( GEOMETRIC_REPRESENTATION_CONTEXT(2) 
PARAMETRIC_REPRESENTATION_CONTEXT() REPRESENTATION_CONTEXT('2D SPACE',''
  ) );
#12043 = ADVANCED_FACE('',(#12044),#4281,.T.);
#12044 = FACE_BOUND('',#12045,.T.);
#12045 = EDGE_LOOP('',(#12046,#12047,#12068,#12089));
#12046 = ORIENTED_EDGE('',*,*,#4266,.F.);
#12047 = ORIENTED_EDGE('',*,*,#12048,.T.);
#12048 = EDGE_CURVE('',#4267,#12049,#12051,.T.);
#12049 = VERTEX_POINT('',#12050);
#12050 = CARTESIAN_POINT('',(-45.54870317002,-23.45129682997,5.));
#12051 = SURFACE_CURVE('',#12052,(#12056,#12062),.PCURVE_S1.);
#12052 = LINE('',#12053,#12054);
#12053 = CARTESIAN_POINT('',(-50.05,-18.95,39.71));
#12054 = VECTOR('',#12055,1.);
#12055 = DIRECTION('',(0.127555550137,-0.127555550137,-0.983595019944));
#12056 = PCURVE('',#4281,#12057);
#12057 = DEFINITIONAL_REPRESENTATION('',(#12058),#12061);
#12058 = B_SPLINE_CURVE_WITH_KNOTS('',1,(#12059,#12060),.UNSPECIFIED.,
  .F.,.F.,(2,2),(0.,35.288913929208),.PIECEWISE_BEZIER_KNOTS.);
#12059 = CARTESIAN_POINT('',(0.,0.));
#12060 = CARTESIAN_POINT('',(35.000653896056,4.501296829971));
#12061 = ( GEOMETRIC_REPRESENTATION_CONTEXT(2) 
PARAMETRIC_REPRESENTATION_CONTEXT() REPRESENTATION_CONTEXT('2D SPACE',''
  ) );
#12062 = PCURVE('',#4307,#12063);
#12063 = DEFINITIONAL_REPRESENTATION('',(#12064),#12067);
#12064 = B_SPLINE_CURVE_WITH_KNOTS('',1,(#12065,#12066),.UNSPECIFIED.,
  .F.,.F.,(2,2),(0.,35.288913929208),.PIECEWISE_BEZIER_KNOTS.);
#12065 = CARTESIAN_POINT('',(0.,30.1));
#12066 = CARTESIAN_POINT('',(35.000653896056,25.598703170029));
#12067 = ( GEOMETRIC_REPRESENTATION_CONTEXT(2) 
PARAMETRIC_REPRESENTATION_CONTEXT() REPRESENTATION_CONTEXT('2D SPACE',''
  ) );
#12068 = ORIENTED_EDGE('',*,*,#12069,.T.);
#12069 = EDGE_CURVE('',#12049,#11977,#12070,.T.);
#12070 = SURFACE_CURVE('',#12071,(#12075,#12082),.PCURVE_S1.);
#12071 = LINE('',#12072,#12073);
#12072 = CARTESIAN_POINT('',(-45.54870317002,-18.95,5.));
#12073 = VECTOR('',#12074,1.);
#12074 = DIRECTION('',(0.,-1.,0.));
#12075 = PCURVE('',#4281,#12076);
#12076 = DEFINITIONAL_REPRESENTATION('',(#12077),#12081);
#12077 = LINE('',#12078,#12079);
#12078 = CARTESIAN_POINT('',(35.000653896056,0.));
#12079 = VECTOR('',#12080,1.);
#12080 = DIRECTION('',(0.,1.));
#12081 = ( GEOMETRIC_REPRESENTATION_CONTEXT(2) 
PARAMETRIC_REPRESENTATION_CONTEXT() REPRESENTATION_CONTEXT('2D SPACE',''
  ) );
#12082 = PCURVE('',#12013,#12083);
#12083 = DEFINITIONAL_REPRESENTATION('',(#12084),#12088);
#12084 = LINE('',#12085,#12086);
#12085 = CARTESIAN_POINT('',(-10.54870317002,14.05));
#12086 = VECTOR('',#12087,1.);
#12087 = DIRECTION('',(0.,-1.));
#12088 = ( GEOMETRIC_REPRESENTATION_CONTEXT(2) 
PARAMETRIC_REPRESENTATION_CONTEXT() REPRESENTATION_CONTEXT('2D SPACE',''
  ) );
#12089 = ORIENTED_EDGE('',*,*,#11976,.F.);
#12090 = ADVANCED_FACE('',(#12091),#4331,.T.);
#12091 = FACE_BOUND('',#12092,.T.);
#12092 = EDGE_LOOP('',(#12093,#12094,#12095,#12118));
#12093 = ORIENTED_EDGE('',*,*,#4318,.F.);
#12094 = ORIENTED_EDGE('',*,*,#12025,.T.);
#12095 = ORIENTED_EDGE('',*,*,#12096,.T.);
#12096 = EDGE_CURVE('',#11998,#12097,#12099,.T.);
#12097 = VERTEX_POINT('',#12098);
#12098 = CARTESIAN_POINT('',(-24.45129682997,-23.45129682997,5.));
#12099 = SURFACE_CURVE('',#12100,(#12104,#12111),.PCURVE_S1.);
#12100 = LINE('',#12101,#12102);
#12101 = CARTESIAN_POINT('',(-24.45129682997,-47.05,5.));
#12102 = VECTOR('',#12103,1.);
#12103 = DIRECTION('',(0.,1.,0.));
#12104 = PCURVE('',#4331,#12105);
#12105 = DEFINITIONAL_REPRESENTATION('',(#12106),#12110);
#12106 = LINE('',#12107,#12108);
#12107 = CARTESIAN_POINT('',(35.000653896056,0.));
#12108 = VECTOR('',#12109,1.);
#12109 = DIRECTION('',(0.,1.));
#12110 = ( GEOMETRIC_REPRESENTATION_CONTEXT(2) 
PARAMETRIC_REPRESENTATION_CONTEXT() REPRESENTATION_CONTEXT('2D SPACE',''
  ) );
#12111 = PCURVE('',#12013,#12112);
#12112 = DEFINITIONAL_REPRESENTATION('',(#12113),#12117);
#12113 = LINE('',#12114,#12115);
#12114 = CARTESIAN_POINT('',(10.548703170029,-14.05));
#12115 = VECTOR('',#12116,1.);
#12116 = DIRECTION('',(0.,1.));
#12117 = ( GEOMETRIC_REPRESENTATION_CONTEXT(2) 
PARAMETRIC_REPRESENTATION_CONTEXT() REPRESENTATION_CONTEXT('2D SPACE',''
  ) );
#12118 = ORIENTED_EDGE('',*,*,#12119,.F.);
#12119 = EDGE_CURVE('',#4293,#12097,#12120,.T.);
#12120 = SURFACE_CURVE('',#12121,(#12125,#12131),.PCURVE_S1.);
#12121 = LINE('',#12122,#12123);
#12122 = CARTESIAN_POINT('',(-19.95,-18.95,39.71));
#12123 = VECTOR('',#12124,1.);
#12124 = DIRECTION('',(-0.127555550137,-0.127555550137,-0.983595019944)
  );
#12125 = PCURVE('',#4331,#12126);
#12126 = DEFINITIONAL_REPRESENTATION('',(#12127),#12130);
#12127 = B_SPLINE_CURVE_WITH_KNOTS('',1,(#12128,#12129),.UNSPECIFIED.,
  .F.,.F.,(2,2),(-0.,35.288913929208),.PIECEWISE_BEZIER_KNOTS.);
#12128 = CARTESIAN_POINT('',(0.,28.1));
#12129 = CARTESIAN_POINT('',(35.000653896056,23.598703170029));
#12130 = ( GEOMETRIC_REPRESENTATION_CONTEXT(2) 
PARAMETRIC_REPRESENTATION_CONTEXT() REPRESENTATION_CONTEXT('2D SPACE',''
  ) );
#12131 = PCURVE('',#4307,#12132);
#12132 = DEFINITIONAL_REPRESENTATION('',(#12133),#12136);
#12133 = B_SPLINE_CURVE_WITH_KNOTS('',1,(#12134,#12135),.UNSPECIFIED.,
  .F.,.F.,(2,2),(-0.,35.288913929208),.PIECEWISE_BEZIER_KNOTS.);
#12134 = CARTESIAN_POINT('',(0.,0.));
#12135 = CARTESIAN_POINT('',(35.000653896056,4.501296829971));
#12136 = ( GEOMETRIC_REPRESENTATION_CONTEXT(2) 
PARAMETRIC_REPRESENTATION_CONTEXT() REPRESENTATION_CONTEXT('2D SPACE',''
  ) );
#12137 = ADVANCED_FACE('',(#12138),#4307,.T.);
#12138 = FACE_BOUND('',#12139,.T.);
#12139 = EDGE_LOOP('',(#12140,#12141,#12142,#12143));
#12140 = ORIENTED_EDGE('',*,*,#12048,.F.);
#12141 = ORIENTED_EDGE('',*,*,#4292,.F.);
#12142 = ORIENTED_EDGE('',*,*,#12119,.T.);
#12143 = ORIENTED_EDGE('',*,*,#12144,.T.);
#12144 = EDGE_CURVE('',#12097,#12049,#12145,.T.);
#12145 = SURFACE_CURVE('',#12146,(#12150,#12157),.PCURVE_S1.);
#12146 = LINE('',#12147,#12148);
#12147 = CARTESIAN_POINT('',(-19.95,-23.45129682997,5.));
#12148 = VECTOR('',#12149,1.);
#12149 = DIRECTION('',(-1.,0.,0.));
#12150 = PCURVE('',#4307,#12151);
#12151 = DEFINITIONAL_REPRESENTATION('',(#12152),#12156);
#12152 = LINE('',#12153,#12154);
#12153 = CARTESIAN_POINT('',(35.000653896056,0.));
#12154 = VECTOR('',#12155,1.);
#12155 = DIRECTION('',(-0.,1.));
#12156 = ( GEOMETRIC_REPRESENTATION_CONTEXT(2) 
PARAMETRIC_REPRESENTATION_CONTEXT() REPRESENTATION_CONTEXT('2D SPACE',''
  ) );
#12157 = PCURVE('',#12013,#12158);
#12158 = DEFINITIONAL_REPRESENTATION('',(#12159),#12163);
#12159 = LINE('',#12160,#12161);
#12160 = CARTESIAN_POINT('',(15.05,9.548703170029));
#12161 = VECTOR('',#12162,1.);
#12162 = DIRECTION('',(-1.,0.));
#12163 = ( GEOMETRIC_REPRESENTATION_CONTEXT(2) 
PARAMETRIC_REPRESENTATION_CONTEXT() REPRESENTATION_CONTEXT('2D SPACE',''
  ) );
#12164 = ADVANCED_FACE('',(#12165),#4361,.T.);
#12165 = FACE_BOUND('',#12166,.T.);
#12166 = EDGE_LOOP('',(#12167,#12168,#12189,#12217));
#12167 = ORIENTED_EDGE('',*,*,#4344,.F.);
#12168 = ORIENTED_EDGE('',*,*,#12169,.T.);
#12169 = EDGE_CURVE('',#4345,#12170,#12172,.T.);
#12170 = VERTEX_POINT('',#12171);
#12171 = CARTESIAN_POINT('',(-10.54870317002,-75.54870317002,5.));
#12172 = SURFACE_CURVE('',#12173,(#12177,#12183),.PCURVE_S1.);
#12173 = LINE('',#12174,#12175);
#12174 = CARTESIAN_POINT('',(-15.05,-80.05,39.71));
#12175 = VECTOR('',#12176,1.);
#12176 = DIRECTION('',(0.127555550137,0.127555550137,-0.983595019944));
#12177 = PCURVE('',#4361,#12178);
#12178 = DEFINITIONAL_REPRESENTATION('',(#12179),#12182);
#12179 = B_SPLINE_CURVE_WITH_KNOTS('',1,(#12180,#12181),.UNSPECIFIED.,
  .F.,.F.,(2,2),(0.,35.288913929208),.PIECEWISE_BEZIER_KNOTS.);
#12180 = CARTESIAN_POINT('',(0.,0.));
#12181 = CARTESIAN_POINT('',(35.000653896056,4.501296829971));
#12182 = ( GEOMETRIC_REPRESENTATION_CONTEXT(2) 
PARAMETRIC_REPRESENTATION_CONTEXT() REPRESENTATION_CONTEXT('2D SPACE',''
  ) );
#12183 = PCURVE('',#4387,#12184);
#12184 = DEFINITIONAL_REPRESENTATION('',(#12185),#12188);
#12185 = B_SPLINE_CURVE_WITH_KNOTS('',1,(#12186,#12187),.UNSPECIFIED.,
  .F.,.F.,(2,2),(0.,35.288913929208),.PIECEWISE_BEZIER_KNOTS.);
#12186 = CARTESIAN_POINT('',(0.,28.1));
#12187 = CARTESIAN_POINT('',(35.000653896056,23.598703170029));
#12188 = ( GEOMETRIC_REPRESENTATION_CONTEXT(2) 
PARAMETRIC_REPRESENTATION_CONTEXT() REPRESENTATION_CONTEXT('2D SPACE',''
  ) );
#12189 = ORIENTED_EDGE('',*,*,#12190,.T.);
#12190 = EDGE_CURVE('',#12170,#12191,#12193,.T.);
#12191 = VERTEX_POINT('',#12192);
#12192 = CARTESIAN_POINT('',(10.548703170029,-75.54870317002,5.));
#12193 = SURFACE_CURVE('',#12194,(#12198,#12205),.PCURVE_S1.);
#12194 = LINE('',#12195,#12196);
#12195 = CARTESIAN_POINT('',(-15.05,-75.54870317002,5.));
#12196 = VECTOR('',#12197,1.);
#12197 = DIRECTION('',(1.,0.,0.));
#12198 = PCURVE('',#4361,#12199);
#12199 = DEFINITIONAL_REPRESENTATION('',(#12200),#12204);
#12200 = LINE('',#12201,#12202);
#12201 = CARTESIAN_POINT('',(35.000653896056,0.));
#12202 = VECTOR('',#12203,1.);
#12203 = DIRECTION('',(0.,1.));
#12204 = ( GEOMETRIC_REPRESENTATION_CONTEXT(2) 
PARAMETRIC_REPRESENTATION_CONTEXT() REPRESENTATION_CONTEXT('2D SPACE',''
  ) );
#12205 = PCURVE('',#12206,#12211);
#12206 = PLANE('',#12207);
#12207 = AXIS2_PLACEMENT_3D('',#12208,#12209,#12210);
#12208 = CARTESIAN_POINT('',(-4.883455228592E-16,-66.,5.));
#12209 = DIRECTION('',(0.,0.,1.));
#12210 = DIRECTION('',(1.,0.,0.));
#12211 = DEFINITIONAL_REPRESENTATION('',(#12212),#12216);
#12212 = LINE('',#12213,#12214);
#12213 = CARTESIAN_POINT('',(-15.05,-9.548703170029));
#12214 = VECTOR('',#12215,1.);
#12215 = DIRECTION('',(1.,0.));
#12216 = ( GEOMETRIC_REPRESENTATION_CONTEXT(2) 
PARAMETRIC_REPRESENTATION_CONTEXT() REPRESENTATION_CONTEXT('2D SPACE',''
  ) );
#12217 = ORIENTED_EDGE('',*,*,#12218,.F.);
#12218 = EDGE_CURVE('',#4347,#12191,#12219,.T.);
#12219 = SURFACE_CURVE('',#12220,(#12224,#12230),.PCURVE_S1.);
#12220 = LINE('',#12221,#12222);
#12221 = CARTESIAN_POINT('',(15.05,-80.05,39.71));
#12222 = VECTOR('',#12223,1.);
#12223 = DIRECTION('',(-0.127555550137,0.127555550137,-0.983595019944));
#12224 = PCURVE('',#4361,#12225);
#12225 = DEFINITIONAL_REPRESENTATION('',(#12226),#12229);
#12226 = B_SPLINE_CURVE_WITH_KNOTS('',1,(#12227,#12228),.UNSPECIFIED.,
  .F.,.F.,(2,2),(7.24295831805E-06,35.288913929208),
  .PIECEWISE_BEZIER_KNOTS.);
#12227 = CARTESIAN_POINT('',(7.183793691758E-06,30.09999907612));
#12228 = CARTESIAN_POINT('',(35.000653896056,25.598703170029));
#12229 = ( GEOMETRIC_REPRESENTATION_CONTEXT(2) 
PARAMETRIC_REPRESENTATION_CONTEXT() REPRESENTATION_CONTEXT('2D SPACE',''
  ) );
#12230 = PCURVE('',#4437,#12231);
#12231 = DEFINITIONAL_REPRESENTATION('',(#12232),#12235);
#12232 = B_SPLINE_CURVE_WITH_KNOTS('',1,(#12233,#12234),.UNSPECIFIED.,
  .F.,.F.,(2,2),(7.24295831805E-06,35.288913929208),
  .PIECEWISE_BEZIER_KNOTS.);
#12233 = CARTESIAN_POINT('',(7.183793691758E-06,9.23879532877E-07));
#12234 = CARTESIAN_POINT('',(35.000653896056,4.501296829971));
#12235 = ( GEOMETRIC_REPRESENTATION_CONTEXT(2) 
PARAMETRIC_REPRESENTATION_CONTEXT() REPRESENTATION_CONTEXT('2D SPACE',''
  ) );
#12236 = ADVANCED_FACE('',(#12237),#4387,.T.);
#12237 = FACE_BOUND('',#12238,.T.);
#12238 = EDGE_LOOP('',(#12239,#12240,#12261,#12282));
#12239 = ORIENTED_EDGE('',*,*,#4372,.F.);
#12240 = ORIENTED_EDGE('',*,*,#12241,.T.);
#12241 = EDGE_CURVE('',#4373,#12242,#12244,.T.);
#12242 = VERTEX_POINT('',#12243);
#12243 = CARTESIAN_POINT('',(-10.54870317002,-56.45129682997,5.));
#12244 = SURFACE_CURVE('',#12245,(#12249,#12255),.PCURVE_S1.);
#12245 = LINE('',#12246,#12247);
#12246 = CARTESIAN_POINT('',(-15.05,-51.95,39.71));
#12247 = VECTOR('',#12248,1.);
#12248 = DIRECTION('',(0.127555550137,-0.127555550137,-0.983595019944));
#12249 = PCURVE('',#4387,#12250);
#12250 = DEFINITIONAL_REPRESENTATION('',(#12251),#12254);
#12251 = B_SPLINE_CURVE_WITH_KNOTS('',1,(#12252,#12253),.UNSPECIFIED.,
  .F.,.F.,(2,2),(7.24295831805E-06,35.288913929208),
  .PIECEWISE_BEZIER_KNOTS.);
#12252 = CARTESIAN_POINT('',(7.183793691758E-06,9.23879532877E-07));
#12253 = CARTESIAN_POINT('',(35.000653896056,4.501296829971));
#12254 = ( GEOMETRIC_REPRESENTATION_CONTEXT(2) 
PARAMETRIC_REPRESENTATION_CONTEXT() REPRESENTATION_CONTEXT('2D SPACE',''
  ) );
#12255 = PCURVE('',#4413,#12256);
#12256 = DEFINITIONAL_REPRESENTATION('',(#12257),#12260);
#12257 = B_SPLINE_CURVE_WITH_KNOTS('',1,(#12258,#12259),.UNSPECIFIED.,
  .F.,.F.,(2,2),(7.24295831805E-06,35.288913929208),
  .PIECEWISE_BEZIER_KNOTS.);
#12258 = CARTESIAN_POINT('',(7.183793691758E-06,30.09999907612));
#12259 = CARTESIAN_POINT('',(35.000653896056,25.598703170029));
#12260 = ( GEOMETRIC_REPRESENTATION_CONTEXT(2) 
PARAMETRIC_REPRESENTATION_CONTEXT() REPRESENTATION_CONTEXT('2D SPACE',''
  ) );
#12261 = ORIENTED_EDGE('',*,*,#12262,.T.);
#12262 = EDGE_CURVE('',#12242,#12170,#12263,.T.);
#12263 = SURFACE_CURVE('',#12264,(#12268,#12275),.PCURVE_S1.);
#12264 = LINE('',#12265,#12266);
#12265 = CARTESIAN_POINT('',(-10.54870317002,-51.95,5.));
#12266 = VECTOR('',#12267,1.);
#12267 = DIRECTION('',(0.,-1.,0.));
#12268 = PCURVE('',#4387,#12269);
#12269 = DEFINITIONAL_REPRESENTATION('',(#12270),#12274);
#12270 = LINE('',#12271,#12272);
#12271 = CARTESIAN_POINT('',(35.000653896056,0.));
#12272 = VECTOR('',#12273,1.);
#12273 = DIRECTION('',(0.,1.));
#12274 = ( GEOMETRIC_REPRESENTATION_CONTEXT(2) 
PARAMETRIC_REPRESENTATION_CONTEXT() REPRESENTATION_CONTEXT('2D SPACE',''
  ) );
#12275 = PCURVE('',#12206,#12276);
#12276 = DEFINITIONAL_REPRESENTATION('',(#12277),#12281);
#12277 = LINE('',#12278,#12279);
#12278 = CARTESIAN_POINT('',(-10.54870317002,14.05));
#12279 = VECTOR('',#12280,1.);
#12280 = DIRECTION('',(0.,-1.));
#12281 = ( GEOMETRIC_REPRESENTATION_CONTEXT(2) 
PARAMETRIC_REPRESENTATION_CONTEXT() REPRESENTATION_CONTEXT('2D SPACE',''
  ) );
#12282 = ORIENTED_EDGE('',*,*,#12169,.F.);
#12283 = ADVANCED_FACE('',(#12284),#4437,.T.);
#12284 = FACE_BOUND('',#12285,.T.);
#12285 = EDGE_LOOP('',(#12286,#12287,#12288,#12311));
#12286 = ORIENTED_EDGE('',*,*,#4424,.F.);
#12287 = ORIENTED_EDGE('',*,*,#12218,.T.);
#12288 = ORIENTED_EDGE('',*,*,#12289,.T.);
#12289 = EDGE_CURVE('',#12191,#12290,#12292,.T.);
#12290 = VERTEX_POINT('',#12291);
#12291 = CARTESIAN_POINT('',(10.548703170029,-56.45129682997,5.));
#12292 = SURFACE_CURVE('',#12293,(#12297,#12304),.PCURVE_S1.);
#12293 = LINE('',#12294,#12295);
#12294 = CARTESIAN_POINT('',(10.548703170029,-80.05,5.));
#12295 = VECTOR('',#12296,1.);
#12296 = DIRECTION('',(0.,1.,0.));
#12297 = PCURVE('',#4437,#12298);
#12298 = DEFINITIONAL_REPRESENTATION('',(#12299),#12303);
#12299 = LINE('',#12300,#12301);
#12300 = CARTESIAN_POINT('',(35.000653896056,0.));
#12301 = VECTOR('',#12302,1.);
#12302 = DIRECTION('',(0.,1.));
#12303 = ( GEOMETRIC_REPRESENTATION_CONTEXT(2) 
PARAMETRIC_REPRESENTATION_CONTEXT() REPRESENTATION_CONTEXT('2D SPACE',''
  ) );
#12304 = PCURVE('',#12206,#12305);
#12305 = DEFINITIONAL_REPRESENTATION('',(#12306),#12310);
#12306 = LINE('',#12307,#12308);
#12307 = CARTESIAN_POINT('',(10.548703170029,-14.05));
#12308 = VECTOR('',#12309,1.);
#12309 = DIRECTION('',(0.,1.));
#12310 = ( GEOMETRIC_REPRESENTATION_CONTEXT(2) 
PARAMETRIC_REPRESENTATION_CONTEXT() REPRESENTATION_CONTEXT('2D SPACE',''
  ) );
#12311 = ORIENTED_EDGE('',*,*,#12312,.F.);
#12312 = EDGE_CURVE('',#4399,#12290,#12313,.T.);
#12313 = SURFACE_CURVE('',#12314,(#12318,#12324),.PCURVE_S1.);
#12314 = LINE('',#12315,#12316);
#12315 = CARTESIAN_POINT('',(15.05,-51.95,39.71));
#12316 = VECTOR('',#12317,1.);
#12317 = DIRECTION('',(-0.127555550137,-0.127555550137,-0.983595019944)
  );
#12318 = PCURVE('',#4437,#12319);
#12319 = DEFINITIONAL_REPRESENTATION('',(#12320),#12323);
#12320 = B_SPLINE_CURVE_WITH_KNOTS('',1,(#12321,#12322),.UNSPECIFIED.,
  .F.,.F.,(2,2),(-0.,35.288913929208),.PIECEWISE_BEZIER_KNOTS.);
#12321 = CARTESIAN_POINT('',(0.,28.1));
#12322 = CARTESIAN_POINT('',(35.000653896056,23.598703170029));
#12323 = ( GEOMETRIC_REPRESENTATION_CONTEXT(2) 
PARAMETRIC_REPRESENTATION_CONTEXT() REPRESENTATION_CONTEXT('2D SPACE',''
  ) );
#12324 = PCURVE('',#4413,#12325);
#12325 = DEFINITIONAL_REPRESENTATION('',(#12326),#12329);
#12326 = B_SPLINE_CURVE_WITH_KNOTS('',1,(#12327,#12328),.UNSPECIFIED.,
  .F.,.F.,(2,2),(-0.,35.288913929208),.PIECEWISE_BEZIER_KNOTS.);
#12327 = CARTESIAN_POINT('',(0.,0.));
#12328 = CARTESIAN_POINT('',(35.000653896056,4.501296829971));
#12329 = ( GEOMETRIC_REPRESENTATION_CONTEXT(2) 
PARAMETRIC_REPRESENTATION_CONTEXT() REPRESENTATION_CONTEXT('2D SPACE',''
  ) );
#12330 = ADVANCED_FACE('',(#12331),#4413,.T.);
#12331 = FACE_BOUND('',#12332,.T.);
#12332 = EDGE_LOOP('',(#12333,#12334,#12335,#12336));
#12333 = ORIENTED_EDGE('',*,*,#12241,.F.);
#12334 = ORIENTED_EDGE('',*,*,#4398,.F.);
#12335 = ORIENTED_EDGE('',*,*,#12312,.T.);
#12336 = ORIENTED_EDGE('',*,*,#12337,.T.);
#12337 = EDGE_CURVE('',#12290,#12242,#12338,.T.);
#12338 = SURFACE_CURVE('',#12339,(#12343,#12350),.PCURVE_S1.);
#12339 = LINE('',#12340,#12341);
#12340 = CARTESIAN_POINT('',(15.05,-56.45129682997,5.));
#12341 = VECTOR('',#12342,1.);
#12342 = DIRECTION('',(-1.,0.,0.));
#12343 = PCURVE('',#4413,#12344);
#12344 = DEFINITIONAL_REPRESENTATION('',(#12345),#12349);
#12345 = LINE('',#12346,#12347);
#12346 = CARTESIAN_POINT('',(35.000653896056,0.));
#12347 = VECTOR('',#12348,1.);
#12348 = DIRECTION('',(-0.,1.));
#12349 = ( GEOMETRIC_REPRESENTATION_CONTEXT(2) 
PARAMETRIC_REPRESENTATION_CONTEXT() REPRESENTATION_CONTEXT('2D SPACE',''
  ) );
#12350 = PCURVE('',#12206,#12351);
#12351 = DEFINITIONAL_REPRESENTATION('',(#12352),#12356);
#12352 = LINE('',#12353,#12354);
#12353 = CARTESIAN_POINT('',(15.05,9.548703170029));
#12354 = VECTOR('',#12355,1.);
#12355 = DIRECTION('',(-1.,0.));
#12356 = ( GEOMETRIC_REPRESENTATION_CONTEXT(2) 
PARAMETRIC_REPRESENTATION_CONTEXT() REPRESENTATION_CONTEXT('2D SPACE',''
  ) );
#12357 = ADVANCED_FACE('',(#12358),#4467,.T.);
#12358 = FACE_BOUND('',#12359,.T.);
#12359 = EDGE_LOOP('',(#12360,#12361,#12382,#12410));
#12360 = ORIENTED_EDGE('',*,*,#4450,.F.);
#12361 = ORIENTED_EDGE('',*,*,#12362,.T.);
#12362 = EDGE_CURVE('',#4451,#12363,#12365,.T.);
#12363 = VERTEX_POINT('',#12364);
#12364 = CARTESIAN_POINT('',(24.451296829971,-75.54870317002,5.));
#12365 = SURFACE_CURVE('',#12366,(#12370,#12376),.PCURVE_S1.);
#12366 = LINE('',#12367,#12368);
#12367 = CARTESIAN_POINT('',(19.95,-80.05,39.71));
#12368 = VECTOR('',#12369,1.);
#12369 = DIRECTION('',(0.127555550137,0.127555550137,-0.983595019944));
#12370 = PCURVE('',#4467,#12371);
#12371 = DEFINITIONAL_REPRESENTATION('',(#12372),#12375);
#12372 = B_SPLINE_CURVE_WITH_KNOTS('',1,(#12373,#12374),.UNSPECIFIED.,
  .F.,.F.,(2,2),(0.,35.288913929208),.PIECEWISE_BEZIER_KNOTS.);
#12373 = CARTESIAN_POINT('',(0.,0.));
#12374 = CARTESIAN_POINT('',(35.000653896056,4.501296829971));
#12375 = ( GEOMETRIC_REPRESENTATION_CONTEXT(2) 
PARAMETRIC_REPRESENTATION_CONTEXT() REPRESENTATION_CONTEXT('2D SPACE',''
  ) );
#12376 = PCURVE('',#4493,#12377);
#12377 = DEFINITIONAL_REPRESENTATION('',(#12378),#12381);
#12378 = B_SPLINE_CURVE_WITH_KNOTS('',1,(#12379,#12380),.UNSPECIFIED.,
  .F.,.F.,(2,2),(0.,35.288913929208),.PIECEWISE_BEZIER_KNOTS.);
#12379 = CARTESIAN_POINT('',(0.,28.1));
#12380 = CARTESIAN_POINT('',(35.000653896056,23.598703170029));
#12381 = ( GEOMETRIC_REPRESENTATION_CONTEXT(2) 
PARAMETRIC_REPRESENTATION_CONTEXT() REPRESENTATION_CONTEXT('2D SPACE',''
  ) );
#12382 = ORIENTED_EDGE('',*,*,#12383,.T.);
#12383 = EDGE_CURVE('',#12363,#12384,#12386,.T.);
#12384 = VERTEX_POINT('',#12385);
#12385 = CARTESIAN_POINT('',(45.548703170029,-75.54870317002,5.));
#12386 = SURFACE_CURVE('',#12387,(#12391,#12398),.PCURVE_S1.);
#12387 = LINE('',#12388,#12389);
#12388 = CARTESIAN_POINT('',(19.95,-75.54870317002,5.));
#12389 = VECTOR('',#12390,1.);
#12390 = DIRECTION('',(1.,0.,0.));
#12391 = PCURVE('',#4467,#12392);
#12392 = DEFINITIONAL_REPRESENTATION('',(#12393),#12397);
#12393 = LINE('',#12394,#12395);
#12394 = CARTESIAN_POINT('',(35.000653896056,0.));
#12395 = VECTOR('',#12396,1.);
#12396 = DIRECTION('',(0.,1.));
#12397 = ( GEOMETRIC_REPRESENTATION_CONTEXT(2) 
PARAMETRIC_REPRESENTATION_CONTEXT() REPRESENTATION_CONTEXT('2D SPACE',''
  ) );
#12398 = PCURVE('',#12399,#12404);
#12399 = PLANE('',#12400);
#12400 = AXIS2_PLACEMENT_3D('',#12401,#12402,#12403);
#12401 = CARTESIAN_POINT('',(35.,-66.,5.));
#12402 = DIRECTION('',(0.,0.,1.));
#12403 = DIRECTION('',(1.,0.,0.));
#12404 = DEFINITIONAL_REPRESENTATION('',(#12405),#12409);
#12405 = LINE('',#12406,#12407);
#12406 = CARTESIAN_POINT('',(-15.05,-9.548703170029));
#12407 = VECTOR('',#12408,1.);
#12408 = DIRECTION('',(1.,0.));
#12409 = ( GEOMETRIC_REPRESENTATION_CONTEXT(2) 
PARAMETRIC_REPRESENTATION_CONTEXT() REPRESENTATION_CONTEXT('2D SPACE',''
  ) );
#12410 = ORIENTED_EDGE('',*,*,#12411,.F.);
#12411 = EDGE_CURVE('',#4453,#12384,#12412,.T.);
#12412 = SURFACE_CURVE('',#12413,(#12417,#12423),.PCURVE_S1.);
#12413 = LINE('',#12414,#12415);
#12414 = CARTESIAN_POINT('',(50.05,-80.05,39.71));
#12415 = VECTOR('',#12416,1.);
#12416 = DIRECTION('',(-0.127555550137,0.127555550137,-0.983595019944));
#12417 = PCURVE('',#4467,#12418);
#12418 = DEFINITIONAL_REPRESENTATION('',(#12419),#12422);
#12419 = B_SPLINE_CURVE_WITH_KNOTS('',1,(#12420,#12421),.UNSPECIFIED.,
  .F.,.F.,(2,2),(0.,35.288913929208),.PIECEWISE_BEZIER_KNOTS.);
#12420 = CARTESIAN_POINT('',(0.,30.1));
#12421 = CARTESIAN_POINT('',(35.000653896056,25.598703170029));
#12422 = ( GEOMETRIC_REPRESENTATION_CONTEXT(2) 
PARAMETRIC_REPRESENTATION_CONTEXT() REPRESENTATION_CONTEXT('2D SPACE',''
  ) );
#12423 = PCURVE('',#4543,#12424);
#12424 = DEFINITIONAL_REPRESENTATION('',(#12425),#12428);
#12425 = B_SPLINE_CURVE_WITH_KNOTS('',1,(#12426,#12427),.UNSPECIFIED.,
  .F.,.F.,(2,2),(0.,35.288913929208),.PIECEWISE_BEZIER_KNOTS.);
#12426 = CARTESIAN_POINT('',(0.,0.));
#12427 = CARTESIAN_POINT('',(35.000653896056,4.501296829971));
#12428 = ( GEOMETRIC_REPRESENTATION_CONTEXT(2) 
PARAMETRIC_REPRESENTATION_CONTEXT() REPRESENTATION_CONTEXT('2D SPACE',''
  ) );
#12429 = ADVANCED_FACE('',(#12430),#4493,.T.);
#12430 = FACE_BOUND('',#12431,.T.);
#12431 = EDGE_LOOP('',(#12432,#12433,#12454,#12475));
#12432 = ORIENTED_EDGE('',*,*,#4478,.F.);
#12433 = ORIENTED_EDGE('',*,*,#12434,.T.);
#12434 = EDGE_CURVE('',#4479,#12435,#12437,.T.);
#12435 = VERTEX_POINT('',#12436);
#12436 = CARTESIAN_POINT('',(24.451296829971,-56.45129682997,5.));
#12437 = SURFACE_CURVE('',#12438,(#12442,#12448),.PCURVE_S1.);
#12438 = LINE('',#12439,#12440);
#12439 = CARTESIAN_POINT('',(19.95,-51.95,39.71));
#12440 = VECTOR('',#12441,1.);
#12441 = DIRECTION('',(0.127555550137,-0.127555550137,-0.983595019944));
#12442 = PCURVE('',#4493,#12443);
#12443 = DEFINITIONAL_REPRESENTATION('',(#12444),#12447);
#12444 = B_SPLINE_CURVE_WITH_KNOTS('',1,(#12445,#12446),.UNSPECIFIED.,
  .F.,.F.,(2,2),(0.,35.288913929208),.PIECEWISE_BEZIER_KNOTS.);
#12445 = CARTESIAN_POINT('',(0.,0.));
#12446 = CARTESIAN_POINT('',(35.000653896056,4.501296829971));
#12447 = ( GEOMETRIC_REPRESENTATION_CONTEXT(2) 
PARAMETRIC_REPRESENTATION_CONTEXT() REPRESENTATION_CONTEXT('2D SPACE',''
  ) );
#12448 = PCURVE('',#4519,#12449);
#12449 = DEFINITIONAL_REPRESENTATION('',(#12450),#12453);
#12450 = B_SPLINE_CURVE_WITH_KNOTS('',1,(#12451,#12452),.UNSPECIFIED.,
  .F.,.F.,(2,2),(0.,35.288913929208),.PIECEWISE_BEZIER_KNOTS.);
#12451 = CARTESIAN_POINT('',(0.,30.1));
#12452 = CARTESIAN_POINT('',(35.000653896056,25.598703170029));
#12453 = ( GEOMETRIC_REPRESENTATION_CONTEXT(2) 
PARAMETRIC_REPRESENTATION_CONTEXT() REPRESENTATION_CONTEXT('2D SPACE',''
  ) );
#12454 = ORIENTED_EDGE('',*,*,#12455,.T.);
#12455 = EDGE_CURVE('',#12435,#12363,#12456,.T.);
#12456 = SURFACE_CURVE('',#12457,(#12461,#12468),.PCURVE_S1.);
#12457 = LINE('',#12458,#12459);
#12458 = CARTESIAN_POINT('',(24.451296829971,-51.95,5.));
#12459 = VECTOR('',#12460,1.);
#12460 = DIRECTION('',(0.,-1.,0.));
#12461 = PCURVE('',#4493,#12462);
#12462 = DEFINITIONAL_REPRESENTATION('',(#12463),#12467);
#12463 = LINE('',#12464,#12465);
#12464 = CARTESIAN_POINT('',(35.000653896056,0.));
#12465 = VECTOR('',#12466,1.);
#12466 = DIRECTION('',(0.,1.));
#12467 = ( GEOMETRIC_REPRESENTATION_CONTEXT(2) 
PARAMETRIC_REPRESENTATION_CONTEXT() REPRESENTATION_CONTEXT('2D SPACE',''
  ) );
#12468 = PCURVE('',#12399,#12469);
#12469 = DEFINITIONAL_REPRESENTATION('',(#12470),#12474);
#12470 = LINE('',#12471,#12472);
#12471 = CARTESIAN_POINT('',(-10.54870317002,14.05));
#12472 = VECTOR('',#12473,1.);
#12473 = DIRECTION('',(0.,-1.));
#12474 = ( GEOMETRIC_REPRESENTATION_CONTEXT(2) 
PARAMETRIC_REPRESENTATION_CONTEXT() REPRESENTATION_CONTEXT('2D SPACE',''
  ) );
#12475 = ORIENTED_EDGE('',*,*,#12362,.F.);
#12476 = ADVANCED_FACE('',(#12477),#4543,.T.);
#12477 = FACE_BOUND('',#12478,.T.);
#12478 = EDGE_LOOP('',(#12479,#12480,#12481,#12504));
#12479 = ORIENTED_EDGE('',*,*,#4530,.F.);
#12480 = ORIENTED_EDGE('',*,*,#12411,.T.);
#12481 = ORIENTED_EDGE('',*,*,#12482,.T.);
#12482 = EDGE_CURVE('',#12384,#12483,#12485,.T.);
#12483 = VERTEX_POINT('',#12484);
#12484 = CARTESIAN_POINT('',(45.548703170029,-56.45129682997,5.));
#12485 = SURFACE_CURVE('',#12486,(#12490,#12497),.PCURVE_S1.);
#12486 = LINE('',#12487,#12488);
#12487 = CARTESIAN_POINT('',(45.548703170029,-80.05,5.));
#12488 = VECTOR('',#12489,1.);
#12489 = DIRECTION('',(0.,1.,0.));
#12490 = PCURVE('',#4543,#12491);
#12491 = DEFINITIONAL_REPRESENTATION('',(#12492),#12496);
#12492 = LINE('',#12493,#12494);
#12493 = CARTESIAN_POINT('',(35.000653896056,0.));
#12494 = VECTOR('',#12495,1.);
#12495 = DIRECTION('',(0.,1.));
#12496 = ( GEOMETRIC_REPRESENTATION_CONTEXT(2) 
PARAMETRIC_REPRESENTATION_CONTEXT() REPRESENTATION_CONTEXT('2D SPACE',''
  ) );
#12497 = PCURVE('',#12399,#12498);
#12498 = DEFINITIONAL_REPRESENTATION('',(#12499),#12503);
#12499 = LINE('',#12500,#12501);
#12500 = CARTESIAN_POINT('',(10.548703170029,-14.05));
#12501 = VECTOR('',#12502,1.);
#12502 = DIRECTION('',(0.,1.));
#12503 = ( GEOMETRIC_REPRESENTATION_CONTEXT(2) 
PARAMETRIC_REPRESENTATION_CONTEXT() REPRESENTATION_CONTEXT('2D SPACE',''
  ) );
#12504 = ORIENTED_EDGE('',*,*,#12505,.F.);
#12505 = EDGE_CURVE('',#4505,#12483,#12506,.T.);
#12506 = SURFACE_CURVE('',#12507,(#12511,#12517),.PCURVE_S1.);
#12507 = LINE('',#12508,#12509);
#12508 = CARTESIAN_POINT('',(50.05,-51.95,39.71));
#12509 = VECTOR('',#12510,1.);
#12510 = DIRECTION('',(-0.127555550137,-0.127555550137,-0.983595019944)
  );
#12511 = PCURVE('',#4543,#12512);
#12512 = DEFINITIONAL_REPRESENTATION('',(#12513),#12516);
#12513 = B_SPLINE_CURVE_WITH_KNOTS('',1,(#12514,#12515),.UNSPECIFIED.,
  .F.,.F.,(2,2),(-0.,35.288913929208),.PIECEWISE_BEZIER_KNOTS.);
#12514 = CARTESIAN_POINT('',(0.,28.1));
#12515 = CARTESIAN_POINT('',(35.000653896056,23.598703170029));
#12516 = ( GEOMETRIC_REPRESENTATION_CONTEXT(2) 
PARAMETRIC_REPRESENTATION_CONTEXT() REPRESENTATION_CONTEXT('2D SPACE',''
  ) );
#12517 = PCURVE('',#4519,#12518);
#12518 = DEFINITIONAL_REPRESENTATION('',(#12519),#12522);
#12519 = B_SPLINE_CURVE_WITH_KNOTS('',1,(#12520,#12521),.UNSPECIFIED.,
  .F.,.F.,(2,2),(-0.,35.288913929208),.PIECEWISE_BEZIER_KNOTS.);
#12520 = CARTESIAN_POINT('',(0.,0.));
#12521 = CARTESIAN_POINT('',(35.000653896056,4.501296829971));
#12522 = ( GEOMETRIC_REPRESENTATION_CONTEXT(2) 
PARAMETRIC_REPRESENTATION_CONTEXT() REPRESENTATION_CONTEXT('2D SPACE',''
  ) );
#12523 = ADVANCED_FACE('',(#12524),#4519,.T.);
#12524 = FACE_BOUND('',#12525,.T.);
#12525 = EDGE_LOOP('',(#12526,#12527,#12528,#12529));
#12526 = ORIENTED_EDGE('',*,*,#12434,.F.);
#12527 = ORIENTED_EDGE('',*,*,#4504,.F.);
#12528 = ORIENTED_EDGE('',*,*,#12505,.T.);
#12529 = ORIENTED_EDGE('',*,*,#12530,.T.);
#12530 = EDGE_CURVE('',#12483,#12435,#12531,.T.);
#12531 = SURFACE_CURVE('',#12532,(#12536,#12543),.PCURVE_S1.);
#12532 = LINE('',#12533,#12534);
#12533 = CARTESIAN_POINT('',(50.05,-56.45129682997,5.));
#12534 = VECTOR('',#12535,1.);
#12535 = DIRECTION('',(-1.,0.,0.));
#12536 = PCURVE('',#4519,#12537);
#12537 = DEFINITIONAL_REPRESENTATION('',(#12538),#12542);
#12538 = LINE('',#12539,#12540);
#12539 = CARTESIAN_POINT('',(35.000653896056,0.));
#12540 = VECTOR('',#12541,1.);
#12541 = DIRECTION('',(-0.,1.));
#12542 = ( GEOMETRIC_REPRESENTATION_CONTEXT(2) 
PARAMETRIC_REPRESENTATION_CONTEXT() REPRESENTATION_CONTEXT('2D SPACE',''
  ) );
#12543 = PCURVE('',#12399,#12544);
#12544 = DEFINITIONAL_REPRESENTATION('',(#12545),#12549);
#12545 = LINE('',#12546,#12547);
#12546 = CARTESIAN_POINT('',(15.05,9.548703170029));
#12547 = VECTOR('',#12548,1.);
#12548 = DIRECTION('',(-1.,0.));
#12549 = ( GEOMETRIC_REPRESENTATION_CONTEXT(2) 
PARAMETRIC_REPRESENTATION_CONTEXT() REPRESENTATION_CONTEXT('2D SPACE',''
  ) );
#12550 = ADVANCED_FACE('',(#12551),#4573,.T.);
#12551 = FACE_BOUND('',#12552,.T.);
#12552 = EDGE_LOOP('',(#12553,#12554,#12575,#12603));
#12553 = ORIENTED_EDGE('',*,*,#4556,.F.);
#12554 = ORIENTED_EDGE('',*,*,#12555,.T.);
#12555 = EDGE_CURVE('',#4557,#12556,#12558,.T.);
#12556 = VERTEX_POINT('',#12557);
#12557 = CARTESIAN_POINT('',(59.451296829971,-75.54870317002,5.));
#12558 = SURFACE_CURVE('',#12559,(#12563,#12569),.PCURVE_S1.);
#12559 = LINE('',#12560,#12561);
#12560 = CARTESIAN_POINT('',(54.95,-80.05,39.71));
#12561 = VECTOR('',#12562,1.);
#12562 = DIRECTION('',(0.127555550137,0.127555550137,-0.983595019944));
#12563 = PCURVE('',#4573,#12564);
#12564 = DEFINITIONAL_REPRESENTATION('',(#12565),#12568);
#12565 = B_SPLINE_CURVE_WITH_KNOTS('',1,(#12566,#12567),.UNSPECIFIED.,
  .F.,.F.,(2,2),(0.,35.288913929208),.PIECEWISE_BEZIER_KNOTS.);
#12566 = CARTESIAN_POINT('',(0.,0.));
#12567 = CARTESIAN_POINT('',(35.000653896056,4.501296829971));
#12568 = ( GEOMETRIC_REPRESENTATION_CONTEXT(2) 
PARAMETRIC_REPRESENTATION_CONTEXT() REPRESENTATION_CONTEXT('2D SPACE',''
  ) );
#12569 = PCURVE('',#4599,#12570);
#12570 = DEFINITIONAL_REPRESENTATION('',(#12571),#12574);
#12571 = B_SPLINE_CURVE_WITH_KNOTS('',1,(#12572,#12573),.UNSPECIFIED.,
  .F.,.F.,(2,2),(0.,35.288913929208),.PIECEWISE_BEZIER_KNOTS.);
#12572 = CARTESIAN_POINT('',(0.,28.1));
#12573 = CARTESIAN_POINT('',(35.000653896056,23.598703170029));
#12574 = ( GEOMETRIC_REPRESENTATION_CONTEXT(2) 
PARAMETRIC_REPRESENTATION_CONTEXT() REPRESENTATION_CONTEXT('2D SPACE',''
  ) );
#12575 = ORIENTED_EDGE('',*,*,#12576,.T.);
#12576 = EDGE_CURVE('',#12556,#12577,#12579,.T.);
#12577 = VERTEX_POINT('',#12578);
#12578 = CARTESIAN_POINT('',(80.548703170029,-75.54870317002,5.));
#12579 = SURFACE_CURVE('',#12580,(#12584,#12591),.PCURVE_S1.);
#12580 = LINE('',#12581,#12582);
#12581 = CARTESIAN_POINT('',(54.95,-75.54870317002,5.));
#12582 = VECTOR('',#12583,1.);
#12583 = DIRECTION('',(1.,0.,0.));
#12584 = PCURVE('',#4573,#12585);
#12585 = DEFINITIONAL_REPRESENTATION('',(#12586),#12590);
#12586 = LINE('',#12587,#12588);
#12587 = CARTESIAN_POINT('',(35.000653896056,0.));
#12588 = VECTOR('',#12589,1.);
#12589 = DIRECTION('',(0.,1.));
#12590 = ( GEOMETRIC_REPRESENTATION_CONTEXT(2) 
PARAMETRIC_REPRESENTATION_CONTEXT() REPRESENTATION_CONTEXT('2D SPACE',''
  ) );
#12591 = PCURVE('',#12592,#12597);
#12592 = PLANE('',#12593);
#12593 = AXIS2_PLACEMENT_3D('',#12594,#12595,#12596);
#12594 = CARTESIAN_POINT('',(70.,-66.,5.));
#12595 = DIRECTION('',(0.,0.,1.));
#12596 = DIRECTION('',(1.,0.,0.));
#12597 = DEFINITIONAL_REPRESENTATION('',(#12598),#12602);
#12598 = LINE('',#12599,#12600);
#12599 = CARTESIAN_POINT('',(-15.05,-9.548703170029));
#12600 = VECTOR('',#12601,1.);
#12601 = DIRECTION('',(1.,0.));
#12602 = ( GEOMETRIC_REPRESENTATION_CONTEXT(2) 
PARAMETRIC_REPRESENTATION_CONTEXT() REPRESENTATION_CONTEXT('2D SPACE',''
  ) );
#12603 = ORIENTED_EDGE('',*,*,#12604,.F.);
#12604 = EDGE_CURVE('',#4559,#12577,#12605,.T.);
#12605 = SURFACE_CURVE('',#12606,(#12610,#12616),.PCURVE_S1.);
#12606 = LINE('',#12607,#12608);
#12607 = CARTESIAN_POINT('',(85.05,-80.05,39.71));
#12608 = VECTOR('',#12609,1.);
#12609 = DIRECTION('',(-0.127555550137,0.127555550137,-0.983595019944));
#12610 = PCURVE('',#4573,#12611);
#12611 = DEFINITIONAL_REPRESENTATION('',(#12612),#12615);
#12612 = B_SPLINE_CURVE_WITH_KNOTS('',1,(#12613,#12614),.UNSPECIFIED.,
  .F.,.F.,(2,2),(0.,35.288913929208),.PIECEWISE_BEZIER_KNOTS.);
#12613 = CARTESIAN_POINT('',(0.,30.1));
#12614 = CARTESIAN_POINT('',(35.000653896056,25.598703170029));
#12615 = ( GEOMETRIC_REPRESENTATION_CONTEXT(2) 
PARAMETRIC_REPRESENTATION_CONTEXT() REPRESENTATION_CONTEXT('2D SPACE',''
  ) );
#12616 = PCURVE('',#4649,#12617);
#12617 = DEFINITIONAL_REPRESENTATION('',(#12618),#12621);
#12618 = B_SPLINE_CURVE_WITH_KNOTS('',1,(#12619,#12620),.UNSPECIFIED.,
  .F.,.F.,(2,2),(0.,35.288913929208),.PIECEWISE_BEZIER_KNOTS.);
#12619 = CARTESIAN_POINT('',(0.,0.));
#12620 = CARTESIAN_POINT('',(35.000653896056,4.501296829971));
#12621 = ( GEOMETRIC_REPRESENTATION_CONTEXT(2) 
PARAMETRIC_REPRESENTATION_CONTEXT() REPRESENTATION_CONTEXT('2D SPACE',''
  ) );
#12622 = ADVANCED_FACE('',(#12623),#4599,.T.);
#12623 = FACE_BOUND('',#12624,.T.);
#12624 = EDGE_LOOP('',(#12625,#12626,#12647,#12668));
#12625 = ORIENTED_EDGE('',*,*,#4584,.F.);
#12626 = ORIENTED_EDGE('',*,*,#12627,.T.);
#12627 = EDGE_CURVE('',#4585,#12628,#12630,.T.);
#12628 = VERTEX_POINT('',#12629);
#12629 = CARTESIAN_POINT('',(59.451296829971,-56.45129682997,5.));
#12630 = SURFACE_CURVE('',#12631,(#12635,#12641),.PCURVE_S1.);
#12631 = LINE('',#12632,#12633);
#12632 = CARTESIAN_POINT('',(54.95,-51.95,39.71));
#12633 = VECTOR('',#12634,1.);
#12634 = DIRECTION('',(0.127555550137,-0.127555550137,-0.983595019944));
#12635 = PCURVE('',#4599,#12636);
#12636 = DEFINITIONAL_REPRESENTATION('',(#12637),#12640);
#12637 = B_SPLINE_CURVE_WITH_KNOTS('',1,(#12638,#12639),.UNSPECIFIED.,
  .F.,.F.,(2,2),(0.,35.288913929208),.PIECEWISE_BEZIER_KNOTS.);
#12638 = CARTESIAN_POINT('',(0.,0.));
#12639 = CARTESIAN_POINT('',(35.000653896056,4.501296829971));
#12640 = ( GEOMETRIC_REPRESENTATION_CONTEXT(2) 
PARAMETRIC_REPRESENTATION_CONTEXT() REPRESENTATION_CONTEXT('2D SPACE',''
  ) );
#12641 = PCURVE('',#4625,#12642);
#12642 = DEFINITIONAL_REPRESENTATION('',(#12643),#12646);
#12643 = B_SPLINE_CURVE_WITH_KNOTS('',1,(#12644,#12645),.UNSPECIFIED.,
  .F.,.F.,(2,2),(0.,35.288913929208),.PIECEWISE_BEZIER_KNOTS.);
#12644 = CARTESIAN_POINT('',(0.,30.1));
#12645 = CARTESIAN_POINT('',(35.000653896056,25.598703170029));
#12646 = ( GEOMETRIC_REPRESENTATION_CONTEXT(2) 
PARAMETRIC_REPRESENTATION_CONTEXT() REPRESENTATION_CONTEXT('2D SPACE',''
  ) );
#12647 = ORIENTED_EDGE('',*,*,#12648,.T.);
#12648 = EDGE_CURVE('',#12628,#12556,#12649,.T.);
#12649 = SURFACE_CURVE('',#12650,(#12654,#12661),.PCURVE_S1.);
#12650 = LINE('',#12651,#12652);
#12651 = CARTESIAN_POINT('',(59.451296829971,-51.95,5.));
#12652 = VECTOR('',#12653,1.);
#12653 = DIRECTION('',(0.,-1.,0.));
#12654 = PCURVE('',#4599,#12655);
#12655 = DEFINITIONAL_REPRESENTATION('',(#12656),#12660);
#12656 = LINE('',#12657,#12658);
#12657 = CARTESIAN_POINT('',(35.000653896056,0.));
#12658 = VECTOR('',#12659,1.);
#12659 = DIRECTION('',(0.,1.));
#12660 = ( GEOMETRIC_REPRESENTATION_CONTEXT(2) 
PARAMETRIC_REPRESENTATION_CONTEXT() REPRESENTATION_CONTEXT('2D SPACE',''
  ) );
#12661 = PCURVE('',#12592,#12662);
#12662 = DEFINITIONAL_REPRESENTATION('',(#12663),#12667);
#12663 = LINE('',#12664,#12665);
#12664 = CARTESIAN_POINT('',(-10.54870317002,14.05));
#12665 = VECTOR('',#12666,1.);
#12666 = DIRECTION('',(0.,-1.));
#12667 = ( GEOMETRIC_REPRESENTATION_CONTEXT(2) 
PARAMETRIC_REPRESENTATION_CONTEXT() REPRESENTATION_CONTEXT('2D SPACE',''
  ) );
#12668 = ORIENTED_EDGE('',*,*,#12555,.F.);
#12669 = ADVANCED_FACE('',(#12670),#4649,.T.);
#12670 = FACE_BOUND('',#12671,.T.);
#12671 = EDGE_LOOP('',(#12672,#12673,#12674,#12697));
#12672 = ORIENTED_EDGE('',*,*,#4636,.F.);
#12673 = ORIENTED_EDGE('',*,*,#12604,.T.);
#12674 = ORIENTED_EDGE('',*,*,#12675,.T.);
#12675 = EDGE_CURVE('',#12577,#12676,#12678,.T.);
#12676 = VERTEX_POINT('',#12677);
#12677 = CARTESIAN_POINT('',(80.548703170029,-56.45129682997,5.));
#12678 = SURFACE_CURVE('',#12679,(#12683,#12690),.PCURVE_S1.);
#12679 = LINE('',#12680,#12681);
#12680 = CARTESIAN_POINT('',(80.548703170029,-80.05,5.));
#12681 = VECTOR('',#12682,1.);
#12682 = DIRECTION('',(0.,1.,0.));
#12683 = PCURVE('',#4649,#12684);
#12684 = DEFINITIONAL_REPRESENTATION('',(#12685),#12689);
#12685 = LINE('',#12686,#12687);
#12686 = CARTESIAN_POINT('',(35.000653896056,0.));
#12687 = VECTOR('',#12688,1.);
#12688 = DIRECTION('',(0.,1.));
#12689 = ( GEOMETRIC_REPRESENTATION_CONTEXT(2) 
PARAMETRIC_REPRESENTATION_CONTEXT() REPRESENTATION_CONTEXT('2D SPACE',''
  ) );
#12690 = PCURVE('',#12592,#12691);
#12691 = DEFINITIONAL_REPRESENTATION('',(#12692),#12696);
#12692 = LINE('',#12693,#12694);
#12693 = CARTESIAN_POINT('',(10.548703170029,-14.05));
#12694 = VECTOR('',#12695,1.);
#12695 = DIRECTION('',(0.,1.));
#12696 = ( GEOMETRIC_REPRESENTATION_CONTEXT(2) 
PARAMETRIC_REPRESENTATION_CONTEXT() REPRESENTATION_CONTEXT('2D SPACE',''
  ) );
#12697 = ORIENTED_EDGE('',*,*,#12698,.F.);
#12698 = EDGE_CURVE('',#4611,#12676,#12699,.T.);
#12699 = SURFACE_CURVE('',#12700,(#12704,#12710),.PCURVE_S1.);
#12700 = LINE('',#12701,#12702);
#12701 = CARTESIAN_POINT('',(85.05,-51.95,39.71));
#12702 = VECTOR('',#12703,1.);
#12703 = DIRECTION('',(-0.127555550137,-0.127555550137,-0.983595019944)
  );
#12704 = PCURVE('',#4649,#12705);
#12705 = DEFINITIONAL_REPRESENTATION('',(#12706),#12709);
#12706 = B_SPLINE_CURVE_WITH_KNOTS('',1,(#12707,#12708),.UNSPECIFIED.,
  .F.,.F.,(2,2),(-0.,35.288913929208),.PIECEWISE_BEZIER_KNOTS.);
#12707 = CARTESIAN_POINT('',(0.,28.1));
#12708 = CARTESIAN_POINT('',(35.000653896056,23.598703170029));
#12709 = ( GEOMETRIC_REPRESENTATION_CONTEXT(2) 
PARAMETRIC_REPRESENTATION_CONTEXT() REPRESENTATION_CONTEXT('2D SPACE',''
  ) );
#12710 = PCURVE('',#4625,#12711);
#12711 = DEFINITIONAL_REPRESENTATION('',(#12712),#12715);
#12712 = B_SPLINE_CURVE_WITH_KNOTS('',1,(#12713,#12714),.UNSPECIFIED.,
  .F.,.F.,(2,2),(-0.,35.288913929208),.PIECEWISE_BEZIER_KNOTS.);
#12713 = CARTESIAN_POINT('',(0.,0.));
#12714 = CARTESIAN_POINT('',(35.000653896056,4.501296829971));
#12715 = ( GEOMETRIC_REPRESENTATION_CONTEXT(2) 
PARAMETRIC_REPRESENTATION_CONTEXT() REPRESENTATION_CONTEXT('2D SPACE',''
  ) );
#12716 = ADVANCED_FACE('',(#12717),#4625,.T.);
#12717 = FACE_BOUND('',#12718,.T.);
#12718 = EDGE_LOOP('',(#12719,#12720,#12721,#12722));
#12719 = ORIENTED_EDGE('',*,*,#12627,.F.);
#12720 = ORIENTED_EDGE('',*,*,#4610,.F.);
#12721 = ORIENTED_EDGE('',*,*,#12698,.T.);
#12722 = ORIENTED_EDGE('',*,*,#12723,.T.);
#12723 = EDGE_CURVE('',#12676,#12628,#12724,.T.);
#12724 = SURFACE_CURVE('',#12725,(#12729,#12736),.PCURVE_S1.);
#12725 = LINE('',#12726,#12727);
#12726 = CARTESIAN_POINT('',(85.05,-56.45129682997,5.));
#12727 = VECTOR('',#12728,1.);
#12728 = DIRECTION('',(-1.,0.,0.));
#12729 = PCURVE('',#4625,#12730);
#12730 = DEFINITIONAL_REPRESENTATION('',(#12731),#12735);
#12731 = LINE('',#12732,#12733);
#12732 = CARTESIAN_POINT('',(35.000653896056,0.));
#12733 = VECTOR('',#12734,1.);
#12734 = DIRECTION('',(-0.,1.));
#12735 = ( GEOMETRIC_REPRESENTATION_CONTEXT(2) 
PARAMETRIC_REPRESENTATION_CONTEXT() REPRESENTATION_CONTEXT('2D SPACE',''
  ) );
#12736 = PCURVE('',#12592,#12737);
#12737 = DEFINITIONAL_REPRESENTATION('',(#12738),#12742);
#12738 = LINE('',#12739,#12740);
#12739 = CARTESIAN_POINT('',(15.05,9.548703170029));
#12740 = VECTOR('',#12741,1.);
#12741 = DIRECTION('',(-1.,0.));
#12742 = ( GEOMETRIC_REPRESENTATION_CONTEXT(2) 
PARAMETRIC_REPRESENTATION_CONTEXT() REPRESENTATION_CONTEXT('2D SPACE',''
  ) );
#12743 = ADVANCED_FACE('',(#12744),#4679,.T.);
#12744 = FACE_BOUND('',#12745,.T.);
#12745 = EDGE_LOOP('',(#12746,#12747,#12768,#12796));
#12746 = ORIENTED_EDGE('',*,*,#4662,.F.);
#12747 = ORIENTED_EDGE('',*,*,#12748,.T.);
#12748 = EDGE_CURVE('',#4663,#12749,#12751,.T.);
#12749 = VERTEX_POINT('',#12750);
#12750 = CARTESIAN_POINT('',(-10.54870317002,-42.54870317002,5.));
#12751 = SURFACE_CURVE('',#12752,(#12756,#12762),.PCURVE_S1.);
#12752 = LINE('',#12753,#12754);
#12753 = CARTESIAN_POINT('',(-15.05,-47.05,39.71));
#12754 = VECTOR('',#12755,1.);
#12755 = DIRECTION('',(0.127555550137,0.127555550137,-0.983595019944));
#12756 = PCURVE('',#4679,#12757);
#12757 = DEFINITIONAL_REPRESENTATION('',(#12758),#12761);
#12758 = B_SPLINE_CURVE_WITH_KNOTS('',1,(#12759,#12760),.UNSPECIFIED.,
  .F.,.F.,(2,2),(0.,35.288913929208),.PIECEWISE_BEZIER_KNOTS.);
#12759 = CARTESIAN_POINT('',(0.,0.));
#12760 = CARTESIAN_POINT('',(35.000653896056,4.501296829971));
#12761 = ( GEOMETRIC_REPRESENTATION_CONTEXT(2) 
PARAMETRIC_REPRESENTATION_CONTEXT() REPRESENTATION_CONTEXT('2D SPACE',''
  ) );
#12762 = PCURVE('',#4705,#12763);
#12763 = DEFINITIONAL_REPRESENTATION('',(#12764),#12767);
#12764 = B_SPLINE_CURVE_WITH_KNOTS('',1,(#12765,#12766),.UNSPECIFIED.,
  .F.,.F.,(2,2),(0.,35.288913929208),.PIECEWISE_BEZIER_KNOTS.);
#12765 = CARTESIAN_POINT('',(0.,28.1));
#12766 = CARTESIAN_POINT('',(35.000653896056,23.598703170029));
#12767 = ( GEOMETRIC_REPRESENTATION_CONTEXT(2) 
PARAMETRIC_REPRESENTATION_CONTEXT() REPRESENTATION_CONTEXT('2D SPACE',''
  ) );
#12768 = ORIENTED_EDGE('',*,*,#12769,.T.);
#12769 = EDGE_CURVE('',#12749,#12770,#12772,.T.);
#12770 = VERTEX_POINT('',#12771);
#12771 = CARTESIAN_POINT('',(10.548703170029,-42.54870317002,5.));
#12772 = SURFACE_CURVE('',#12773,(#12777,#12784),.PCURVE_S1.);
#12773 = LINE('',#12774,#12775);
#12774 = CARTESIAN_POINT('',(-15.05,-42.54870317002,5.));
#12775 = VECTOR('',#12776,1.);
#12776 = DIRECTION('',(1.,0.,0.));
#12777 = PCURVE('',#4679,#12778);
#12778 = DEFINITIONAL_REPRESENTATION('',(#12779),#12783);
#12779 = LINE('',#12780,#12781);
#12780 = CARTESIAN_POINT('',(35.000653896056,0.));
#12781 = VECTOR('',#12782,1.);
#12782 = DIRECTION('',(0.,1.));
#12783 = ( GEOMETRIC_REPRESENTATION_CONTEXT(2) 
PARAMETRIC_REPRESENTATION_CONTEXT() REPRESENTATION_CONTEXT('2D SPACE',''
  ) );
#12784 = PCURVE('',#12785,#12790);
#12785 = PLANE('',#12786);
#12786 = AXIS2_PLACEMENT_3D('',#12787,#12788,#12789);
#12787 = CARTESIAN_POINT('',(0.,-33.,5.));
#12788 = DIRECTION('',(0.,0.,1.));
#12789 = DIRECTION('',(1.,0.,0.));
#12790 = DEFINITIONAL_REPRESENTATION('',(#12791),#12795);
#12791 = LINE('',#12792,#12793);
#12792 = CARTESIAN_POINT('',(-15.05,-9.548703170029));
#12793 = VECTOR('',#12794,1.);
#12794 = DIRECTION('',(1.,0.));
#12795 = ( GEOMETRIC_REPRESENTATION_CONTEXT(2) 
PARAMETRIC_REPRESENTATION_CONTEXT() REPRESENTATION_CONTEXT('2D SPACE',''
  ) );
#12796 = ORIENTED_EDGE('',*,*,#12797,.F.);
#12797 = EDGE_CURVE('',#4665,#12770,#12798,.T.);
#12798 = SURFACE_CURVE('',#12799,(#12803,#12809),.PCURVE_S1.);
#12799 = LINE('',#12800,#12801);
#12800 = CARTESIAN_POINT('',(15.05,-47.05,39.71));
#12801 = VECTOR('',#12802,1.);
#12802 = DIRECTION('',(-0.127555550137,0.127555550137,-0.983595019944));
#12803 = PCURVE('',#4679,#12804);
#12804 = DEFINITIONAL_REPRESENTATION('',(#12805),#12808);
#12805 = B_SPLINE_CURVE_WITH_KNOTS('',1,(#12806,#12807),.UNSPECIFIED.,
  .F.,.F.,(2,2),(7.24295831805E-06,35.288913929208),
  .PIECEWISE_BEZIER_KNOTS.);
#12806 = CARTESIAN_POINT('',(7.183793691758E-06,30.09999907612));
#12807 = CARTESIAN_POINT('',(35.000653896056,25.598703170029));
#12808 = ( GEOMETRIC_REPRESENTATION_CONTEXT(2) 
PARAMETRIC_REPRESENTATION_CONTEXT() REPRESENTATION_CONTEXT('2D SPACE',''
  ) );
#12809 = PCURVE('',#4755,#12810);
#12810 = DEFINITIONAL_REPRESENTATION('',(#12811),#12814);
#12811 = B_SPLINE_CURVE_WITH_KNOTS('',1,(#12812,#12813),.UNSPECIFIED.,
  .F.,.F.,(2,2),(7.24295831805E-06,35.288913929208),
  .PIECEWISE_BEZIER_KNOTS.);
#12812 = CARTESIAN_POINT('',(7.183793691758E-06,9.23879532877E-07));
#12813 = CARTESIAN_POINT('',(35.000653896056,4.501296829971));
#12814 = ( GEOMETRIC_REPRESENTATION_CONTEXT(2) 
PARAMETRIC_REPRESENTATION_CONTEXT() REPRESENTATION_CONTEXT('2D SPACE',''
  ) );
#12815 = ADVANCED_FACE('',(#12816),#4705,.T.);
#12816 = FACE_BOUND('',#12817,.T.);
#12817 = EDGE_LOOP('',(#12818,#12819,#12840,#12861));
#12818 = ORIENTED_EDGE('',*,*,#4690,.F.);
#12819 = ORIENTED_EDGE('',*,*,#12820,.T.);
#12820 = EDGE_CURVE('',#4691,#12821,#12823,.T.);
#12821 = VERTEX_POINT('',#12822);
#12822 = CARTESIAN_POINT('',(-10.54870317002,-23.45129682997,5.));
#12823 = SURFACE_CURVE('',#12824,(#12828,#12834),.PCURVE_S1.);
#12824 = LINE('',#12825,#12826);
#12825 = CARTESIAN_POINT('',(-15.05,-18.95,39.71));
#12826 = VECTOR('',#12827,1.);
#12827 = DIRECTION('',(0.127555550137,-0.127555550137,-0.983595019944));
#12828 = PCURVE('',#4705,#12829);
#12829 = DEFINITIONAL_REPRESENTATION('',(#12830),#12833);
#12830 = B_SPLINE_CURVE_WITH_KNOTS('',1,(#12831,#12832),.UNSPECIFIED.,
  .F.,.F.,(2,2),(7.24295831805E-06,35.288913929208),
  .PIECEWISE_BEZIER_KNOTS.);
#12831 = CARTESIAN_POINT('',(7.183793691758E-06,9.23879532877E-07));
#12832 = CARTESIAN_POINT('',(35.000653896056,4.501296829971));
#12833 = ( GEOMETRIC_REPRESENTATION_CONTEXT(2) 
PARAMETRIC_REPRESENTATION_CONTEXT() REPRESENTATION_CONTEXT('2D SPACE',''
  ) );
#12834 = PCURVE('',#4731,#12835);
#12835 = DEFINITIONAL_REPRESENTATION('',(#12836),#12839);
#12836 = B_SPLINE_CURVE_WITH_KNOTS('',1,(#12837,#12838),.UNSPECIFIED.,
  .F.,.F.,(2,2),(7.24295831805E-06,35.288913929208),
  .PIECEWISE_BEZIER_KNOTS.);
#12837 = CARTESIAN_POINT('',(7.183793691758E-06,30.09999907612));
#12838 = CARTESIAN_POINT('',(35.000653896056,25.598703170029));
#12839 = ( GEOMETRIC_REPRESENTATION_CONTEXT(2) 
PARAMETRIC_REPRESENTATION_CONTEXT() REPRESENTATION_CONTEXT('2D SPACE',''
  ) );
#12840 = ORIENTED_EDGE('',*,*,#12841,.T.);
#12841 = EDGE_CURVE('',#12821,#12749,#12842,.T.);
#12842 = SURFACE_CURVE('',#12843,(#12847,#12854),.PCURVE_S1.);
#12843 = LINE('',#12844,#12845);
#12844 = CARTESIAN_POINT('',(-10.54870317002,-18.95,5.));
#12845 = VECTOR('',#12846,1.);
#12846 = DIRECTION('',(0.,-1.,0.));
#12847 = PCURVE('',#4705,#12848);
#12848 = DEFINITIONAL_REPRESENTATION('',(#12849),#12853);
#12849 = LINE('',#12850,#12851);
#12850 = CARTESIAN_POINT('',(35.000653896056,0.));
#12851 = VECTOR('',#12852,1.);
#12852 = DIRECTION('',(0.,1.));
#12853 = ( GEOMETRIC_REPRESENTATION_CONTEXT(2) 
PARAMETRIC_REPRESENTATION_CONTEXT() REPRESENTATION_CONTEXT('2D SPACE',''
  ) );
#12854 = PCURVE('',#12785,#12855);
#12855 = DEFINITIONAL_REPRESENTATION('',(#12856),#12860);
#12856 = LINE('',#12857,#12858);
#12857 = CARTESIAN_POINT('',(-10.54870317002,14.05));
#12858 = VECTOR('',#12859,1.);
#12859 = DIRECTION('',(0.,-1.));
#12860 = ( GEOMETRIC_REPRESENTATION_CONTEXT(2) 
PARAMETRIC_REPRESENTATION_CONTEXT() REPRESENTATION_CONTEXT('2D SPACE',''
  ) );
#12861 = ORIENTED_EDGE('',*,*,#12748,.F.);
#12862 = ADVANCED_FACE('',(#12863),#4755,.T.);
#12863 = FACE_BOUND('',#12864,.T.);
#12864 = EDGE_LOOP('',(#12865,#12866,#12867,#12890));
#12865 = ORIENTED_EDGE('',*,*,#4742,.F.);
#12866 = ORIENTED_EDGE('',*,*,#12797,.T.);
#12867 = ORIENTED_EDGE('',*,*,#12868,.T.);
#12868 = EDGE_CURVE('',#12770,#12869,#12871,.T.);
#12869 = VERTEX_POINT('',#12870);
#12870 = CARTESIAN_POINT('',(10.548703170029,-23.45129682997,5.));
#12871 = SURFACE_CURVE('',#12872,(#12876,#12883),.PCURVE_S1.);
#12872 = LINE('',#12873,#12874);
#12873 = CARTESIAN_POINT('',(10.548703170029,-47.05,5.));
#12874 = VECTOR('',#12875,1.);
#12875 = DIRECTION('',(0.,1.,0.));
#12876 = PCURVE('',#4755,#12877);
#12877 = DEFINITIONAL_REPRESENTATION('',(#12878),#12882);
#12878 = LINE('',#12879,#12880);
#12879 = CARTESIAN_POINT('',(35.000653896056,0.));
#12880 = VECTOR('',#12881,1.);
#12881 = DIRECTION('',(0.,1.));
#12882 = ( GEOMETRIC_REPRESENTATION_CONTEXT(2) 
PARAMETRIC_REPRESENTATION_CONTEXT() REPRESENTATION_CONTEXT('2D SPACE',''
  ) );
#12883 = PCURVE('',#12785,#12884);
#12884 = DEFINITIONAL_REPRESENTATION('',(#12885),#12889);
#12885 = LINE('',#12886,#12887);
#12886 = CARTESIAN_POINT('',(10.548703170029,-14.05));
#12887 = VECTOR('',#12888,1.);
#12888 = DIRECTION('',(0.,1.));
#12889 = ( GEOMETRIC_REPRESENTATION_CONTEXT(2) 
PARAMETRIC_REPRESENTATION_CONTEXT() REPRESENTATION_CONTEXT('2D SPACE',''
  ) );
#12890 = ORIENTED_EDGE('',*,*,#12891,.F.);
#12891 = EDGE_CURVE('',#4717,#12869,#12892,.T.);
#12892 = SURFACE_CURVE('',#12893,(#12897,#12903),.PCURVE_S1.);
#12893 = LINE('',#12894,#12895);
#12894 = CARTESIAN_POINT('',(15.05,-18.95,39.71));
#12895 = VECTOR('',#12896,1.);
#12896 = DIRECTION('',(-0.127555550137,-0.127555550137,-0.983595019944)
  );
#12897 = PCURVE('',#4755,#12898);
#12898 = DEFINITIONAL_REPRESENTATION('',(#12899),#12902);
#12899 = B_SPLINE_CURVE_WITH_KNOTS('',1,(#12900,#12901),.UNSPECIFIED.,
  .F.,.F.,(2,2),(-0.,35.288913929208),.PIECEWISE_BEZIER_KNOTS.);
#12900 = CARTESIAN_POINT('',(0.,28.1));
#12901 = CARTESIAN_POINT('',(35.000653896056,23.598703170029));
#12902 = ( GEOMETRIC_REPRESENTATION_CONTEXT(2) 
PARAMETRIC_REPRESENTATION_CONTEXT() REPRESENTATION_CONTEXT('2D SPACE',''
  ) );
#12903 = PCURVE('',#4731,#12904);
#12904 = DEFINITIONAL_REPRESENTATION('',(#12905),#12908);
#12905 = B_SPLINE_CURVE_WITH_KNOTS('',1,(#12906,#12907),.UNSPECIFIED.,
  .F.,.F.,(2,2),(-0.,35.288913929208),.PIECEWISE_BEZIER_KNOTS.);
#12906 = CARTESIAN_POINT('',(0.,0.));
#12907 = CARTESIAN_POINT('',(35.000653896056,4.501296829971));
#12908 = ( GEOMETRIC_REPRESENTATION_CONTEXT(2) 
PARAMETRIC_REPRESENTATION_CONTEXT() REPRESENTATION_CONTEXT('2D SPACE',''
  ) );
#12909 = ADVANCED_FACE('',(#12910),#4731,.T.);
#12910 = FACE_BOUND('',#12911,.T.);
#12911 = EDGE_LOOP('',(#12912,#12913,#12914,#12915));
#12912 = ORIENTED_EDGE('',*,*,#12820,.F.);
#12913 = ORIENTED_EDGE('',*,*,#4716,.F.);
#12914 = ORIENTED_EDGE('',*,*,#12891,.T.);
#12915 = ORIENTED_EDGE('',*,*,#12916,.T.);
#12916 = EDGE_CURVE('',#12869,#12821,#12917,.T.);
#12917 = SURFACE_CURVE('',#12918,(#12922,#12929),.PCURVE_S1.);
#12918 = LINE('',#12919,#12920);
#12919 = CARTESIAN_POINT('',(15.05,-23.45129682997,5.));
#12920 = VECTOR('',#12921,1.);
#12921 = DIRECTION('',(-1.,0.,0.));
#12922 = PCURVE('',#4731,#12923);
#12923 = DEFINITIONAL_REPRESENTATION('',(#12924),#12928);
#12924 = LINE('',#12925,#12926);
#12925 = CARTESIAN_POINT('',(35.000653896056,0.));
#12926 = VECTOR('',#12927,1.);
#12927 = DIRECTION('',(-0.,1.));
#12928 = ( GEOMETRIC_REPRESENTATION_CONTEXT(2) 
PARAMETRIC_REPRESENTATION_CONTEXT() REPRESENTATION_CONTEXT('2D SPACE',''
  ) );
#12929 = PCURVE('',#12785,#12930);
#12930 = DEFINITIONAL_REPRESENTATION('',(#12931),#12935);
#12931 = LINE('',#12932,#12933);
#12932 = CARTESIAN_POINT('',(15.05,9.548703170029));
#12933 = VECTOR('',#12934,1.);
#12934 = DIRECTION('',(-1.,0.));
#12935 = ( GEOMETRIC_REPRESENTATION_CONTEXT(2) 
PARAMETRIC_REPRESENTATION_CONTEXT() REPRESENTATION_CONTEXT('2D SPACE',''
  ) );
#12936 = ADVANCED_FACE('',(#12937),#4785,.T.);
#12937 = FACE_BOUND('',#12938,.T.);
#12938 = EDGE_LOOP('',(#12939,#12940,#12961,#12989));
#12939 = ORIENTED_EDGE('',*,*,#4768,.F.);
#12940 = ORIENTED_EDGE('',*,*,#12941,.T.);
#12941 = EDGE_CURVE('',#4769,#12942,#12944,.T.);
#12942 = VERTEX_POINT('',#12943);
#12943 = CARTESIAN_POINT('',(24.451296829971,-42.54870317002,5.));
#12944 = SURFACE_CURVE('',#12945,(#12949,#12955),.PCURVE_S1.);
#12945 = LINE('',#12946,#12947);
#12946 = CARTESIAN_POINT('',(19.95,-47.05,39.71));
#12947 = VECTOR('',#12948,1.);
#12948 = DIRECTION('',(0.127555550137,0.127555550137,-0.983595019944));
#12949 = PCURVE('',#4785,#12950);
#12950 = DEFINITIONAL_REPRESENTATION('',(#12951),#12954);
#12951 = B_SPLINE_CURVE_WITH_KNOTS('',1,(#12952,#12953),.UNSPECIFIED.,
  .F.,.F.,(2,2),(0.,35.288913929208),.PIECEWISE_BEZIER_KNOTS.);
#12952 = CARTESIAN_POINT('',(0.,0.));
#12953 = CARTESIAN_POINT('',(35.000653896056,4.501296829971));
#12954 = ( GEOMETRIC_REPRESENTATION_CONTEXT(2) 
PARAMETRIC_REPRESENTATION_CONTEXT() REPRESENTATION_CONTEXT('2D SPACE',''
  ) );
#12955 = PCURVE('',#4811,#12956);
#12956 = DEFINITIONAL_REPRESENTATION('',(#12957),#12960);
#12957 = B_SPLINE_CURVE_WITH_KNOTS('',1,(#12958,#12959),.UNSPECIFIED.,
  .F.,.F.,(2,2),(0.,35.288913929208),.PIECEWISE_BEZIER_KNOTS.);
#12958 = CARTESIAN_POINT('',(0.,28.1));
#12959 = CARTESIAN_POINT('',(35.000653896056,23.598703170029));
#12960 = ( GEOMETRIC_REPRESENTATION_CONTEXT(2) 
PARAMETRIC_REPRESENTATION_CONTEXT() REPRESENTATION_CONTEXT('2D SPACE',''
  ) );
#12961 = ORIENTED_EDGE('',*,*,#12962,.T.);
#12962 = EDGE_CURVE('',#12942,#12963,#12965,.T.);
#12963 = VERTEX_POINT('',#12964);
#12964 = CARTESIAN_POINT('',(45.548703170029,-42.54870317002,5.));
#12965 = SURFACE_CURVE('',#12966,(#12970,#12977),.PCURVE_S1.);
#12966 = LINE('',#12967,#12968);
#12967 = CARTESIAN_POINT('',(19.95,-42.54870317002,5.));
#12968 = VECTOR('',#12969,1.);
#12969 = DIRECTION('',(1.,0.,0.));
#12970 = PCURVE('',#4785,#12971);
#12971 = DEFINITIONAL_REPRESENTATION('',(#12972),#12976);
#12972 = LINE('',#12973,#12974);
#12973 = CARTESIAN_POINT('',(35.000653896056,0.));
#12974 = VECTOR('',#12975,1.);
#12975 = DIRECTION('',(0.,1.));
#12976 = ( GEOMETRIC_REPRESENTATION_CONTEXT(2) 
PARAMETRIC_REPRESENTATION_CONTEXT() REPRESENTATION_CONTEXT('2D SPACE',''
  ) );
#12977 = PCURVE('',#12978,#12983);
#12978 = PLANE('',#12979);
#12979 = AXIS2_PLACEMENT_3D('',#12980,#12981,#12982);
#12980 = CARTESIAN_POINT('',(35.,-33.,5.));
#12981 = DIRECTION('',(0.,0.,1.));
#12982 = DIRECTION('',(1.,0.,0.));
#12983 = DEFINITIONAL_REPRESENTATION('',(#12984),#12988);
#12984 = LINE('',#12985,#12986);
#12985 = CARTESIAN_POINT('',(-15.05,-9.548703170029));
#12986 = VECTOR('',#12987,1.);
#12987 = DIRECTION('',(1.,0.));
#12988 = ( GEOMETRIC_REPRESENTATION_CONTEXT(2) 
PARAMETRIC_REPRESENTATION_CONTEXT() REPRESENTATION_CONTEXT('2D SPACE',''
  ) );
#12989 = ORIENTED_EDGE('',*,*,#12990,.F.);
#12990 = EDGE_CURVE('',#4771,#12963,#12991,.T.);
#12991 = SURFACE_CURVE('',#12992,(#12996,#13002),.PCURVE_S1.);
#12992 = LINE('',#12993,#12994);
#12993 = CARTESIAN_POINT('',(50.05,-47.05,39.71));
#12994 = VECTOR('',#12995,1.);
#12995 = DIRECTION('',(-0.127555550137,0.127555550137,-0.983595019944));
#12996 = PCURVE('',#4785,#12997);
#12997 = DEFINITIONAL_REPRESENTATION('',(#12998),#13001);
#12998 = B_SPLINE_CURVE_WITH_KNOTS('',1,(#12999,#13000),.UNSPECIFIED.,
  .F.,.F.,(2,2),(0.,35.288913929208),.PIECEWISE_BEZIER_KNOTS.);
#12999 = CARTESIAN_POINT('',(0.,30.1));
#13000 = CARTESIAN_POINT('',(35.000653896056,25.598703170029));
#13001 = ( GEOMETRIC_REPRESENTATION_CONTEXT(2) 
PARAMETRIC_REPRESENTATION_CONTEXT() REPRESENTATION_CONTEXT('2D SPACE',''
  ) );
#13002 = PCURVE('',#4861,#13003);
#13003 = DEFINITIONAL_REPRESENTATION('',(#13004),#13007);
#13004 = B_SPLINE_CURVE_WITH_KNOTS('',1,(#13005,#13006),.UNSPECIFIED.,
  .F.,.F.,(2,2),(0.,35.288913929208),.PIECEWISE_BEZIER_KNOTS.);
#13005 = CARTESIAN_POINT('',(0.,0.));
#13006 = CARTESIAN_POINT('',(35.000653896056,4.501296829971));
#13007 = ( GEOMETRIC_REPRESENTATION_CONTEXT(2) 
PARAMETRIC_REPRESENTATION_CONTEXT() REPRESENTATION_CONTEXT('2D SPACE',''
  ) );
#13008 = ADVANCED_FACE('',(#13009),#4811,.T.);
#13009 = FACE_BOUND('',#13010,.T.);
#13010 = EDGE_LOOP('',(#13011,#13012,#13033,#13054));
#13011 = ORIENTED_EDGE('',*,*,#4796,.F.);
#13012 = ORIENTED_EDGE('',*,*,#13013,.T.);
#13013 = EDGE_CURVE('',#4797,#13014,#13016,.T.);
#13014 = VERTEX_POINT('',#13015);
#13015 = CARTESIAN_POINT('',(24.451296829971,-23.45129682997,5.));
#13016 = SURFACE_CURVE('',#13017,(#13021,#13027),.PCURVE_S1.);
#13017 = LINE('',#13018,#13019);
#13018 = CARTESIAN_POINT('',(19.95,-18.95,39.71));
#13019 = VECTOR('',#13020,1.);
#13020 = DIRECTION('',(0.127555550137,-0.127555550137,-0.983595019944));
#13021 = PCURVE('',#4811,#13022);
#13022 = DEFINITIONAL_REPRESENTATION('',(#13023),#13026);
#13023 = B_SPLINE_CURVE_WITH_KNOTS('',1,(#13024,#13025),.UNSPECIFIED.,
  .F.,.F.,(2,2),(0.,35.288913929208),.PIECEWISE_BEZIER_KNOTS.);
#13024 = CARTESIAN_POINT('',(0.,0.));
#13025 = CARTESIAN_POINT('',(35.000653896056,4.501296829971));
#13026 = ( GEOMETRIC_REPRESENTATION_CONTEXT(2) 
PARAMETRIC_REPRESENTATION_CONTEXT() REPRESENTATION_CONTEXT('2D SPACE',''
  ) );
#13027 = PCURVE('',#4837,#13028);
#13028 = DEFINITIONAL_REPRESENTATION('',(#13029),#13032);
#13029 = B_SPLINE_CURVE_WITH_KNOTS('',1,(#13030,#13031),.UNSPECIFIED.,
  .F.,.F.,(2,2),(0.,35.288913929208),.PIECEWISE_BEZIER_KNOTS.);
#13030 = CARTESIAN_POINT('',(0.,30.1));
#13031 = CARTESIAN_POINT('',(35.000653896056,25.598703170029));
#13032 = ( GEOMETRIC_REPRESENTATION_CONTEXT(2) 
PARAMETRIC_REPRESENTATION_CONTEXT() REPRESENTATION_CONTEXT('2D SPACE',''
  ) );
#13033 = ORIENTED_EDGE('',*,*,#13034,.T.);
#13034 = EDGE_CURVE('',#13014,#12942,#13035,.T.);
#13035 = SURFACE_CURVE('',#13036,(#13040,#13047),.PCURVE_S1.);
#13036 = LINE('',#13037,#13038);
#13037 = CARTESIAN_POINT('',(24.451296829971,-18.95,5.));
#13038 = VECTOR('',#13039,1.);
#13039 = DIRECTION('',(0.,-1.,0.));
#13040 = PCURVE('',#4811,#13041);
#13041 = DEFINITIONAL_REPRESENTATION('',(#13042),#13046);
#13042 = LINE('',#13043,#13044);
#13043 = CARTESIAN_POINT('',(35.000653896056,0.));
#13044 = VECTOR('',#13045,1.);
#13045 = DIRECTION('',(0.,1.));
#13046 = ( GEOMETRIC_REPRESENTATION_CONTEXT(2) 
PARAMETRIC_REPRESENTATION_CONTEXT() REPRESENTATION_CONTEXT('2D SPACE',''
  ) );
#13047 = PCURVE('',#12978,#13048);
#13048 = DEFINITIONAL_REPRESENTATION('',(#13049),#13053);
#13049 = LINE('',#13050,#13051);
#13050 = CARTESIAN_POINT('',(-10.54870317002,14.05));
#13051 = VECTOR('',#13052,1.);
#13052 = DIRECTION('',(0.,-1.));
#13053 = ( GEOMETRIC_REPRESENTATION_CONTEXT(2) 
PARAMETRIC_REPRESENTATION_CONTEXT() REPRESENTATION_CONTEXT('2D SPACE',''
  ) );
#13054 = ORIENTED_EDGE('',*,*,#12941,.F.);
#13055 = ADVANCED_FACE('',(#13056),#4861,.T.);
#13056 = FACE_BOUND('',#13057,.T.);
#13057 = EDGE_LOOP('',(#13058,#13059,#13060,#13083));
#13058 = ORIENTED_EDGE('',*,*,#4848,.F.);
#13059 = ORIENTED_EDGE('',*,*,#12990,.T.);
#13060 = ORIENTED_EDGE('',*,*,#13061,.T.);
#13061 = EDGE_CURVE('',#12963,#13062,#13064,.T.);
#13062 = VERTEX_POINT('',#13063);
#13063 = CARTESIAN_POINT('',(45.548703170029,-23.45129682997,5.));
#13064 = SURFACE_CURVE('',#13065,(#13069,#13076),.PCURVE_S1.);
#13065 = LINE('',#13066,#13067);
#13066 = CARTESIAN_POINT('',(45.548703170029,-47.05,5.));
#13067 = VECTOR('',#13068,1.);
#13068 = DIRECTION('',(0.,1.,0.));
#13069 = PCURVE('',#4861,#13070);
#13070 = DEFINITIONAL_REPRESENTATION('',(#13071),#13075);
#13071 = LINE('',#13072,#13073);
#13072 = CARTESIAN_POINT('',(35.000653896056,0.));
#13073 = VECTOR('',#13074,1.);
#13074 = DIRECTION('',(0.,1.));
#13075 = ( GEOMETRIC_REPRESENTATION_CONTEXT(2) 
PARAMETRIC_REPRESENTATION_CONTEXT() REPRESENTATION_CONTEXT('2D SPACE',''
  ) );
#13076 = PCURVE('',#12978,#13077);
#13077 = DEFINITIONAL_REPRESENTATION('',(#13078),#13082);
#13078 = LINE('',#13079,#13080);
#13079 = CARTESIAN_POINT('',(10.548703170029,-14.05));
#13080 = VECTOR('',#13081,1.);
#13081 = DIRECTION('',(0.,1.));
#13082 = ( GEOMETRIC_REPRESENTATION_CONTEXT(2) 
PARAMETRIC_REPRESENTATION_CONTEXT() REPRESENTATION_CONTEXT('2D SPACE',''
  ) );
#13083 = ORIENTED_EDGE('',*,*,#13084,.F.);
#13084 = EDGE_CURVE('',#4823,#13062,#13085,.T.);
#13085 = SURFACE_CURVE('',#13086,(#13090,#13096),.PCURVE_S1.);
#13086 = LINE('',#13087,#13088);
#13087 = CARTESIAN_POINT('',(50.05,-18.95,39.71));
#13088 = VECTOR('',#13089,1.);
#13089 = DIRECTION('',(-0.127555550137,-0.127555550137,-0.983595019944)
  );
#13090 = PCURVE('',#4861,#13091);
#13091 = DEFINITIONAL_REPRESENTATION('',(#13092),#13095);
#13092 = B_SPLINE_CURVE_WITH_KNOTS('',1,(#13093,#13094),.UNSPECIFIED.,
  .F.,.F.,(2,2),(-0.,35.288913929208),.PIECEWISE_BEZIER_KNOTS.);
#13093 = CARTESIAN_POINT('',(0.,28.1));
#13094 = CARTESIAN_POINT('',(35.000653896056,23.598703170029));
#13095 = ( GEOMETRIC_REPRESENTATION_CONTEXT(2) 
PARAMETRIC_REPRESENTATION_CONTEXT() REPRESENTATION_CONTEXT('2D SPACE',''
  ) );
#13096 = PCURVE('',#4837,#13097);
#13097 = DEFINITIONAL_REPRESENTATION('',(#13098),#13101);
#13098 = B_SPLINE_CURVE_WITH_KNOTS('',1,(#13099,#13100),.UNSPECIFIED.,
  .F.,.F.,(2,2),(-0.,35.288913929208),.PIECEWISE_BEZIER_KNOTS.);
#13099 = CARTESIAN_POINT('',(0.,0.));
#13100 = CARTESIAN_POINT('',(35.000653896056,4.501296829971));
#13101 = ( GEOMETRIC_REPRESENTATION_CONTEXT(2) 
PARAMETRIC_REPRESENTATION_CONTEXT() REPRESENTATION_CONTEXT('2D SPACE',''
  ) );
#13102 = ADVANCED_FACE('',(#13103),#4837,.T.);
#13103 = FACE_BOUND('',#13104,.T.);
#13104 = EDGE_LOOP('',(#13105,#13106,#13107,#13108));
#13105 = ORIENTED_EDGE('',*,*,#13013,.F.);
#13106 = ORIENTED_EDGE('',*,*,#4822,.F.);
#13107 = ORIENTED_EDGE('',*,*,#13084,.T.);
#13108 = ORIENTED_EDGE('',*,*,#13109,.T.);
#13109 = EDGE_CURVE('',#13062,#13014,#13110,.T.);
#13110 = SURFACE_CURVE('',#13111,(#13115,#13122),.PCURVE_S1.);
#13111 = LINE('',#13112,#13113);
#13112 = CARTESIAN_POINT('',(50.05,-23.45129682997,5.));
#13113 = VECTOR('',#13114,1.);
#13114 = DIRECTION('',(-1.,0.,0.));
#13115 = PCURVE('',#4837,#13116);
#13116 = DEFINITIONAL_REPRESENTATION('',(#13117),#13121);
#13117 = LINE('',#13118,#13119);
#13118 = CARTESIAN_POINT('',(35.000653896056,0.));
#13119 = VECTOR('',#13120,1.);
#13120 = DIRECTION('',(-0.,1.));
#13121 = ( GEOMETRIC_REPRESENTATION_CONTEXT(2) 
PARAMETRIC_REPRESENTATION_CONTEXT() REPRESENTATION_CONTEXT('2D SPACE',''
  ) );
#13122 = PCURVE('',#12978,#13123);
#13123 = DEFINITIONAL_REPRESENTATION('',(#13124),#13128);
#13124 = LINE('',#13125,#13126);
#13125 = CARTESIAN_POINT('',(15.05,9.548703170029));
#13126 = VECTOR('',#13127,1.);
#13127 = DIRECTION('',(-1.,0.));
#13128 = ( GEOMETRIC_REPRESENTATION_CONTEXT(2) 
PARAMETRIC_REPRESENTATION_CONTEXT() REPRESENTATION_CONTEXT('2D SPACE',''
  ) );
#13129 = ADVANCED_FACE('',(#13130),#4891,.T.);
#13130 = FACE_BOUND('',#13131,.T.);
#13131 = EDGE_LOOP('',(#13132,#13133,#13154,#13182));
#13132 = ORIENTED_EDGE('',*,*,#4874,.F.);
#13133 = ORIENTED_EDGE('',*,*,#13134,.T.);
#13134 = EDGE_CURVE('',#4875,#13135,#13137,.T.);
#13135 = VERTEX_POINT('',#13136);
#13136 = CARTESIAN_POINT('',(59.451296829971,-42.54870317002,5.));
#13137 = SURFACE_CURVE('',#13138,(#13142,#13148),.PCURVE_S1.);
#13138 = LINE('',#13139,#13140);
#13139 = CARTESIAN_POINT('',(54.95,-47.05,39.71));
#13140 = VECTOR('',#13141,1.);
#13141 = DIRECTION('',(0.127555550137,0.127555550137,-0.983595019944));
#13142 = PCURVE('',#4891,#13143);
#13143 = DEFINITIONAL_REPRESENTATION('',(#13144),#13147);
#13144 = B_SPLINE_CURVE_WITH_KNOTS('',1,(#13145,#13146),.UNSPECIFIED.,
  .F.,.F.,(2,2),(0.,35.288913929208),.PIECEWISE_BEZIER_KNOTS.);
#13145 = CARTESIAN_POINT('',(0.,0.));
#13146 = CARTESIAN_POINT('',(35.000653896056,4.501296829971));
#13147 = ( GEOMETRIC_REPRESENTATION_CONTEXT(2) 
PARAMETRIC_REPRESENTATION_CONTEXT() REPRESENTATION_CONTEXT('2D SPACE',''
  ) );
#13148 = PCURVE('',#4917,#13149);
#13149 = DEFINITIONAL_REPRESENTATION('',(#13150),#13153);
#13150 = B_SPLINE_CURVE_WITH_KNOTS('',1,(#13151,#13152),.UNSPECIFIED.,
  .F.,.F.,(2,2),(0.,35.288913929208),.PIECEWISE_BEZIER_KNOTS.);
#13151 = CARTESIAN_POINT('',(0.,28.1));
#13152 = CARTESIAN_POINT('',(35.000653896056,23.598703170029));
#13153 = ( GEOMETRIC_REPRESENTATION_CONTEXT(2) 
PARAMETRIC_REPRESENTATION_CONTEXT() REPRESENTATION_CONTEXT('2D SPACE',''
  ) );
#13154 = ORIENTED_EDGE('',*,*,#13155,.T.);
#13155 = EDGE_CURVE('',#13135,#13156,#13158,.T.);
#13156 = VERTEX_POINT('',#13157);
#13157 = CARTESIAN_POINT('',(80.548703170029,-42.54870317002,5.));
#13158 = SURFACE_CURVE('',#13159,(#13163,#13170),.PCURVE_S1.);
#13159 = LINE('',#13160,#13161);
#13160 = CARTESIAN_POINT('',(54.95,-42.54870317002,5.));
#13161 = VECTOR('',#13162,1.);
#13162 = DIRECTION('',(1.,0.,0.));
#13163 = PCURVE('',#4891,#13164);
#13164 = DEFINITIONAL_REPRESENTATION('',(#13165),#13169);
#13165 = LINE('',#13166,#13167);
#13166 = CARTESIAN_POINT('',(35.000653896056,0.));
#13167 = VECTOR('',#13168,1.);
#13168 = DIRECTION('',(0.,1.));
#13169 = ( GEOMETRIC_REPRESENTATION_CONTEXT(2) 
PARAMETRIC_REPRESENTATION_CONTEXT() REPRESENTATION_CONTEXT('2D SPACE',''
  ) );
#13170 = PCURVE('',#13171,#13176);
#13171 = PLANE('',#13172);
#13172 = AXIS2_PLACEMENT_3D('',#13173,#13174,#13175);
#13173 = CARTESIAN_POINT('',(70.,-33.,5.));
#13174 = DIRECTION('',(0.,0.,1.));
#13175 = DIRECTION('',(1.,0.,0.));
#13176 = DEFINITIONAL_REPRESENTATION('',(#13177),#13181);
#13177 = LINE('',#13178,#13179);
#13178 = CARTESIAN_POINT('',(-15.05,-9.548703170029));
#13179 = VECTOR('',#13180,1.);
#13180 = DIRECTION('',(1.,0.));
#13181 = ( GEOMETRIC_REPRESENTATION_CONTEXT(2) 
PARAMETRIC_REPRESENTATION_CONTEXT() REPRESENTATION_CONTEXT('2D SPACE',''
  ) );
#13182 = ORIENTED_EDGE('',*,*,#13183,.F.);
#13183 = EDGE_CURVE('',#4877,#13156,#13184,.T.);
#13184 = SURFACE_CURVE('',#13185,(#13189,#13195),.PCURVE_S1.);
#13185 = LINE('',#13186,#13187);
#13186 = CARTESIAN_POINT('',(85.05,-47.05,39.71));
#13187 = VECTOR('',#13188,1.);
#13188 = DIRECTION('',(-0.127555550137,0.127555550137,-0.983595019944));
#13189 = PCURVE('',#4891,#13190);
#13190 = DEFINITIONAL_REPRESENTATION('',(#13191),#13194);
#13191 = B_SPLINE_CURVE_WITH_KNOTS('',1,(#13192,#13193),.UNSPECIFIED.,
  .F.,.F.,(2,2),(0.,35.288913929208),.PIECEWISE_BEZIER_KNOTS.);
#13192 = CARTESIAN_POINT('',(0.,30.1));
#13193 = CARTESIAN_POINT('',(35.000653896056,25.598703170029));
#13194 = ( GEOMETRIC_REPRESENTATION_CONTEXT(2) 
PARAMETRIC_REPRESENTATION_CONTEXT() REPRESENTATION_CONTEXT('2D SPACE',''
  ) );
#13195 = PCURVE('',#4967,#13196);
#13196 = DEFINITIONAL_REPRESENTATION('',(#13197),#13200);
#13197 = B_SPLINE_CURVE_WITH_KNOTS('',1,(#13198,#13199),.UNSPECIFIED.,
  .F.,.F.,(2,2),(0.,35.288913929208),.PIECEWISE_BEZIER_KNOTS.);
#13198 = CARTESIAN_POINT('',(0.,0.));
#13199 = CARTESIAN_POINT('',(35.000653896056,4.501296829971));
#13200 = ( GEOMETRIC_REPRESENTATION_CONTEXT(2) 
PARAMETRIC_REPRESENTATION_CONTEXT() REPRESENTATION_CONTEXT('2D SPACE',''
  ) );
#13201 = ADVANCED_FACE('',(#13202),#4917,.T.);
#13202 = FACE_BOUND('',#13203,.T.);
#13203 = EDGE_LOOP('',(#13204,#13205,#13226,#13247));
#13204 = ORIENTED_EDGE('',*,*,#4902,.F.);
#13205 = ORIENTED_EDGE('',*,*,#13206,.T.);
#13206 = EDGE_CURVE('',#4903,#13207,#13209,.T.);
#13207 = VERTEX_POINT('',#13208);
#13208 = CARTESIAN_POINT('',(59.451296829971,-23.45129682997,5.));
#13209 = SURFACE_CURVE('',#13210,(#13214,#13220),.PCURVE_S1.);
#13210 = LINE('',#13211,#13212);
#13211 = CARTESIAN_POINT('',(54.95,-18.95,39.71));
#13212 = VECTOR('',#13213,1.);
#13213 = DIRECTION('',(0.127555550137,-0.127555550137,-0.983595019944));
#13214 = PCURVE('',#4917,#13215);
#13215 = DEFINITIONAL_REPRESENTATION('',(#13216),#13219);
#13216 = B_SPLINE_CURVE_WITH_KNOTS('',1,(#13217,#13218),.UNSPECIFIED.,
  .F.,.F.,(2,2),(0.,35.288913929208),.PIECEWISE_BEZIER_KNOTS.);
#13217 = CARTESIAN_POINT('',(0.,0.));
#13218 = CARTESIAN_POINT('',(35.000653896056,4.501296829971));
#13219 = ( GEOMETRIC_REPRESENTATION_CONTEXT(2) 
PARAMETRIC_REPRESENTATION_CONTEXT() REPRESENTATION_CONTEXT('2D SPACE',''
  ) );
#13220 = PCURVE('',#4943,#13221);
#13221 = DEFINITIONAL_REPRESENTATION('',(#13222),#13225);
#13222 = B_SPLINE_CURVE_WITH_KNOTS('',1,(#13223,#13224),.UNSPECIFIED.,
  .F.,.F.,(2,2),(0.,35.288913929208),.PIECEWISE_BEZIER_KNOTS.);
#13223 = CARTESIAN_POINT('',(0.,30.1));
#13224 = CARTESIAN_POINT('',(35.000653896056,25.598703170029));
#13225 = ( GEOMETRIC_REPRESENTATION_CONTEXT(2) 
PARAMETRIC_REPRESENTATION_CONTEXT() REPRESENTATION_CONTEXT('2D SPACE',''
  ) );
#13226 = ORIENTED_EDGE('',*,*,#13227,.T.);
#13227 = EDGE_CURVE('',#13207,#13135,#13228,.T.);
#13228 = SURFACE_CURVE('',#13229,(#13233,#13240),.PCURVE_S1.);
#13229 = LINE('',#13230,#13231);
#13230 = CARTESIAN_POINT('',(59.451296829971,-18.95,5.));
#13231 = VECTOR('',#13232,1.);
#13232 = DIRECTION('',(0.,-1.,0.));
#13233 = PCURVE('',#4917,#13234);
#13234 = DEFINITIONAL_REPRESENTATION('',(#13235),#13239);
#13235 = LINE('',#13236,#13237);
#13236 = CARTESIAN_POINT('',(35.000653896056,0.));
#13237 = VECTOR('',#13238,1.);
#13238 = DIRECTION('',(0.,1.));
#13239 = ( GEOMETRIC_REPRESENTATION_CONTEXT(2) 
PARAMETRIC_REPRESENTATION_CONTEXT() REPRESENTATION_CONTEXT('2D SPACE',''
  ) );
#13240 = PCURVE('',#13171,#13241);
#13241 = DEFINITIONAL_REPRESENTATION('',(#13242),#13246);
#13242 = LINE('',#13243,#13244);
#13243 = CARTESIAN_POINT('',(-10.54870317002,14.05));
#13244 = VECTOR('',#13245,1.);
#13245 = DIRECTION('',(0.,-1.));
#13246 = ( GEOMETRIC_REPRESENTATION_CONTEXT(2) 
PARAMETRIC_REPRESENTATION_CONTEXT() REPRESENTATION_CONTEXT('2D SPACE',''
  ) );
#13247 = ORIENTED_EDGE('',*,*,#13134,.F.);
#13248 = ADVANCED_FACE('',(#13249),#4967,.T.);
#13249 = FACE_BOUND('',#13250,.T.);
#13250 = EDGE_LOOP('',(#13251,#13252,#13253,#13276));
#13251 = ORIENTED_EDGE('',*,*,#4954,.F.);
#13252 = ORIENTED_EDGE('',*,*,#13183,.T.);
#13253 = ORIENTED_EDGE('',*,*,#13254,.T.);
#13254 = EDGE_CURVE('',#13156,#13255,#13257,.T.);
#13255 = VERTEX_POINT('',#13256);
#13256 = CARTESIAN_POINT('',(80.548703170029,-23.45129682997,5.));
#13257 = SURFACE_CURVE('',#13258,(#13262,#13269),.PCURVE_S1.);
#13258 = LINE('',#13259,#13260);
#13259 = CARTESIAN_POINT('',(80.548703170029,-47.05,5.));
#13260 = VECTOR('',#13261,1.);
#13261 = DIRECTION('',(0.,1.,0.));
#13262 = PCURVE('',#4967,#13263);
#13263 = DEFINITIONAL_REPRESENTATION('',(#13264),#13268);
#13264 = LINE('',#13265,#13266);
#13265 = CARTESIAN_POINT('',(35.000653896056,0.));
#13266 = VECTOR('',#13267,1.);
#13267 = DIRECTION('',(0.,1.));
#13268 = ( GEOMETRIC_REPRESENTATION_CONTEXT(2) 
PARAMETRIC_REPRESENTATION_CONTEXT() REPRESENTATION_CONTEXT('2D SPACE',''
  ) );
#13269 = PCURVE('',#13171,#13270);
#13270 = DEFINITIONAL_REPRESENTATION('',(#13271),#13275);
#13271 = LINE('',#13272,#13273);
#13272 = CARTESIAN_POINT('',(10.548703170029,-14.05));
#13273 = VECTOR('',#13274,1.);
#13274 = DIRECTION('',(0.,1.));
#13275 = ( GEOMETRIC_REPRESENTATION_CONTEXT(2) 
PARAMETRIC_REPRESENTATION_CONTEXT() REPRESENTATION_CONTEXT('2D SPACE',''
  ) );
#13276 = ORIENTED_EDGE('',*,*,#13277,.F.);
#13277 = EDGE_CURVE('',#4929,#13255,#13278,.T.);
#13278 = SURFACE_CURVE('',#13279,(#13283,#13289),.PCURVE_S1.);
#13279 = LINE('',#13280,#13281);
#13280 = CARTESIAN_POINT('',(85.05,-18.95,39.71));
#13281 = VECTOR('',#13282,1.);
#13282 = DIRECTION('',(-0.127555550137,-0.127555550137,-0.983595019944)
  );
#13283 = PCURVE('',#4967,#13284);
#13284 = DEFINITIONAL_REPRESENTATION('',(#13285),#13288);
#13285 = B_SPLINE_CURVE_WITH_KNOTS('',1,(#13286,#13287),.UNSPECIFIED.,
  .F.,.F.,(2,2),(-0.,35.288913929208),.PIECEWISE_BEZIER_KNOTS.);
#13286 = CARTESIAN_POINT('',(0.,28.1));
#13287 = CARTESIAN_POINT('',(35.000653896056,23.598703170029));
#13288 = ( GEOMETRIC_REPRESENTATION_CONTEXT(2) 
PARAMETRIC_REPRESENTATION_CONTEXT() REPRESENTATION_CONTEXT('2D SPACE',''
  ) );
#13289 = PCURVE('',#4943,#13290);
#13290 = DEFINITIONAL_REPRESENTATION('',(#13291),#13294);
#13291 = B_SPLINE_CURVE_WITH_KNOTS('',1,(#13292,#13293),.UNSPECIFIED.,
  .F.,.F.,(2,2),(-0.,35.288913929208),.PIECEWISE_BEZIER_KNOTS.);
#13292 = CARTESIAN_POINT('',(0.,0.));
#13293 = CARTESIAN_POINT('',(35.000653896056,4.501296829971));
#13294 = ( GEOMETRIC_REPRESENTATION_CONTEXT(2) 
PARAMETRIC_REPRESENTATION_CONTEXT() REPRESENTATION_CONTEXT('2D SPACE',''
  ) );
#13295 = ADVANCED_FACE('',(#13296),#4943,.T.);
#13296 = FACE_BOUND('',#13297,.T.);
#13297 = EDGE_LOOP('',(#13298,#13299,#13300,#13301));
#13298 = ORIENTED_EDGE('',*,*,#13206,.F.);
#13299 = ORIENTED_EDGE('',*,*,#4928,.F.);
#13300 = ORIENTED_EDGE('',*,*,#13277,.T.);
#13301 = ORIENTED_EDGE('',*,*,#13302,.T.);
#13302 = EDGE_CURVE('',#13255,#13207,#13303,.T.);
#13303 = SURFACE_CURVE('',#13304,(#13308,#13315),.PCURVE_S1.);
#13304 = LINE('',#13305,#13306);
#13305 = CARTESIAN_POINT('',(85.05,-23.45129682997,5.));
#13306 = VECTOR('',#13307,1.);
#13307 = DIRECTION('',(-1.,0.,0.));
#13308 = PCURVE('',#4943,#13309);
#13309 = DEFINITIONAL_REPRESENTATION('',(#13310),#13314);
#13310 = LINE('',#13311,#13312);
#13311 = CARTESIAN_POINT('',(35.000653896056,0.));
#13312 = VECTOR('',#13313,1.);
#13313 = DIRECTION('',(-0.,1.));
#13314 = ( GEOMETRIC_REPRESENTATION_CONTEXT(2) 
PARAMETRIC_REPRESENTATION_CONTEXT() REPRESENTATION_CONTEXT('2D SPACE',''
  ) );
#13315 = PCURVE('',#13171,#13316);
#13316 = DEFINITIONAL_REPRESENTATION('',(#13317),#13321);
#13317 = LINE('',#13318,#13319);
#13318 = CARTESIAN_POINT('',(15.05,9.548703170029));
#13319 = VECTOR('',#13320,1.);
#13320 = DIRECTION('',(-1.,0.));
#13321 = ( GEOMETRIC_REPRESENTATION_CONTEXT(2) 
PARAMETRIC_REPRESENTATION_CONTEXT() REPRESENTATION_CONTEXT('2D SPACE',''
  ) );
#13322 = ADVANCED_FACE('',(#13323),#4997,.T.);
#13323 = FACE_BOUND('',#13324,.T.);
#13324 = EDGE_LOOP('',(#13325,#13326,#13347,#13375));
#13325 = ORIENTED_EDGE('',*,*,#4980,.F.);
#13326 = ORIENTED_EDGE('',*,*,#13327,.T.);
#13327 = EDGE_CURVE('',#4981,#13328,#13330,.T.);
#13328 = VERTEX_POINT('',#13329);
#13329 = CARTESIAN_POINT('',(-80.54870317002,-9.548703170029,5.));
#13330 = SURFACE_CURVE('',#13331,(#13335,#13341),.PCURVE_S1.);
#13331 = LINE('',#13332,#13333);
#13332 = CARTESIAN_POINT('',(-85.05,-14.05,39.71));
#13333 = VECTOR('',#13334,1.);
#13334 = DIRECTION('',(0.127555550137,0.127555550137,-0.983595019944));
#13335 = PCURVE('',#4997,#13336);
#13336 = DEFINITIONAL_REPRESENTATION('',(#13337),#13340);
#13337 = B_SPLINE_CURVE_WITH_KNOTS('',1,(#13338,#13339),.UNSPECIFIED.,
  .F.,.F.,(2,2),(0.,35.288913929208),.PIECEWISE_BEZIER_KNOTS.);
#13338 = CARTESIAN_POINT('',(0.,0.));
#13339 = CARTESIAN_POINT('',(35.000653896056,4.501296829971));
#13340 = ( GEOMETRIC_REPRESENTATION_CONTEXT(2) 
PARAMETRIC_REPRESENTATION_CONTEXT() REPRESENTATION_CONTEXT('2D SPACE',''
  ) );
#13341 = PCURVE('',#5023,#13342);
#13342 = DEFINITIONAL_REPRESENTATION('',(#13343),#13346);
#13343 = B_SPLINE_CURVE_WITH_KNOTS('',1,(#13344,#13345),.UNSPECIFIED.,
  .F.,.F.,(2,2),(0.,35.288913929208),.PIECEWISE_BEZIER_KNOTS.);
#13344 = CARTESIAN_POINT('',(0.,28.1));
#13345 = CARTESIAN_POINT('',(35.000653896056,23.598703170029));
#13346 = ( GEOMETRIC_REPRESENTATION_CONTEXT(2) 
PARAMETRIC_REPRESENTATION_CONTEXT() REPRESENTATION_CONTEXT('2D SPACE',''
  ) );
#13347 = ORIENTED_EDGE('',*,*,#13348,.T.);
#13348 = EDGE_CURVE('',#13328,#13349,#13351,.T.);
#13349 = VERTEX_POINT('',#13350);
#13350 = CARTESIAN_POINT('',(-59.45129682997,-9.548703170029,5.));
#13351 = SURFACE_CURVE('',#13352,(#13356,#13363),.PCURVE_S1.);
#13352 = LINE('',#13353,#13354);
#13353 = CARTESIAN_POINT('',(-85.05,-9.548703170029,5.));
#13354 = VECTOR('',#13355,1.);
#13355 = DIRECTION('',(1.,0.,0.));
#13356 = PCURVE('',#4997,#13357);
#13357 = DEFINITIONAL_REPRESENTATION('',(#13358),#13362);
#13358 = LINE('',#13359,#13360);
#13359 = CARTESIAN_POINT('',(35.000653896056,0.));
#13360 = VECTOR('',#13361,1.);
#13361 = DIRECTION('',(0.,1.));
#13362 = ( GEOMETRIC_REPRESENTATION_CONTEXT(2) 
PARAMETRIC_REPRESENTATION_CONTEXT() REPRESENTATION_CONTEXT('2D SPACE',''
  ) );
#13363 = PCURVE('',#13364,#13369);
#13364 = PLANE('',#13365);
#13365 = AXIS2_PLACEMENT_3D('',#13366,#13367,#13368);
#13366 = CARTESIAN_POINT('',(-70.,4.883455228592E-16,5.));
#13367 = DIRECTION('',(0.,0.,1.));
#13368 = DIRECTION('',(1.,0.,0.));
#13369 = DEFINITIONAL_REPRESENTATION('',(#13370),#13374);
#13370 = LINE('',#13371,#13372);
#13371 = CARTESIAN_POINT('',(-15.05,-9.548703170029));
#13372 = VECTOR('',#13373,1.);
#13373 = DIRECTION('',(1.,0.));
#13374 = ( GEOMETRIC_REPRESENTATION_CONTEXT(2) 
PARAMETRIC_REPRESENTATION_CONTEXT() REPRESENTATION_CONTEXT('2D SPACE',''
  ) );
#13375 = ORIENTED_EDGE('',*,*,#13376,.F.);
#13376 = EDGE_CURVE('',#4983,#13349,#13377,.T.);
#13377 = SURFACE_CURVE('',#13378,(#13382,#13388),.PCURVE_S1.);
#13378 = LINE('',#13379,#13380);
#13379 = CARTESIAN_POINT('',(-54.95,-14.05,39.71));
#13380 = VECTOR('',#13381,1.);
#13381 = DIRECTION('',(-0.127555550137,0.127555550137,-0.983595019944));
#13382 = PCURVE('',#4997,#13383);
#13383 = DEFINITIONAL_REPRESENTATION('',(#13384),#13387);
#13384 = B_SPLINE_CURVE_WITH_KNOTS('',1,(#13385,#13386),.UNSPECIFIED.,
  .F.,.F.,(2,2),(0.,35.288913929208),.PIECEWISE_BEZIER_KNOTS.);
#13385 = CARTESIAN_POINT('',(0.,30.1));
#13386 = CARTESIAN_POINT('',(35.000653896056,25.598703170029));
#13387 = ( GEOMETRIC_REPRESENTATION_CONTEXT(2) 
PARAMETRIC_REPRESENTATION_CONTEXT() REPRESENTATION_CONTEXT('2D SPACE',''
  ) );
#13388 = PCURVE('',#5073,#13389);
#13389 = DEFINITIONAL_REPRESENTATION('',(#13390),#13393);
#13390 = B_SPLINE_CURVE_WITH_KNOTS('',1,(#13391,#13392),.UNSPECIFIED.,
  .F.,.F.,(2,2),(0.,35.288913929208),.PIECEWISE_BEZIER_KNOTS.);
#13391 = CARTESIAN_POINT('',(0.,0.));
#13392 = CARTESIAN_POINT('',(35.000653896056,4.501296829971));
#13393 = ( GEOMETRIC_REPRESENTATION_CONTEXT(2) 
PARAMETRIC_REPRESENTATION_CONTEXT() REPRESENTATION_CONTEXT('2D SPACE',''
  ) );
#13394 = ADVANCED_FACE('',(#13395),#5023,.T.);
#13395 = FACE_BOUND('',#13396,.T.);
#13396 = EDGE_LOOP('',(#13397,#13398,#13419,#13440));
#13397 = ORIENTED_EDGE('',*,*,#5008,.F.);
#13398 = ORIENTED_EDGE('',*,*,#13399,.T.);
#13399 = EDGE_CURVE('',#5009,#13400,#13402,.T.);
#13400 = VERTEX_POINT('',#13401);
#13401 = CARTESIAN_POINT('',(-80.54870317002,9.548703170029,5.));
#13402 = SURFACE_CURVE('',#13403,(#13407,#13413),.PCURVE_S1.);
#13403 = LINE('',#13404,#13405);
#13404 = CARTESIAN_POINT('',(-85.05,14.05,39.71));
#13405 = VECTOR('',#13406,1.);
#13406 = DIRECTION('',(0.127555550137,-0.127555550137,-0.983595019944));
#13407 = PCURVE('',#5023,#13408);
#13408 = DEFINITIONAL_REPRESENTATION('',(#13409),#13412);
#13409 = B_SPLINE_CURVE_WITH_KNOTS('',1,(#13410,#13411),.UNSPECIFIED.,
  .F.,.F.,(2,2),(0.,35.288913929208),.PIECEWISE_BEZIER_KNOTS.);
#13410 = CARTESIAN_POINT('',(0.,0.));
#13411 = CARTESIAN_POINT('',(35.000653896056,4.501296829971));
#13412 = ( GEOMETRIC_REPRESENTATION_CONTEXT(2) 
PARAMETRIC_REPRESENTATION_CONTEXT() REPRESENTATION_CONTEXT('2D SPACE',''
  ) );
#13413 = PCURVE('',#5049,#13414);
#13414 = DEFINITIONAL_REPRESENTATION('',(#13415),#13418);
#13415 = B_SPLINE_CURVE_WITH_KNOTS('',1,(#13416,#13417),.UNSPECIFIED.,
  .F.,.F.,(2,2),(0.,35.288913929208),.PIECEWISE_BEZIER_KNOTS.);
#13416 = CARTESIAN_POINT('',(0.,30.1));
#13417 = CARTESIAN_POINT('',(35.000653896056,25.598703170029));
#13418 = ( GEOMETRIC_REPRESENTATION_CONTEXT(2) 
PARAMETRIC_REPRESENTATION_CONTEXT() REPRESENTATION_CONTEXT('2D SPACE',''
  ) );
#13419 = ORIENTED_EDGE('',*,*,#13420,.T.);
#13420 = EDGE_CURVE('',#13400,#13328,#13421,.T.);
#13421 = SURFACE_CURVE('',#13422,(#13426,#13433),.PCURVE_S1.);
#13422 = LINE('',#13423,#13424);
#13423 = CARTESIAN_POINT('',(-80.54870317002,14.05,5.));
#13424 = VECTOR('',#13425,1.);
#13425 = DIRECTION('',(0.,-1.,0.));
#13426 = PCURVE('',#5023,#13427);
#13427 = DEFINITIONAL_REPRESENTATION('',(#13428),#13432);
#13428 = LINE('',#13429,#13430);
#13429 = CARTESIAN_POINT('',(35.000653896056,0.));
#13430 = VECTOR('',#13431,1.);
#13431 = DIRECTION('',(0.,1.));
#13432 = ( GEOMETRIC_REPRESENTATION_CONTEXT(2) 
PARAMETRIC_REPRESENTATION_CONTEXT() REPRESENTATION_CONTEXT('2D SPACE',''
  ) );
#13433 = PCURVE('',#13364,#13434);
#13434 = DEFINITIONAL_REPRESENTATION('',(#13435),#13439);
#13435 = LINE('',#13436,#13437);
#13436 = CARTESIAN_POINT('',(-10.54870317002,14.05));
#13437 = VECTOR('',#13438,1.);
#13438 = DIRECTION('',(0.,-1.));
#13439 = ( GEOMETRIC_REPRESENTATION_CONTEXT(2) 
PARAMETRIC_REPRESENTATION_CONTEXT() REPRESENTATION_CONTEXT('2D SPACE',''
  ) );
#13440 = ORIENTED_EDGE('',*,*,#13327,.F.);
#13441 = ADVANCED_FACE('',(#13442),#5073,.T.);
#13442 = FACE_BOUND('',#13443,.T.);
#13443 = EDGE_LOOP('',(#13444,#13445,#13446,#13469));
#13444 = ORIENTED_EDGE('',*,*,#5060,.F.);
#13445 = ORIENTED_EDGE('',*,*,#13376,.T.);
#13446 = ORIENTED_EDGE('',*,*,#13447,.T.);
#13447 = EDGE_CURVE('',#13349,#13448,#13450,.T.);
#13448 = VERTEX_POINT('',#13449);
#13449 = CARTESIAN_POINT('',(-59.45129682997,9.548703170029,5.));
#13450 = SURFACE_CURVE('',#13451,(#13455,#13462),.PCURVE_S1.);
#13451 = LINE('',#13452,#13453);
#13452 = CARTESIAN_POINT('',(-59.45129682997,-14.05,5.));
#13453 = VECTOR('',#13454,1.);
#13454 = DIRECTION('',(0.,1.,0.));
#13455 = PCURVE('',#5073,#13456);
#13456 = DEFINITIONAL_REPRESENTATION('',(#13457),#13461);
#13457 = LINE('',#13458,#13459);
#13458 = CARTESIAN_POINT('',(35.000653896056,0.));
#13459 = VECTOR('',#13460,1.);
#13460 = DIRECTION('',(0.,1.));
#13461 = ( GEOMETRIC_REPRESENTATION_CONTEXT(2) 
PARAMETRIC_REPRESENTATION_CONTEXT() REPRESENTATION_CONTEXT('2D SPACE',''
  ) );
#13462 = PCURVE('',#13364,#13463);
#13463 = DEFINITIONAL_REPRESENTATION('',(#13464),#13468);
#13464 = LINE('',#13465,#13466);
#13465 = CARTESIAN_POINT('',(10.548703170029,-14.05));
#13466 = VECTOR('',#13467,1.);
#13467 = DIRECTION('',(0.,1.));
#13468 = ( GEOMETRIC_REPRESENTATION_CONTEXT(2) 
PARAMETRIC_REPRESENTATION_CONTEXT() REPRESENTATION_CONTEXT('2D SPACE',''
  ) );
#13469 = ORIENTED_EDGE('',*,*,#13470,.F.);
#13470 = EDGE_CURVE('',#5035,#13448,#13471,.T.);
#13471 = SURFACE_CURVE('',#13472,(#13476,#13482),.PCURVE_S1.);
#13472 = LINE('',#13473,#13474);
#13473 = CARTESIAN_POINT('',(-54.95,14.05,39.71));
#13474 = VECTOR('',#13475,1.);
#13475 = DIRECTION('',(-0.127555550137,-0.127555550137,-0.983595019944)
  );
#13476 = PCURVE('',#5073,#13477);
#13477 = DEFINITIONAL_REPRESENTATION('',(#13478),#13481);
#13478 = B_SPLINE_CURVE_WITH_KNOTS('',1,(#13479,#13480),.UNSPECIFIED.,
  .F.,.F.,(2,2),(-0.,35.288913929208),.PIECEWISE_BEZIER_KNOTS.);
#13479 = CARTESIAN_POINT('',(0.,28.1));
#13480 = CARTESIAN_POINT('',(35.000653896056,23.598703170029));
#13481 = ( GEOMETRIC_REPRESENTATION_CONTEXT(2) 
PARAMETRIC_REPRESENTATION_CONTEXT() REPRESENTATION_CONTEXT('2D SPACE',''
  ) );
#13482 = PCURVE('',#5049,#13483);
#13483 = DEFINITIONAL_REPRESENTATION('',(#13484),#13487);
#13484 = B_SPLINE_CURVE_WITH_KNOTS('',1,(#13485,#13486),.UNSPECIFIED.,
  .F.,.F.,(2,2),(-0.,35.288913929208),.PIECEWISE_BEZIER_KNOTS.);
#13485 = CARTESIAN_POINT('',(0.,0.));
#13486 = CARTESIAN_POINT('',(35.000653896056,4.501296829971));
#13487 = ( GEOMETRIC_REPRESENTATION_CONTEXT(2) 
PARAMETRIC_REPRESENTATION_CONTEXT() REPRESENTATION_CONTEXT('2D SPACE',''
  ) );
#13488 = ADVANCED_FACE('',(#13489),#5049,.T.);
#13489 = FACE_BOUND('',#13490,.T.);
#13490 = EDGE_LOOP('',(#13491,#13492,#13493,#13494));
#13491 = ORIENTED_EDGE('',*,*,#13399,.F.);
#13492 = ORIENTED_EDGE('',*,*,#5034,.F.);
#13493 = ORIENTED_EDGE('',*,*,#13470,.T.);
#13494 = ORIENTED_EDGE('',*,*,#13495,.T.);
#13495 = EDGE_CURVE('',#13448,#13400,#13496,.T.);
#13496 = SURFACE_CURVE('',#13497,(#13501,#13508),.PCURVE_S1.);
#13497 = LINE('',#13498,#13499);
#13498 = CARTESIAN_POINT('',(-54.95,9.548703170029,5.));
#13499 = VECTOR('',#13500,1.);
#13500 = DIRECTION('',(-1.,0.,0.));
#13501 = PCURVE('',#5049,#13502);
#13502 = DEFINITIONAL_REPRESENTATION('',(#13503),#13507);
#13503 = LINE('',#13504,#13505);
#13504 = CARTESIAN_POINT('',(35.000653896056,0.));
#13505 = VECTOR('',#13506,1.);
#13506 = DIRECTION('',(-0.,1.));
#13507 = ( GEOMETRIC_REPRESENTATION_CONTEXT(2) 
PARAMETRIC_REPRESENTATION_CONTEXT() REPRESENTATION_CONTEXT('2D SPACE',''
  ) );
#13508 = PCURVE('',#13364,#13509);
#13509 = DEFINITIONAL_REPRESENTATION('',(#13510),#13514);
#13510 = LINE('',#13511,#13512);
#13511 = CARTESIAN_POINT('',(15.05,9.548703170029));
#13512 = VECTOR('',#13513,1.);
#13513 = DIRECTION('',(-1.,0.));
#13514 = ( GEOMETRIC_REPRESENTATION_CONTEXT(2) 
PARAMETRIC_REPRESENTATION_CONTEXT() REPRESENTATION_CONTEXT('2D SPACE',''
  ) );
#13515 = ADVANCED_FACE('',(#13516),#5103,.T.);
#13516 = FACE_BOUND('',#13517,.T.);
#13517 = EDGE_LOOP('',(#13518,#13519,#13540,#13568));
#13518 = ORIENTED_EDGE('',*,*,#5086,.F.);
#13519 = ORIENTED_EDGE('',*,*,#13520,.T.);
#13520 = EDGE_CURVE('',#5087,#13521,#13523,.T.);
#13521 = VERTEX_POINT('',#13522);
#13522 = CARTESIAN_POINT('',(-80.54870317002,23.451296829971,5.));
#13523 = SURFACE_CURVE('',#13524,(#13528,#13534),.PCURVE_S1.);
#13524 = LINE('',#13525,#13526);
#13525 = CARTESIAN_POINT('',(-85.05,18.95,39.71));
#13526 = VECTOR('',#13527,1.);
#13527 = DIRECTION('',(0.127555550137,0.127555550137,-0.983595019944));
#13528 = PCURVE('',#5103,#13529);
#13529 = DEFINITIONAL_REPRESENTATION('',(#13530),#13533);
#13530 = B_SPLINE_CURVE_WITH_KNOTS('',1,(#13531,#13532),.UNSPECIFIED.,
  .F.,.F.,(2,2),(0.,35.288913929208),.PIECEWISE_BEZIER_KNOTS.);
#13531 = CARTESIAN_POINT('',(0.,0.));
#13532 = CARTESIAN_POINT('',(35.000653896056,4.501296829971));
#13533 = ( GEOMETRIC_REPRESENTATION_CONTEXT(2) 
PARAMETRIC_REPRESENTATION_CONTEXT() REPRESENTATION_CONTEXT('2D SPACE',''
  ) );
#13534 = PCURVE('',#5129,#13535);
#13535 = DEFINITIONAL_REPRESENTATION('',(#13536),#13539);
#13536 = B_SPLINE_CURVE_WITH_KNOTS('',1,(#13537,#13538),.UNSPECIFIED.,
  .F.,.F.,(2,2),(0.,35.288913929208),.PIECEWISE_BEZIER_KNOTS.);
#13537 = CARTESIAN_POINT('',(0.,28.1));
#13538 = CARTESIAN_POINT('',(35.000653896056,23.598703170029));
#13539 = ( GEOMETRIC_REPRESENTATION_CONTEXT(2) 
PARAMETRIC_REPRESENTATION_CONTEXT() REPRESENTATION_CONTEXT('2D SPACE',''
  ) );
#13540 = ORIENTED_EDGE('',*,*,#13541,.T.);
#13541 = EDGE_CURVE('',#13521,#13542,#13544,.T.);
#13542 = VERTEX_POINT('',#13543);
#13543 = CARTESIAN_POINT('',(-59.45129682997,23.451296829971,5.));
#13544 = SURFACE_CURVE('',#13545,(#13549,#13556),.PCURVE_S1.);
#13545 = LINE('',#13546,#13547);
#13546 = CARTESIAN_POINT('',(-85.05,23.451296829971,5.));
#13547 = VECTOR('',#13548,1.);
#13548 = DIRECTION('',(1.,0.,0.));
#13549 = PCURVE('',#5103,#13550);
#13550 = DEFINITIONAL_REPRESENTATION('',(#13551),#13555);
#13551 = LINE('',#13552,#13553);
#13552 = CARTESIAN_POINT('',(35.000653896056,0.));
#13553 = VECTOR('',#13554,1.);
#13554 = DIRECTION('',(0.,1.));
#13555 = ( GEOMETRIC_REPRESENTATION_CONTEXT(2) 
PARAMETRIC_REPRESENTATION_CONTEXT() REPRESENTATION_CONTEXT('2D SPACE',''
  ) );
#13556 = PCURVE('',#13557,#13562);
#13557 = PLANE('',#13558);
#13558 = AXIS2_PLACEMENT_3D('',#13559,#13560,#13561);
#13559 = CARTESIAN_POINT('',(-70.,33.,5.));
#13560 = DIRECTION('',(0.,0.,1.));
#13561 = DIRECTION('',(1.,0.,0.));
#13562 = DEFINITIONAL_REPRESENTATION('',(#13563),#13567);
#13563 = LINE('',#13564,#13565);
#13564 = CARTESIAN_POINT('',(-15.05,-9.548703170029));
#13565 = VECTOR('',#13566,1.);
#13566 = DIRECTION('',(1.,0.));
#13567 = ( GEOMETRIC_REPRESENTATION_CONTEXT(2) 
PARAMETRIC_REPRESENTATION_CONTEXT() REPRESENTATION_CONTEXT('2D SPACE',''
  ) );
#13568 = ORIENTED_EDGE('',*,*,#13569,.F.);
#13569 = EDGE_CURVE('',#5089,#13542,#13570,.T.);
#13570 = SURFACE_CURVE('',#13571,(#13575,#13581),.PCURVE_S1.);
#13571 = LINE('',#13572,#13573);
#13572 = CARTESIAN_POINT('',(-54.95,18.95,39.71));
#13573 = VECTOR('',#13574,1.);
#13574 = DIRECTION('',(-0.127555550137,0.127555550137,-0.983595019944));
#13575 = PCURVE('',#5103,#13576);
#13576 = DEFINITIONAL_REPRESENTATION('',(#13577),#13580);
#13577 = B_SPLINE_CURVE_WITH_KNOTS('',1,(#13578,#13579),.UNSPECIFIED.,
  .F.,.F.,(2,2),(0.,35.288913929208),.PIECEWISE_BEZIER_KNOTS.);
#13578 = CARTESIAN_POINT('',(0.,30.1));
#13579 = CARTESIAN_POINT('',(35.000653896056,25.598703170029));
#13580 = ( GEOMETRIC_REPRESENTATION_CONTEXT(2) 
PARAMETRIC_REPRESENTATION_CONTEXT() REPRESENTATION_CONTEXT('2D SPACE',''
  ) );
#13581 = PCURVE('',#5179,#13582);
#13582 = DEFINITIONAL_REPRESENTATION('',(#13583),#13586);
#13583 = B_SPLINE_CURVE_WITH_KNOTS('',1,(#13584,#13585),.UNSPECIFIED.,
  .F.,.F.,(2,2),(0.,35.288913929208),.PIECEWISE_BEZIER_KNOTS.);
#13584 = CARTESIAN_POINT('',(0.,0.));
#13585 = CARTESIAN_POINT('',(35.000653896056,4.501296829971));
#13586 = ( GEOMETRIC_REPRESENTATION_CONTEXT(2) 
PARAMETRIC_REPRESENTATION_CONTEXT() REPRESENTATION_CONTEXT('2D SPACE',''
  ) );
#13587 = ADVANCED_FACE('',(#13588),#5129,.T.);
#13588 = FACE_BOUND('',#13589,.T.);
#13589 = EDGE_LOOP('',(#13590,#13591,#13612,#13633));
#13590 = ORIENTED_EDGE('',*,*,#5114,.F.);
#13591 = ORIENTED_EDGE('',*,*,#13592,.T.);
#13592 = EDGE_CURVE('',#5115,#13593,#13595,.T.);
#13593 = VERTEX_POINT('',#13594);
#13594 = CARTESIAN_POINT('',(-80.54870317002,42.548703170029,5.));
#13595 = SURFACE_CURVE('',#13596,(#13600,#13606),.PCURVE_S1.);
#13596 = LINE('',#13597,#13598);
#13597 = CARTESIAN_POINT('',(-85.05,47.05,39.71));
#13598 = VECTOR('',#13599,1.);
#13599 = DIRECTION('',(0.127555550137,-0.127555550137,-0.983595019944));
#13600 = PCURVE('',#5129,#13601);
#13601 = DEFINITIONAL_REPRESENTATION('',(#13602),#13605);
#13602 = B_SPLINE_CURVE_WITH_KNOTS('',1,(#13603,#13604),.UNSPECIFIED.,
  .F.,.F.,(2,2),(0.,35.288913929208),.PIECEWISE_BEZIER_KNOTS.);
#13603 = CARTESIAN_POINT('',(0.,0.));
#13604 = CARTESIAN_POINT('',(35.000653896056,4.501296829971));
#13605 = ( GEOMETRIC_REPRESENTATION_CONTEXT(2) 
PARAMETRIC_REPRESENTATION_CONTEXT() REPRESENTATION_CONTEXT('2D SPACE',''
  ) );
#13606 = PCURVE('',#5155,#13607);
#13607 = DEFINITIONAL_REPRESENTATION('',(#13608),#13611);
#13608 = B_SPLINE_CURVE_WITH_KNOTS('',1,(#13609,#13610),.UNSPECIFIED.,
  .F.,.F.,(2,2),(0.,35.288913929208),.PIECEWISE_BEZIER_KNOTS.);
#13609 = CARTESIAN_POINT('',(0.,30.1));
#13610 = CARTESIAN_POINT('',(35.000653896056,25.598703170029));
#13611 = ( GEOMETRIC_REPRESENTATION_CONTEXT(2) 
PARAMETRIC_REPRESENTATION_CONTEXT() REPRESENTATION_CONTEXT('2D SPACE',''
  ) );
#13612 = ORIENTED_EDGE('',*,*,#13613,.T.);
#13613 = EDGE_CURVE('',#13593,#13521,#13614,.T.);
#13614 = SURFACE_CURVE('',#13615,(#13619,#13626),.PCURVE_S1.);
#13615 = LINE('',#13616,#13617);
#13616 = CARTESIAN_POINT('',(-80.54870317002,47.05,5.));
#13617 = VECTOR('',#13618,1.);
#13618 = DIRECTION('',(0.,-1.,0.));
#13619 = PCURVE('',#5129,#13620);
#13620 = DEFINITIONAL_REPRESENTATION('',(#13621),#13625);
#13621 = LINE('',#13622,#13623);
#13622 = CARTESIAN_POINT('',(35.000653896056,0.));
#13623 = VECTOR('',#13624,1.);
#13624 = DIRECTION('',(0.,1.));
#13625 = ( GEOMETRIC_REPRESENTATION_CONTEXT(2) 
PARAMETRIC_REPRESENTATION_CONTEXT() REPRESENTATION_CONTEXT('2D SPACE',''
  ) );
#13626 = PCURVE('',#13557,#13627);
#13627 = DEFINITIONAL_REPRESENTATION('',(#13628),#13632);
#13628 = LINE('',#13629,#13630);
#13629 = CARTESIAN_POINT('',(-10.54870317002,14.05));
#13630 = VECTOR('',#13631,1.);
#13631 = DIRECTION('',(0.,-1.));
#13632 = ( GEOMETRIC_REPRESENTATION_CONTEXT(2) 
PARAMETRIC_REPRESENTATION_CONTEXT() REPRESENTATION_CONTEXT('2D SPACE',''
  ) );
#13633 = ORIENTED_EDGE('',*,*,#13520,.F.);
#13634 = ADVANCED_FACE('',(#13635),#5179,.T.);
#13635 = FACE_BOUND('',#13636,.T.);
#13636 = EDGE_LOOP('',(#13637,#13638,#13639,#13662));
#13637 = ORIENTED_EDGE('',*,*,#5166,.F.);
#13638 = ORIENTED_EDGE('',*,*,#13569,.T.);
#13639 = ORIENTED_EDGE('',*,*,#13640,.T.);
#13640 = EDGE_CURVE('',#13542,#13641,#13643,.T.);
#13641 = VERTEX_POINT('',#13642);
#13642 = CARTESIAN_POINT('',(-59.45129682997,42.548703170029,5.));
#13643 = SURFACE_CURVE('',#13644,(#13648,#13655),.PCURVE_S1.);
#13644 = LINE('',#13645,#13646);
#13645 = CARTESIAN_POINT('',(-59.45129682997,18.95,5.));
#13646 = VECTOR('',#13647,1.);
#13647 = DIRECTION('',(0.,1.,0.));
#13648 = PCURVE('',#5179,#13649);
#13649 = DEFINITIONAL_REPRESENTATION('',(#13650),#13654);
#13650 = LINE('',#13651,#13652);
#13651 = CARTESIAN_POINT('',(35.000653896056,0.));
#13652 = VECTOR('',#13653,1.);
#13653 = DIRECTION('',(0.,1.));
#13654 = ( GEOMETRIC_REPRESENTATION_CONTEXT(2) 
PARAMETRIC_REPRESENTATION_CONTEXT() REPRESENTATION_CONTEXT('2D SPACE',''
  ) );
#13655 = PCURVE('',#13557,#13656);
#13656 = DEFINITIONAL_REPRESENTATION('',(#13657),#13661);
#13657 = LINE('',#13658,#13659);
#13658 = CARTESIAN_POINT('',(10.548703170029,-14.05));
#13659 = VECTOR('',#13660,1.);
#13660 = DIRECTION('',(0.,1.));
#13661 = ( GEOMETRIC_REPRESENTATION_CONTEXT(2) 
PARAMETRIC_REPRESENTATION_CONTEXT() REPRESENTATION_CONTEXT('2D SPACE',''
  ) );
#13662 = ORIENTED_EDGE('',*,*,#13663,.F.);
#13663 = EDGE_CURVE('',#5141,#13641,#13664,.T.);
#13664 = SURFACE_CURVE('',#13665,(#13669,#13675),.PCURVE_S1.);
#13665 = LINE('',#13666,#13667);
#13666 = CARTESIAN_POINT('',(-54.95,47.05,39.71));
#13667 = VECTOR('',#13668,1.);
#13668 = DIRECTION('',(-0.127555550137,-0.127555550137,-0.983595019944)
  );
#13669 = PCURVE('',#5179,#13670);
#13670 = DEFINITIONAL_REPRESENTATION('',(#13671),#13674);
#13671 = B_SPLINE_CURVE_WITH_KNOTS('',1,(#13672,#13673),.UNSPECIFIED.,
  .F.,.F.,(2,2),(-0.,35.288913929208),.PIECEWISE_BEZIER_KNOTS.);
#13672 = CARTESIAN_POINT('',(0.,28.1));
#13673 = CARTESIAN_POINT('',(35.000653896056,23.598703170029));
#13674 = ( GEOMETRIC_REPRESENTATION_CONTEXT(2) 
PARAMETRIC_REPRESENTATION_CONTEXT() REPRESENTATION_CONTEXT('2D SPACE',''
  ) );
#13675 = PCURVE('',#5155,#13676);
#13676 = DEFINITIONAL_REPRESENTATION('',(#13677),#13680);
#13677 = B_SPLINE_CURVE_WITH_KNOTS('',1,(#13678,#13679),.UNSPECIFIED.,
  .F.,.F.,(2,2),(-0.,35.288913929208),.PIECEWISE_BEZIER_KNOTS.);
#13678 = CARTESIAN_POINT('',(0.,0.));
#13679 = CARTESIAN_POINT('',(35.000653896056,4.501296829971));
#13680 = ( GEOMETRIC_REPRESENTATION_CONTEXT(2) 
PARAMETRIC_REPRESENTATION_CONTEXT() REPRESENTATION_CONTEXT('2D SPACE',''
  ) );
#13681 = ADVANCED_FACE('',(#13682),#5155,.T.);
#13682 = FACE_BOUND('',#13683,.T.);
#13683 = EDGE_LOOP('',(#13684,#13685,#13686,#13687));
#13684 = ORIENTED_EDGE('',*,*,#13592,.F.);
#13685 = ORIENTED_EDGE('',*,*,#5140,.F.);
#13686 = ORIENTED_EDGE('',*,*,#13663,.T.);
#13687 = ORIENTED_EDGE('',*,*,#13688,.T.);
#13688 = EDGE_CURVE('',#13641,#13593,#13689,.T.);
#13689 = SURFACE_CURVE('',#13690,(#13694,#13701),.PCURVE_S1.);
#13690 = LINE('',#13691,#13692);
#13691 = CARTESIAN_POINT('',(-54.95,42.548703170029,5.));
#13692 = VECTOR('',#13693,1.);
#13693 = DIRECTION('',(-1.,0.,0.));
#13694 = PCURVE('',#5155,#13695);
#13695 = DEFINITIONAL_REPRESENTATION('',(#13696),#13700);
#13696 = LINE('',#13697,#13698);
#13697 = CARTESIAN_POINT('',(35.000653896056,0.));
#13698 = VECTOR('',#13699,1.);
#13699 = DIRECTION('',(-0.,1.));
#13700 = ( GEOMETRIC_REPRESENTATION_CONTEXT(2) 
PARAMETRIC_REPRESENTATION_CONTEXT() REPRESENTATION_CONTEXT('2D SPACE',''
  ) );
#13701 = PCURVE('',#13557,#13702);
#13702 = DEFINITIONAL_REPRESENTATION('',(#13703),#13707);
#13703 = LINE('',#13704,#13705);
#13704 = CARTESIAN_POINT('',(15.05,9.548703170029));
#13705 = VECTOR('',#13706,1.);
#13706 = DIRECTION('',(-1.,0.));
#13707 = ( GEOMETRIC_REPRESENTATION_CONTEXT(2) 
PARAMETRIC_REPRESENTATION_CONTEXT() REPRESENTATION_CONTEXT('2D SPACE',''
  ) );
#13708 = ADVANCED_FACE('',(#13709),#5209,.T.);
#13709 = FACE_BOUND('',#13710,.T.);
#13710 = EDGE_LOOP('',(#13711,#13712,#13733,#13761));
#13711 = ORIENTED_EDGE('',*,*,#5192,.F.);
#13712 = ORIENTED_EDGE('',*,*,#13713,.T.);
#13713 = EDGE_CURVE('',#5193,#13714,#13716,.T.);
#13714 = VERTEX_POINT('',#13715);
#13715 = CARTESIAN_POINT('',(-45.54870317002,-9.548703170029,5.));
#13716 = SURFACE_CURVE('',#13717,(#13721,#13727),.PCURVE_S1.);
#13717 = LINE('',#13718,#13719);
#13718 = CARTESIAN_POINT('',(-50.05,-14.05,39.71));
#13719 = VECTOR('',#13720,1.);
#13720 = DIRECTION('',(0.127555550137,0.127555550137,-0.983595019944));
#13721 = PCURVE('',#5209,#13722);
#13722 = DEFINITIONAL_REPRESENTATION('',(#13723),#13726);
#13723 = B_SPLINE_CURVE_WITH_KNOTS('',1,(#13724,#13725),.UNSPECIFIED.,
  .F.,.F.,(2,2),(0.,35.288913929208),.PIECEWISE_BEZIER_KNOTS.);
#13724 = CARTESIAN_POINT('',(0.,0.));
#13725 = CARTESIAN_POINT('',(35.000653896056,4.501296829971));
#13726 = ( GEOMETRIC_REPRESENTATION_CONTEXT(2) 
PARAMETRIC_REPRESENTATION_CONTEXT() REPRESENTATION_CONTEXT('2D SPACE',''
  ) );
#13727 = PCURVE('',#5235,#13728);
#13728 = DEFINITIONAL_REPRESENTATION('',(#13729),#13732);
#13729 = B_SPLINE_CURVE_WITH_KNOTS('',1,(#13730,#13731),.UNSPECIFIED.,
  .F.,.F.,(2,2),(0.,35.288913929208),.PIECEWISE_BEZIER_KNOTS.);
#13730 = CARTESIAN_POINT('',(0.,28.1));
#13731 = CARTESIAN_POINT('',(35.000653896056,23.598703170029));
#13732 = ( GEOMETRIC_REPRESENTATION_CONTEXT(2) 
PARAMETRIC_REPRESENTATION_CONTEXT() REPRESENTATION_CONTEXT('2D SPACE',''
  ) );
#13733 = ORIENTED_EDGE('',*,*,#13734,.T.);
#13734 = EDGE_CURVE('',#13714,#13735,#13737,.T.);
#13735 = VERTEX_POINT('',#13736);
#13736 = CARTESIAN_POINT('',(-24.45129682997,-9.548703170029,5.));
#13737 = SURFACE_CURVE('',#13738,(#13742,#13749),.PCURVE_S1.);
#13738 = LINE('',#13739,#13740);
#13739 = CARTESIAN_POINT('',(-50.05,-9.548703170029,5.));
#13740 = VECTOR('',#13741,1.);
#13741 = DIRECTION('',(1.,0.,0.));
#13742 = PCURVE('',#5209,#13743);
#13743 = DEFINITIONAL_REPRESENTATION('',(#13744),#13748);
#13744 = LINE('',#13745,#13746);
#13745 = CARTESIAN_POINT('',(35.000653896056,0.));
#13746 = VECTOR('',#13747,1.);
#13747 = DIRECTION('',(0.,1.));
#13748 = ( GEOMETRIC_REPRESENTATION_CONTEXT(2) 
PARAMETRIC_REPRESENTATION_CONTEXT() REPRESENTATION_CONTEXT('2D SPACE',''
  ) );
#13749 = PCURVE('',#13750,#13755);
#13750 = PLANE('',#13751);
#13751 = AXIS2_PLACEMENT_3D('',#13752,#13753,#13754);
#13752 = CARTESIAN_POINT('',(-35.,0.,5.));
#13753 = DIRECTION('',(0.,0.,1.));
#13754 = DIRECTION('',(1.,0.,0.));
#13755 = DEFINITIONAL_REPRESENTATION('',(#13756),#13760);
#13756 = LINE('',#13757,#13758);
#13757 = CARTESIAN_POINT('',(-15.05,-9.548703170029));
#13758 = VECTOR('',#13759,1.);
#13759 = DIRECTION('',(1.,0.));
#13760 = ( GEOMETRIC_REPRESENTATION_CONTEXT(2) 
PARAMETRIC_REPRESENTATION_CONTEXT() REPRESENTATION_CONTEXT('2D SPACE',''
  ) );
#13761 = ORIENTED_EDGE('',*,*,#13762,.F.);
#13762 = EDGE_CURVE('',#5195,#13735,#13763,.T.);
#13763 = SURFACE_CURVE('',#13764,(#13768,#13774),.PCURVE_S1.);
#13764 = LINE('',#13765,#13766);
#13765 = CARTESIAN_POINT('',(-19.95,-14.05,39.71));
#13766 = VECTOR('',#13767,1.);
#13767 = DIRECTION('',(-0.127555550137,0.127555550137,-0.983595019944));
#13768 = PCURVE('',#5209,#13769);
#13769 = DEFINITIONAL_REPRESENTATION('',(#13770),#13773);
#13770 = B_SPLINE_CURVE_WITH_KNOTS('',1,(#13771,#13772),.UNSPECIFIED.,
  .F.,.F.,(2,2),(0.,35.288913929208),.PIECEWISE_BEZIER_KNOTS.);
#13771 = CARTESIAN_POINT('',(0.,30.1));
#13772 = CARTESIAN_POINT('',(35.000653896056,25.598703170029));
#13773 = ( GEOMETRIC_REPRESENTATION_CONTEXT(2) 
PARAMETRIC_REPRESENTATION_CONTEXT() REPRESENTATION_CONTEXT('2D SPACE',''
  ) );
#13774 = PCURVE('',#5285,#13775);
#13775 = DEFINITIONAL_REPRESENTATION('',(#13776),#13779);
#13776 = B_SPLINE_CURVE_WITH_KNOTS('',1,(#13777,#13778),.UNSPECIFIED.,
  .F.,.F.,(2,2),(0.,35.288913929208),.PIECEWISE_BEZIER_KNOTS.);
#13777 = CARTESIAN_POINT('',(0.,0.));
#13778 = CARTESIAN_POINT('',(35.000653896056,4.501296829971));
#13779 = ( GEOMETRIC_REPRESENTATION_CONTEXT(2) 
PARAMETRIC_REPRESENTATION_CONTEXT() REPRESENTATION_CONTEXT('2D SPACE',''
  ) );
#13780 = ADVANCED_FACE('',(#13781),#5235,.T.);
#13781 = FACE_BOUND('',#13782,.T.);
#13782 = EDGE_LOOP('',(#13783,#13784,#13805,#13826));
#13783 = ORIENTED_EDGE('',*,*,#5220,.F.);
#13784 = ORIENTED_EDGE('',*,*,#13785,.T.);
#13785 = EDGE_CURVE('',#5221,#13786,#13788,.T.);
#13786 = VERTEX_POINT('',#13787);
#13787 = CARTESIAN_POINT('',(-45.54870317002,9.548703170029,5.));
#13788 = SURFACE_CURVE('',#13789,(#13793,#13799),.PCURVE_S1.);
#13789 = LINE('',#13790,#13791);
#13790 = CARTESIAN_POINT('',(-50.05,14.05,39.71));
#13791 = VECTOR('',#13792,1.);
#13792 = DIRECTION('',(0.127555550137,-0.127555550137,-0.983595019944));
#13793 = PCURVE('',#5235,#13794);
#13794 = DEFINITIONAL_REPRESENTATION('',(#13795),#13798);
#13795 = B_SPLINE_CURVE_WITH_KNOTS('',1,(#13796,#13797),.UNSPECIFIED.,
  .F.,.F.,(2,2),(0.,35.288913929208),.PIECEWISE_BEZIER_KNOTS.);
#13796 = CARTESIAN_POINT('',(0.,0.));
#13797 = CARTESIAN_POINT('',(35.000653896056,4.501296829971));
#13798 = ( GEOMETRIC_REPRESENTATION_CONTEXT(2) 
PARAMETRIC_REPRESENTATION_CONTEXT() REPRESENTATION_CONTEXT('2D SPACE',''
  ) );
#13799 = PCURVE('',#5261,#13800);
#13800 = DEFINITIONAL_REPRESENTATION('',(#13801),#13804);
#13801 = B_SPLINE_CURVE_WITH_KNOTS('',1,(#13802,#13803),.UNSPECIFIED.,
  .F.,.F.,(2,2),(0.,35.288913929208),.PIECEWISE_BEZIER_KNOTS.);
#13802 = CARTESIAN_POINT('',(0.,30.1));
#13803 = CARTESIAN_POINT('',(35.000653896056,25.598703170029));
#13804 = ( GEOMETRIC_REPRESENTATION_CONTEXT(2) 
PARAMETRIC_REPRESENTATION_CONTEXT() REPRESENTATION_CONTEXT('2D SPACE',''
  ) );
#13805 = ORIENTED_EDGE('',*,*,#13806,.T.);
#13806 = EDGE_CURVE('',#13786,#13714,#13807,.T.);
#13807 = SURFACE_CURVE('',#13808,(#13812,#13819),.PCURVE_S1.);
#13808 = LINE('',#13809,#13810);
#13809 = CARTESIAN_POINT('',(-45.54870317002,14.05,5.));
#13810 = VECTOR('',#13811,1.);
#13811 = DIRECTION('',(0.,-1.,0.));
#13812 = PCURVE('',#5235,#13813);
#13813 = DEFINITIONAL_REPRESENTATION('',(#13814),#13818);
#13814 = LINE('',#13815,#13816);
#13815 = CARTESIAN_POINT('',(35.000653896056,0.));
#13816 = VECTOR('',#13817,1.);
#13817 = DIRECTION('',(0.,1.));
#13818 = ( GEOMETRIC_REPRESENTATION_CONTEXT(2) 
PARAMETRIC_REPRESENTATION_CONTEXT() REPRESENTATION_CONTEXT('2D SPACE',''
  ) );
#13819 = PCURVE('',#13750,#13820);
#13820 = DEFINITIONAL_REPRESENTATION('',(#13821),#13825);
#13821 = LINE('',#13822,#13823);
#13822 = CARTESIAN_POINT('',(-10.54870317002,14.05));
#13823 = VECTOR('',#13824,1.);
#13824 = DIRECTION('',(0.,-1.));
#13825 = ( GEOMETRIC_REPRESENTATION_CONTEXT(2) 
PARAMETRIC_REPRESENTATION_CONTEXT() REPRESENTATION_CONTEXT('2D SPACE',''
  ) );
#13826 = ORIENTED_EDGE('',*,*,#13713,.F.);
#13827 = ADVANCED_FACE('',(#13828),#5285,.T.);
#13828 = FACE_BOUND('',#13829,.T.);
#13829 = EDGE_LOOP('',(#13830,#13831,#13832,#13855));
#13830 = ORIENTED_EDGE('',*,*,#5272,.F.);
#13831 = ORIENTED_EDGE('',*,*,#13762,.T.);
#13832 = ORIENTED_EDGE('',*,*,#13833,.T.);
#13833 = EDGE_CURVE('',#13735,#13834,#13836,.T.);
#13834 = VERTEX_POINT('',#13835);
#13835 = CARTESIAN_POINT('',(-24.45129682997,9.548703170029,5.));
#13836 = SURFACE_CURVE('',#13837,(#13841,#13848),.PCURVE_S1.);
#13837 = LINE('',#13838,#13839);
#13838 = CARTESIAN_POINT('',(-24.45129682997,-14.05,5.));
#13839 = VECTOR('',#13840,1.);
#13840 = DIRECTION('',(0.,1.,0.));
#13841 = PCURVE('',#5285,#13842);
#13842 = DEFINITIONAL_REPRESENTATION('',(#13843),#13847);
#13843 = LINE('',#13844,#13845);
#13844 = CARTESIAN_POINT('',(35.000653896056,0.));
#13845 = VECTOR('',#13846,1.);
#13846 = DIRECTION('',(0.,1.));
#13847 = ( GEOMETRIC_REPRESENTATION_CONTEXT(2) 
PARAMETRIC_REPRESENTATION_CONTEXT() REPRESENTATION_CONTEXT('2D SPACE',''
  ) );
#13848 = PCURVE('',#13750,#13849);
#13849 = DEFINITIONAL_REPRESENTATION('',(#13850),#13854);
#13850 = LINE('',#13851,#13852);
#13851 = CARTESIAN_POINT('',(10.548703170029,-14.05));
#13852 = VECTOR('',#13853,1.);
#13853 = DIRECTION('',(0.,1.));
#13854 = ( GEOMETRIC_REPRESENTATION_CONTEXT(2) 
PARAMETRIC_REPRESENTATION_CONTEXT() REPRESENTATION_CONTEXT('2D SPACE',''
  ) );
#13855 = ORIENTED_EDGE('',*,*,#13856,.F.);
#13856 = EDGE_CURVE('',#5247,#13834,#13857,.T.);
#13857 = SURFACE_CURVE('',#13858,(#13862,#13868),.PCURVE_S1.);
#13858 = LINE('',#13859,#13860);
#13859 = CARTESIAN_POINT('',(-19.95,14.05,39.71));
#13860 = VECTOR('',#13861,1.);
#13861 = DIRECTION('',(-0.127555550137,-0.127555550137,-0.983595019944)
  );
#13862 = PCURVE('',#5285,#13863);
#13863 = DEFINITIONAL_REPRESENTATION('',(#13864),#13867);
#13864 = B_SPLINE_CURVE_WITH_KNOTS('',1,(#13865,#13866),.UNSPECIFIED.,
  .F.,.F.,(2,2),(-0.,35.288913929208),.PIECEWISE_BEZIER_KNOTS.);
#13865 = CARTESIAN_POINT('',(0.,28.1));
#13866 = CARTESIAN_POINT('',(35.000653896056,23.598703170029));
#13867 = ( GEOMETRIC_REPRESENTATION_CONTEXT(2) 
PARAMETRIC_REPRESENTATION_CONTEXT() REPRESENTATION_CONTEXT('2D SPACE',''
  ) );
#13868 = PCURVE('',#5261,#13869);
#13869 = DEFINITIONAL_REPRESENTATION('',(#13870),#13873);
#13870 = B_SPLINE_CURVE_WITH_KNOTS('',1,(#13871,#13872),.UNSPECIFIED.,
  .F.,.F.,(2,2),(-0.,35.288913929208),.PIECEWISE_BEZIER_KNOTS.);
#13871 = CARTESIAN_POINT('',(0.,0.));
#13872 = CARTESIAN_POINT('',(35.000653896056,4.501296829971));
#13873 = ( GEOMETRIC_REPRESENTATION_CONTEXT(2) 
PARAMETRIC_REPRESENTATION_CONTEXT() REPRESENTATION_CONTEXT('2D SPACE',''
  ) );
#13874 = ADVANCED_FACE('',(#13875),#5261,.T.);
#13875 = FACE_BOUND('',#13876,.T.);
#13876 = EDGE_LOOP('',(#13877,#13878,#13879,#13880));
#13877 = ORIENTED_EDGE('',*,*,#13785,.F.);
#13878 = ORIENTED_EDGE('',*,*,#5246,.F.);
#13879 = ORIENTED_EDGE('',*,*,#13856,.T.);
#13880 = ORIENTED_EDGE('',*,*,#13881,.T.);
#13881 = EDGE_CURVE('',#13834,#13786,#13882,.T.);
#13882 = SURFACE_CURVE('',#13883,(#13887,#13894),.PCURVE_S1.);
#13883 = LINE('',#13884,#13885);
#13884 = CARTESIAN_POINT('',(-19.95,9.548703170029,5.));
#13885 = VECTOR('',#13886,1.);
#13886 = DIRECTION('',(-1.,0.,0.));
#13887 = PCURVE('',#5261,#13888);
#13888 = DEFINITIONAL_REPRESENTATION('',(#13889),#13893);
#13889 = LINE('',#13890,#13891);
#13890 = CARTESIAN_POINT('',(35.000653896056,0.));
#13891 = VECTOR('',#13892,1.);
#13892 = DIRECTION('',(-0.,1.));
#13893 = ( GEOMETRIC_REPRESENTATION_CONTEXT(2) 
PARAMETRIC_REPRESENTATION_CONTEXT() REPRESENTATION_CONTEXT('2D SPACE',''
  ) );
#13894 = PCURVE('',#13750,#13895);
#13895 = DEFINITIONAL_REPRESENTATION('',(#13896),#13900);
#13896 = LINE('',#13897,#13898);
#13897 = CARTESIAN_POINT('',(15.05,9.548703170029));
#13898 = VECTOR('',#13899,1.);
#13899 = DIRECTION('',(-1.,0.));
#13900 = ( GEOMETRIC_REPRESENTATION_CONTEXT(2) 
PARAMETRIC_REPRESENTATION_CONTEXT() REPRESENTATION_CONTEXT('2D SPACE',''
  ) );
#13901 = ADVANCED_FACE('',(#13902),#5315,.T.);
#13902 = FACE_BOUND('',#13903,.T.);
#13903 = EDGE_LOOP('',(#13904,#13905,#13926,#13954));
#13904 = ORIENTED_EDGE('',*,*,#5298,.F.);
#13905 = ORIENTED_EDGE('',*,*,#13906,.T.);
#13906 = EDGE_CURVE('',#5299,#13907,#13909,.T.);
#13907 = VERTEX_POINT('',#13908);
#13908 = CARTESIAN_POINT('',(-45.54870317002,23.451296829971,5.));
#13909 = SURFACE_CURVE('',#13910,(#13914,#13920),.PCURVE_S1.);
#13910 = LINE('',#13911,#13912);
#13911 = CARTESIAN_POINT('',(-50.05,18.95,39.71));
#13912 = VECTOR('',#13913,1.);
#13913 = DIRECTION('',(0.127555550137,0.127555550137,-0.983595019944));
#13914 = PCURVE('',#5315,#13915);
#13915 = DEFINITIONAL_REPRESENTATION('',(#13916),#13919);
#13916 = B_SPLINE_CURVE_WITH_KNOTS('',1,(#13917,#13918),.UNSPECIFIED.,
  .F.,.F.,(2,2),(0.,35.288913929208),.PIECEWISE_BEZIER_KNOTS.);
#13917 = CARTESIAN_POINT('',(0.,0.));
#13918 = CARTESIAN_POINT('',(35.000653896056,4.501296829971));
#13919 = ( GEOMETRIC_REPRESENTATION_CONTEXT(2) 
PARAMETRIC_REPRESENTATION_CONTEXT() REPRESENTATION_CONTEXT('2D SPACE',''
  ) );
#13920 = PCURVE('',#5341,#13921);
#13921 = DEFINITIONAL_REPRESENTATION('',(#13922),#13925);
#13922 = B_SPLINE_CURVE_WITH_KNOTS('',1,(#13923,#13924),.UNSPECIFIED.,
  .F.,.F.,(2,2),(0.,35.288913929208),.PIECEWISE_BEZIER_KNOTS.);
#13923 = CARTESIAN_POINT('',(0.,28.1));
#13924 = CARTESIAN_POINT('',(35.000653896056,23.598703170029));
#13925 = ( GEOMETRIC_REPRESENTATION_CONTEXT(2) 
PARAMETRIC_REPRESENTATION_CONTEXT() REPRESENTATION_CONTEXT('2D SPACE',''
  ) );
#13926 = ORIENTED_EDGE('',*,*,#13927,.T.);
#13927 = EDGE_CURVE('',#13907,#13928,#13930,.T.);
#13928 = VERTEX_POINT('',#13929);
#13929 = CARTESIAN_POINT('',(-24.45129682997,23.451296829971,5.));
#13930 = SURFACE_CURVE('',#13931,(#13935,#13942),.PCURVE_S1.);
#13931 = LINE('',#13932,#13933);
#13932 = CARTESIAN_POINT('',(-50.05,23.451296829971,5.));
#13933 = VECTOR('',#13934,1.);
#13934 = DIRECTION('',(1.,0.,0.));
#13935 = PCURVE('',#5315,#13936);
#13936 = DEFINITIONAL_REPRESENTATION('',(#13937),#13941);
#13937 = LINE('',#13938,#13939);
#13938 = CARTESIAN_POINT('',(35.000653896056,0.));
#13939 = VECTOR('',#13940,1.);
#13940 = DIRECTION('',(0.,1.));
#13941 = ( GEOMETRIC_REPRESENTATION_CONTEXT(2) 
PARAMETRIC_REPRESENTATION_CONTEXT() REPRESENTATION_CONTEXT('2D SPACE',''
  ) );
#13942 = PCURVE('',#13943,#13948);
#13943 = PLANE('',#13944);
#13944 = AXIS2_PLACEMENT_3D('',#13945,#13946,#13947);
#13945 = CARTESIAN_POINT('',(-35.,33.,5.));
#13946 = DIRECTION('',(0.,0.,1.));
#13947 = DIRECTION('',(1.,0.,0.));
#13948 = DEFINITIONAL_REPRESENTATION('',(#13949),#13953);
#13949 = LINE('',#13950,#13951);
#13950 = CARTESIAN_POINT('',(-15.05,-9.548703170029));
#13951 = VECTOR('',#13952,1.);
#13952 = DIRECTION('',(1.,0.));
#13953 = ( GEOMETRIC_REPRESENTATION_CONTEXT(2) 
PARAMETRIC_REPRESENTATION_CONTEXT() REPRESENTATION_CONTEXT('2D SPACE',''
  ) );
#13954 = ORIENTED_EDGE('',*,*,#13955,.F.);
#13955 = EDGE_CURVE('',#5301,#13928,#13956,.T.);
#13956 = SURFACE_CURVE('',#13957,(#13961,#13967),.PCURVE_S1.);
#13957 = LINE('',#13958,#13959);
#13958 = CARTESIAN_POINT('',(-19.95,18.95,39.71));
#13959 = VECTOR('',#13960,1.);
#13960 = DIRECTION('',(-0.127555550137,0.127555550137,-0.983595019944));
#13961 = PCURVE('',#5315,#13962);
#13962 = DEFINITIONAL_REPRESENTATION('',(#13963),#13966);
#13963 = B_SPLINE_CURVE_WITH_KNOTS('',1,(#13964,#13965),.UNSPECIFIED.,
  .F.,.F.,(2,2),(0.,35.288913929208),.PIECEWISE_BEZIER_KNOTS.);
#13964 = CARTESIAN_POINT('',(0.,30.1));
#13965 = CARTESIAN_POINT('',(35.000653896056,25.598703170029));
#13966 = ( GEOMETRIC_REPRESENTATION_CONTEXT(2) 
PARAMETRIC_REPRESENTATION_CONTEXT() REPRESENTATION_CONTEXT('2D SPACE',''
  ) );
#13967 = PCURVE('',#5391,#13968);
#13968 = DEFINITIONAL_REPRESENTATION('',(#13969),#13972);
#13969 = B_SPLINE_CURVE_WITH_KNOTS('',1,(#13970,#13971),.UNSPECIFIED.,
  .F.,.F.,(2,2),(0.,35.288913929208),.PIECEWISE_BEZIER_KNOTS.);
#13970 = CARTESIAN_POINT('',(0.,0.));
#13971 = CARTESIAN_POINT('',(35.000653896056,4.501296829971));
#13972 = ( GEOMETRIC_REPRESENTATION_CONTEXT(2) 
PARAMETRIC_REPRESENTATION_CONTEXT() REPRESENTATION_CONTEXT('2D SPACE',''
  ) );
#13973 = ADVANCED_FACE('',(#13974),#5341,.T.);
#13974 = FACE_BOUND('',#13975,.T.);
#13975 = EDGE_LOOP('',(#13976,#13977,#13998,#14019));
#13976 = ORIENTED_EDGE('',*,*,#5326,.F.);
#13977 = ORIENTED_EDGE('',*,*,#13978,.T.);
#13978 = EDGE_CURVE('',#5327,#13979,#13981,.T.);
#13979 = VERTEX_POINT('',#13980);
#13980 = CARTESIAN_POINT('',(-45.54870317002,42.548703170029,5.));
#13981 = SURFACE_CURVE('',#13982,(#13986,#13992),.PCURVE_S1.);
#13982 = LINE('',#13983,#13984);
#13983 = CARTESIAN_POINT('',(-50.05,47.05,39.71));
#13984 = VECTOR('',#13985,1.);
#13985 = DIRECTION('',(0.127555550137,-0.127555550137,-0.983595019944));
#13986 = PCURVE('',#5341,#13987);
#13987 = DEFINITIONAL_REPRESENTATION('',(#13988),#13991);
#13988 = B_SPLINE_CURVE_WITH_KNOTS('',1,(#13989,#13990),.UNSPECIFIED.,
  .F.,.F.,(2,2),(0.,35.288913929208),.PIECEWISE_BEZIER_KNOTS.);
#13989 = CARTESIAN_POINT('',(0.,0.));
#13990 = CARTESIAN_POINT('',(35.000653896056,4.501296829971));
#13991 = ( GEOMETRIC_REPRESENTATION_CONTEXT(2) 
PARAMETRIC_REPRESENTATION_CONTEXT() REPRESENTATION_CONTEXT('2D SPACE',''
  ) );
#13992 = PCURVE('',#5367,#13993);
#13993 = DEFINITIONAL_REPRESENTATION('',(#13994),#13997);
#13994 = B_SPLINE_CURVE_WITH_KNOTS('',1,(#13995,#13996),.UNSPECIFIED.,
  .F.,.F.,(2,2),(0.,35.288913929208),.PIECEWISE_BEZIER_KNOTS.);
#13995 = CARTESIAN_POINT('',(0.,30.1));
#13996 = CARTESIAN_POINT('',(35.000653896056,25.598703170029));
#13997 = ( GEOMETRIC_REPRESENTATION_CONTEXT(2) 
PARAMETRIC_REPRESENTATION_CONTEXT() REPRESENTATION_CONTEXT('2D SPACE',''
  ) );
#13998 = ORIENTED_EDGE('',*,*,#13999,.T.);
#13999 = EDGE_CURVE('',#13979,#13907,#14000,.T.);
#14000 = SURFACE_CURVE('',#14001,(#14005,#14012),.PCURVE_S1.);
#14001 = LINE('',#14002,#14003);
#14002 = CARTESIAN_POINT('',(-45.54870317002,47.05,5.));
#14003 = VECTOR('',#14004,1.);
#14004 = DIRECTION('',(0.,-1.,0.));
#14005 = PCURVE('',#5341,#14006);
#14006 = DEFINITIONAL_REPRESENTATION('',(#14007),#14011);
#14007 = LINE('',#14008,#14009);
#14008 = CARTESIAN_POINT('',(35.000653896056,0.));
#14009 = VECTOR('',#14010,1.);
#14010 = DIRECTION('',(0.,1.));
#14011 = ( GEOMETRIC_REPRESENTATION_CONTEXT(2) 
PARAMETRIC_REPRESENTATION_CONTEXT() REPRESENTATION_CONTEXT('2D SPACE',''
  ) );
#14012 = PCURVE('',#13943,#14013);
#14013 = DEFINITIONAL_REPRESENTATION('',(#14014),#14018);
#14014 = LINE('',#14015,#14016);
#14015 = CARTESIAN_POINT('',(-10.54870317002,14.05));
#14016 = VECTOR('',#14017,1.);
#14017 = DIRECTION('',(0.,-1.));
#14018 = ( GEOMETRIC_REPRESENTATION_CONTEXT(2) 
PARAMETRIC_REPRESENTATION_CONTEXT() REPRESENTATION_CONTEXT('2D SPACE',''
  ) );
#14019 = ORIENTED_EDGE('',*,*,#13906,.F.);
#14020 = ADVANCED_FACE('',(#14021),#5391,.T.);
#14021 = FACE_BOUND('',#14022,.T.);
#14022 = EDGE_LOOP('',(#14023,#14024,#14025,#14048));
#14023 = ORIENTED_EDGE('',*,*,#5378,.F.);
#14024 = ORIENTED_EDGE('',*,*,#13955,.T.);
#14025 = ORIENTED_EDGE('',*,*,#14026,.T.);
#14026 = EDGE_CURVE('',#13928,#14027,#14029,.T.);
#14027 = VERTEX_POINT('',#14028);
#14028 = CARTESIAN_POINT('',(-24.45129682997,42.548703170029,5.));
#14029 = SURFACE_CURVE('',#14030,(#14034,#14041),.PCURVE_S1.);
#14030 = LINE('',#14031,#14032);
#14031 = CARTESIAN_POINT('',(-24.45129682997,18.95,5.));
#14032 = VECTOR('',#14033,1.);
#14033 = DIRECTION('',(0.,1.,0.));
#14034 = PCURVE('',#5391,#14035);
#14035 = DEFINITIONAL_REPRESENTATION('',(#14036),#14040);
#14036 = LINE('',#14037,#14038);
#14037 = CARTESIAN_POINT('',(35.000653896056,0.));
#14038 = VECTOR('',#14039,1.);
#14039 = DIRECTION('',(0.,1.));
#14040 = ( GEOMETRIC_REPRESENTATION_CONTEXT(2) 
PARAMETRIC_REPRESENTATION_CONTEXT() REPRESENTATION_CONTEXT('2D SPACE',''
  ) );
#14041 = PCURVE('',#13943,#14042);
#14042 = DEFINITIONAL_REPRESENTATION('',(#14043),#14047);
#14043 = LINE('',#14044,#14045);
#14044 = CARTESIAN_POINT('',(10.548703170029,-14.05));
#14045 = VECTOR('',#14046,1.);
#14046 = DIRECTION('',(0.,1.));
#14047 = ( GEOMETRIC_REPRESENTATION_CONTEXT(2) 
PARAMETRIC_REPRESENTATION_CONTEXT() REPRESENTATION_CONTEXT('2D SPACE',''
  ) );
#14048 = ORIENTED_EDGE('',*,*,#14049,.F.);
#14049 = EDGE_CURVE('',#5353,#14027,#14050,.T.);
#14050 = SURFACE_CURVE('',#14051,(#14055,#14061),.PCURVE_S1.);
#14051 = LINE('',#14052,#14053);
#14052 = CARTESIAN_POINT('',(-19.95,47.05,39.71));
#14053 = VECTOR('',#14054,1.);
#14054 = DIRECTION('',(-0.127555550137,-0.127555550137,-0.983595019944)
  );
#14055 = PCURVE('',#5391,#14056);
#14056 = DEFINITIONAL_REPRESENTATION('',(#14057),#14060);
#14057 = B_SPLINE_CURVE_WITH_KNOTS('',1,(#14058,#14059),.UNSPECIFIED.,
  .F.,.F.,(2,2),(-0.,35.288913929208),.PIECEWISE_BEZIER_KNOTS.);
#14058 = CARTESIAN_POINT('',(0.,28.1));
#14059 = CARTESIAN_POINT('',(35.000653896056,23.598703170029));
#14060 = ( GEOMETRIC_REPRESENTATION_CONTEXT(2) 
PARAMETRIC_REPRESENTATION_CONTEXT() REPRESENTATION_CONTEXT('2D SPACE',''
  ) );
#14061 = PCURVE('',#5367,#14062);
#14062 = DEFINITIONAL_REPRESENTATION('',(#14063),#14066);
#14063 = B_SPLINE_CURVE_WITH_KNOTS('',1,(#14064,#14065),.UNSPECIFIED.,
  .F.,.F.,(2,2),(-0.,35.288913929208),.PIECEWISE_BEZIER_KNOTS.);
#14064 = CARTESIAN_POINT('',(0.,0.));
#14065 = CARTESIAN_POINT('',(35.000653896056,4.501296829971));
#14066 = ( GEOMETRIC_REPRESENTATION_CONTEXT(2) 
PARAMETRIC_REPRESENTATION_CONTEXT() REPRESENTATION_CONTEXT('2D SPACE',''
  ) );
#14067 = ADVANCED_FACE('',(#14068),#5367,.T.);
#14068 = FACE_BOUND('',#14069,.T.);
#14069 = EDGE_LOOP('',(#14070,#14071,#14072,#14073));
#14070 = ORIENTED_EDGE('',*,*,#13978,.F.);
#14071 = ORIENTED_EDGE('',*,*,#5352,.F.);
#14072 = ORIENTED_EDGE('',*,*,#14049,.T.);
#14073 = ORIENTED_EDGE('',*,*,#14074,.T.);
#14074 = EDGE_CURVE('',#14027,#13979,#14075,.T.);
#14075 = SURFACE_CURVE('',#14076,(#14080,#14087),.PCURVE_S1.);
#14076 = LINE('',#14077,#14078);
#14077 = CARTESIAN_POINT('',(-19.95,42.548703170029,5.));
#14078 = VECTOR('',#14079,1.);
#14079 = DIRECTION('',(-1.,0.,0.));
#14080 = PCURVE('',#5367,#14081);
#14081 = DEFINITIONAL_REPRESENTATION('',(#14082),#14086);
#14082 = LINE('',#14083,#14084);
#14083 = CARTESIAN_POINT('',(35.000653896056,0.));
#14084 = VECTOR('',#14085,1.);
#14085 = DIRECTION('',(-0.,1.));
#14086 = ( GEOMETRIC_REPRESENTATION_CONTEXT(2) 
PARAMETRIC_REPRESENTATION_CONTEXT() REPRESENTATION_CONTEXT('2D SPACE',''
  ) );
#14087 = PCURVE('',#13943,#14088);
#14088 = DEFINITIONAL_REPRESENTATION('',(#14089),#14093);
#14089 = LINE('',#14090,#14091);
#14090 = CARTESIAN_POINT('',(15.05,9.548703170029));
#14091 = VECTOR('',#14092,1.);
#14092 = DIRECTION('',(-1.,0.));
#14093 = ( GEOMETRIC_REPRESENTATION_CONTEXT(2) 
PARAMETRIC_REPRESENTATION_CONTEXT() REPRESENTATION_CONTEXT('2D SPACE',''
  ) );
#14094 = ADVANCED_FACE('',(#14095),#5421,.T.);
#14095 = FACE_BOUND('',#14096,.T.);
#14096 = EDGE_LOOP('',(#14097,#14098,#14119,#14147));
#14097 = ORIENTED_EDGE('',*,*,#5404,.F.);
#14098 = ORIENTED_EDGE('',*,*,#14099,.T.);
#14099 = EDGE_CURVE('',#5405,#14100,#14102,.T.);
#14100 = VERTEX_POINT('',#14101);
#14101 = CARTESIAN_POINT('',(-80.54870317002,56.451296829971,5.));
#14102 = SURFACE_CURVE('',#14103,(#14107,#14113),.PCURVE_S1.);
#14103 = LINE('',#14104,#14105);
#14104 = CARTESIAN_POINT('',(-85.05,51.95,39.71));
#14105 = VECTOR('',#14106,1.);
#14106 = DIRECTION('',(0.127555550137,0.127555550137,-0.983595019944));
#14107 = PCURVE('',#5421,#14108);
#14108 = DEFINITIONAL_REPRESENTATION('',(#14109),#14112);
#14109 = B_SPLINE_CURVE_WITH_KNOTS('',1,(#14110,#14111),.UNSPECIFIED.,
  .F.,.F.,(2,2),(0.,35.288913929208),.PIECEWISE_BEZIER_KNOTS.);
#14110 = CARTESIAN_POINT('',(0.,0.));
#14111 = CARTESIAN_POINT('',(35.000653896056,4.501296829971));
#14112 = ( GEOMETRIC_REPRESENTATION_CONTEXT(2) 
PARAMETRIC_REPRESENTATION_CONTEXT() REPRESENTATION_CONTEXT('2D SPACE',''
  ) );
#14113 = PCURVE('',#5447,#14114);
#14114 = DEFINITIONAL_REPRESENTATION('',(#14115),#14118);
#14115 = B_SPLINE_CURVE_WITH_KNOTS('',1,(#14116,#14117),.UNSPECIFIED.,
  .F.,.F.,(2,2),(0.,35.288913929208),.PIECEWISE_BEZIER_KNOTS.);
#14116 = CARTESIAN_POINT('',(0.,28.1));
#14117 = CARTESIAN_POINT('',(35.000653896056,23.598703170029));
#14118 = ( GEOMETRIC_REPRESENTATION_CONTEXT(2) 
PARAMETRIC_REPRESENTATION_CONTEXT() REPRESENTATION_CONTEXT('2D SPACE',''
  ) );
#14119 = ORIENTED_EDGE('',*,*,#14120,.T.);
#14120 = EDGE_CURVE('',#14100,#14121,#14123,.T.);
#14121 = VERTEX_POINT('',#14122);
#14122 = CARTESIAN_POINT('',(-59.45129682997,56.451296829971,5.));
#14123 = SURFACE_CURVE('',#14124,(#14128,#14135),.PCURVE_S1.);
#14124 = LINE('',#14125,#14126);
#14125 = CARTESIAN_POINT('',(-85.05,56.451296829971,5.));
#14126 = VECTOR('',#14127,1.);
#14127 = DIRECTION('',(1.,0.,0.));
#14128 = PCURVE('',#5421,#14129);
#14129 = DEFINITIONAL_REPRESENTATION('',(#14130),#14134);
#14130 = LINE('',#14131,#14132);
#14131 = CARTESIAN_POINT('',(35.000653896056,0.));
#14132 = VECTOR('',#14133,1.);
#14133 = DIRECTION('',(0.,1.));
#14134 = ( GEOMETRIC_REPRESENTATION_CONTEXT(2) 
PARAMETRIC_REPRESENTATION_CONTEXT() REPRESENTATION_CONTEXT('2D SPACE',''
  ) );
#14135 = PCURVE('',#14136,#14141);
#14136 = PLANE('',#14137);
#14137 = AXIS2_PLACEMENT_3D('',#14138,#14139,#14140);
#14138 = CARTESIAN_POINT('',(-70.,66.,5.));
#14139 = DIRECTION('',(0.,0.,1.));
#14140 = DIRECTION('',(1.,0.,0.));
#14141 = DEFINITIONAL_REPRESENTATION('',(#14142),#14146);
#14142 = LINE('',#14143,#14144);
#14143 = CARTESIAN_POINT('',(-15.05,-9.548703170029));
#14144 = VECTOR('',#14145,1.);
#14145 = DIRECTION('',(1.,0.));
#14146 = ( GEOMETRIC_REPRESENTATION_CONTEXT(2) 
PARAMETRIC_REPRESENTATION_CONTEXT() REPRESENTATION_CONTEXT('2D SPACE',''
  ) );
#14147 = ORIENTED_EDGE('',*,*,#14148,.F.);
#14148 = EDGE_CURVE('',#5407,#14121,#14149,.T.);
#14149 = SURFACE_CURVE('',#14150,(#14154,#14160),.PCURVE_S1.);
#14150 = LINE('',#14151,#14152);
#14151 = CARTESIAN_POINT('',(-54.95,51.95,39.71));
#14152 = VECTOR('',#14153,1.);
#14153 = DIRECTION('',(-0.127555550137,0.127555550137,-0.983595019944));
#14154 = PCURVE('',#5421,#14155);
#14155 = DEFINITIONAL_REPRESENTATION('',(#14156),#14159);
#14156 = B_SPLINE_CURVE_WITH_KNOTS('',1,(#14157,#14158),.UNSPECIFIED.,
  .F.,.F.,(2,2),(0.,35.288913929208),.PIECEWISE_BEZIER_KNOTS.);
#14157 = CARTESIAN_POINT('',(0.,30.1));
#14158 = CARTESIAN_POINT('',(35.000653896056,25.598703170029));
#14159 = ( GEOMETRIC_REPRESENTATION_CONTEXT(2) 
PARAMETRIC_REPRESENTATION_CONTEXT() REPRESENTATION_CONTEXT('2D SPACE',''
  ) );
#14160 = PCURVE('',#5497,#14161);
#14161 = DEFINITIONAL_REPRESENTATION('',(#14162),#14165);
#14162 = B_SPLINE_CURVE_WITH_KNOTS('',1,(#14163,#14164),.UNSPECIFIED.,
  .F.,.F.,(2,2),(0.,35.288913929208),.PIECEWISE_BEZIER_KNOTS.);
#14163 = CARTESIAN_POINT('',(0.,0.));
#14164 = CARTESIAN_POINT('',(35.000653896056,4.501296829971));
#14165 = ( GEOMETRIC_REPRESENTATION_CONTEXT(2) 
PARAMETRIC_REPRESENTATION_CONTEXT() REPRESENTATION_CONTEXT('2D SPACE',''
  ) );
#14166 = ADVANCED_FACE('',(#14167),#5447,.T.);
#14167 = FACE_BOUND('',#14168,.T.);
#14168 = EDGE_LOOP('',(#14169,#14170,#14191,#14212));
#14169 = ORIENTED_EDGE('',*,*,#5432,.F.);
#14170 = ORIENTED_EDGE('',*,*,#14171,.T.);
#14171 = EDGE_CURVE('',#5433,#14172,#14174,.T.);
#14172 = VERTEX_POINT('',#14173);
#14173 = CARTESIAN_POINT('',(-80.54870317002,75.548703170029,5.));
#14174 = SURFACE_CURVE('',#14175,(#14179,#14185),.PCURVE_S1.);
#14175 = LINE('',#14176,#14177);
#14176 = CARTESIAN_POINT('',(-85.05,80.05,39.71));
#14177 = VECTOR('',#14178,1.);
#14178 = DIRECTION('',(0.127555550137,-0.127555550137,-0.983595019944));
#14179 = PCURVE('',#5447,#14180);
#14180 = DEFINITIONAL_REPRESENTATION('',(#14181),#14184);
#14181 = B_SPLINE_CURVE_WITH_KNOTS('',1,(#14182,#14183),.UNSPECIFIED.,
  .F.,.F.,(2,2),(0.,35.288913929208),.PIECEWISE_BEZIER_KNOTS.);
#14182 = CARTESIAN_POINT('',(0.,0.));
#14183 = CARTESIAN_POINT('',(35.000653896056,4.501296829971));
#14184 = ( GEOMETRIC_REPRESENTATION_CONTEXT(2) 
PARAMETRIC_REPRESENTATION_CONTEXT() REPRESENTATION_CONTEXT('2D SPACE',''
  ) );
#14185 = PCURVE('',#5473,#14186);
#14186 = DEFINITIONAL_REPRESENTATION('',(#14187),#14190);
#14187 = B_SPLINE_CURVE_WITH_KNOTS('',1,(#14188,#14189),.UNSPECIFIED.,
  .F.,.F.,(2,2),(0.,35.288913929208),.PIECEWISE_BEZIER_KNOTS.);
#14188 = CARTESIAN_POINT('',(0.,30.1));
#14189 = CARTESIAN_POINT('',(35.000653896056,25.598703170029));
#14190 = ( GEOMETRIC_REPRESENTATION_CONTEXT(2) 
PARAMETRIC_REPRESENTATION_CONTEXT() REPRESENTATION_CONTEXT('2D SPACE',''
  ) );
#14191 = ORIENTED_EDGE('',*,*,#14192,.T.);
#14192 = EDGE_CURVE('',#14172,#14100,#14193,.T.);
#14193 = SURFACE_CURVE('',#14194,(#14198,#14205),.PCURVE_S1.);
#14194 = LINE('',#14195,#14196);
#14195 = CARTESIAN_POINT('',(-80.54870317002,80.05,5.));
#14196 = VECTOR('',#14197,1.);
#14197 = DIRECTION('',(0.,-1.,0.));
#14198 = PCURVE('',#5447,#14199);
#14199 = DEFINITIONAL_REPRESENTATION('',(#14200),#14204);
#14200 = LINE('',#14201,#14202);
#14201 = CARTESIAN_POINT('',(35.000653896056,0.));
#14202 = VECTOR('',#14203,1.);
#14203 = DIRECTION('',(0.,1.));
#14204 = ( GEOMETRIC_REPRESENTATION_CONTEXT(2) 
PARAMETRIC_REPRESENTATION_CONTEXT() REPRESENTATION_CONTEXT('2D SPACE',''
  ) );
#14205 = PCURVE('',#14136,#14206);
#14206 = DEFINITIONAL_REPRESENTATION('',(#14207),#14211);
#14207 = LINE('',#14208,#14209);
#14208 = CARTESIAN_POINT('',(-10.54870317002,14.05));
#14209 = VECTOR('',#14210,1.);
#14210 = DIRECTION('',(0.,-1.));
#14211 = ( GEOMETRIC_REPRESENTATION_CONTEXT(2) 
PARAMETRIC_REPRESENTATION_CONTEXT() REPRESENTATION_CONTEXT('2D SPACE',''
  ) );
#14212 = ORIENTED_EDGE('',*,*,#14099,.F.);
#14213 = ADVANCED_FACE('',(#14214),#5497,.T.);
#14214 = FACE_BOUND('',#14215,.T.);
#14215 = EDGE_LOOP('',(#14216,#14217,#14218,#14241));
#14216 = ORIENTED_EDGE('',*,*,#5484,.F.);
#14217 = ORIENTED_EDGE('',*,*,#14148,.T.);
#14218 = ORIENTED_EDGE('',*,*,#14219,.T.);
#14219 = EDGE_CURVE('',#14121,#14220,#14222,.T.);
#14220 = VERTEX_POINT('',#14221);
#14221 = CARTESIAN_POINT('',(-59.45129682997,75.548703170029,5.));
#14222 = SURFACE_CURVE('',#14223,(#14227,#14234),.PCURVE_S1.);
#14223 = LINE('',#14224,#14225);
#14224 = CARTESIAN_POINT('',(-59.45129682997,51.95,5.));
#14225 = VECTOR('',#14226,1.);
#14226 = DIRECTION('',(0.,1.,0.));
#14227 = PCURVE('',#5497,#14228);
#14228 = DEFINITIONAL_REPRESENTATION('',(#14229),#14233);
#14229 = LINE('',#14230,#14231);
#14230 = CARTESIAN_POINT('',(35.000653896056,0.));
#14231 = VECTOR('',#14232,1.);
#14232 = DIRECTION('',(0.,1.));
#14233 = ( GEOMETRIC_REPRESENTATION_CONTEXT(2) 
PARAMETRIC_REPRESENTATION_CONTEXT() REPRESENTATION_CONTEXT('2D SPACE',''
  ) );
#14234 = PCURVE('',#14136,#14235);
#14235 = DEFINITIONAL_REPRESENTATION('',(#14236),#14240);
#14236 = LINE('',#14237,#14238);
#14237 = CARTESIAN_POINT('',(10.548703170029,-14.05));
#14238 = VECTOR('',#14239,1.);
#14239 = DIRECTION('',(0.,1.));
#14240 = ( GEOMETRIC_REPRESENTATION_CONTEXT(2) 
PARAMETRIC_REPRESENTATION_CONTEXT() REPRESENTATION_CONTEXT('2D SPACE',''
  ) );
#14241 = ORIENTED_EDGE('',*,*,#14242,.F.);
#14242 = EDGE_CURVE('',#5459,#14220,#14243,.T.);
#14243 = SURFACE_CURVE('',#14244,(#14248,#14254),.PCURVE_S1.);
#14244 = LINE('',#14245,#14246);
#14245 = CARTESIAN_POINT('',(-54.95,80.05,39.71));
#14246 = VECTOR('',#14247,1.);
#14247 = DIRECTION('',(-0.127555550137,-0.127555550137,-0.983595019944)
  );
#14248 = PCURVE('',#5497,#14249);
#14249 = DEFINITIONAL_REPRESENTATION('',(#14250),#14253);
#14250 = B_SPLINE_CURVE_WITH_KNOTS('',1,(#14251,#14252),.UNSPECIFIED.,
  .F.,.F.,(2,2),(-0.,35.288913929208),.PIECEWISE_BEZIER_KNOTS.);
#14251 = CARTESIAN_POINT('',(0.,28.1));
#14252 = CARTESIAN_POINT('',(35.000653896056,23.598703170029));
#14253 = ( GEOMETRIC_REPRESENTATION_CONTEXT(2) 
PARAMETRIC_REPRESENTATION_CONTEXT() REPRESENTATION_CONTEXT('2D SPACE',''
  ) );
#14254 = PCURVE('',#5473,#14255);
#14255 = DEFINITIONAL_REPRESENTATION('',(#14256),#14259);
#14256 = B_SPLINE_CURVE_WITH_KNOTS('',1,(#14257,#14258),.UNSPECIFIED.,
  .F.,.F.,(2,2),(-0.,35.288913929208),.PIECEWISE_BEZIER_KNOTS.);
#14257 = CARTESIAN_POINT('',(0.,0.));
#14258 = CARTESIAN_POINT('',(35.000653896056,4.501296829971));
#14259 = ( GEOMETRIC_REPRESENTATION_CONTEXT(2) 
PARAMETRIC_REPRESENTATION_CONTEXT() REPRESENTATION_CONTEXT('2D SPACE',''
  ) );
#14260 = ADVANCED_FACE('',(#14261),#5473,.T.);
#14261 = FACE_BOUND('',#14262,.T.);
#14262 = EDGE_LOOP('',(#14263,#14264,#14265,#14266));
#14263 = ORIENTED_EDGE('',*,*,#14171,.F.);
#14264 = ORIENTED_EDGE('',*,*,#5458,.F.);
#14265 = ORIENTED_EDGE('',*,*,#14242,.T.);
#14266 = ORIENTED_EDGE('',*,*,#14267,.T.);
#14267 = EDGE_CURVE('',#14220,#14172,#14268,.T.);
#14268 = SURFACE_CURVE('',#14269,(#14273,#14280),.PCURVE_S1.);
#14269 = LINE('',#14270,#14271);
#14270 = CARTESIAN_POINT('',(-54.95,75.548703170029,5.));
#14271 = VECTOR('',#14272,1.);
#14272 = DIRECTION('',(-1.,0.,0.));
#14273 = PCURVE('',#5473,#14274);
#14274 = DEFINITIONAL_REPRESENTATION('',(#14275),#14279);
#14275 = LINE('',#14276,#14277);
#14276 = CARTESIAN_POINT('',(35.000653896056,0.));
#14277 = VECTOR('',#14278,1.);
#14278 = DIRECTION('',(-0.,1.));
#14279 = ( GEOMETRIC_REPRESENTATION_CONTEXT(2) 
PARAMETRIC_REPRESENTATION_CONTEXT() REPRESENTATION_CONTEXT('2D SPACE',''
  ) );
#14280 = PCURVE('',#14136,#14281);
#14281 = DEFINITIONAL_REPRESENTATION('',(#14282),#14286);
#14282 = LINE('',#14283,#14284);
#14283 = CARTESIAN_POINT('',(15.05,9.548703170029));
#14284 = VECTOR('',#14285,1.);
#14285 = DIRECTION('',(-1.,0.));
#14286 = ( GEOMETRIC_REPRESENTATION_CONTEXT(2) 
PARAMETRIC_REPRESENTATION_CONTEXT() REPRESENTATION_CONTEXT('2D SPACE',''
  ) );
#14287 = ADVANCED_FACE('',(#14288),#5527,.T.);
#14288 = FACE_BOUND('',#14289,.T.);
#14289 = EDGE_LOOP('',(#14290,#14291,#14312,#14340));
#14290 = ORIENTED_EDGE('',*,*,#5510,.F.);
#14291 = ORIENTED_EDGE('',*,*,#14292,.T.);
#14292 = EDGE_CURVE('',#5511,#14293,#14295,.T.);
#14293 = VERTEX_POINT('',#14294);
#14294 = CARTESIAN_POINT('',(-45.54870317002,56.451296829971,5.));
#14295 = SURFACE_CURVE('',#14296,(#14300,#14306),.PCURVE_S1.);
#14296 = LINE('',#14297,#14298);
#14297 = CARTESIAN_POINT('',(-50.05,51.95,39.71));
#14298 = VECTOR('',#14299,1.);
#14299 = DIRECTION('',(0.127555550137,0.127555550137,-0.983595019944));
#14300 = PCURVE('',#5527,#14301);
#14301 = DEFINITIONAL_REPRESENTATION('',(#14302),#14305);
#14302 = B_SPLINE_CURVE_WITH_KNOTS('',1,(#14303,#14304),.UNSPECIFIED.,
  .F.,.F.,(2,2),(0.,35.288913929208),.PIECEWISE_BEZIER_KNOTS.);
#14303 = CARTESIAN_POINT('',(0.,0.));
#14304 = CARTESIAN_POINT('',(35.000653896056,4.501296829971));
#14305 = ( GEOMETRIC_REPRESENTATION_CONTEXT(2) 
PARAMETRIC_REPRESENTATION_CONTEXT() REPRESENTATION_CONTEXT('2D SPACE',''
  ) );
#14306 = PCURVE('',#5553,#14307);
#14307 = DEFINITIONAL_REPRESENTATION('',(#14308),#14311);
#14308 = B_SPLINE_CURVE_WITH_KNOTS('',1,(#14309,#14310),.UNSPECIFIED.,
  .F.,.F.,(2,2),(0.,35.288913929208),.PIECEWISE_BEZIER_KNOTS.);
#14309 = CARTESIAN_POINT('',(0.,28.1));
#14310 = CARTESIAN_POINT('',(35.000653896056,23.598703170029));
#14311 = ( GEOMETRIC_REPRESENTATION_CONTEXT(2) 
PARAMETRIC_REPRESENTATION_CONTEXT() REPRESENTATION_CONTEXT('2D SPACE',''
  ) );
#14312 = ORIENTED_EDGE('',*,*,#14313,.T.);
#14313 = EDGE_CURVE('',#14293,#14314,#14316,.T.);
#14314 = VERTEX_POINT('',#14315);
#14315 = CARTESIAN_POINT('',(-24.45129682997,56.451296829971,5.));
#14316 = SURFACE_CURVE('',#14317,(#14321,#14328),.PCURVE_S1.);
#14317 = LINE('',#14318,#14319);
#14318 = CARTESIAN_POINT('',(-50.05,56.451296829971,5.));
#14319 = VECTOR('',#14320,1.);
#14320 = DIRECTION('',(1.,0.,0.));
#14321 = PCURVE('',#5527,#14322);
#14322 = DEFINITIONAL_REPRESENTATION('',(#14323),#14327);
#14323 = LINE('',#14324,#14325);
#14324 = CARTESIAN_POINT('',(35.000653896056,0.));
#14325 = VECTOR('',#14326,1.);
#14326 = DIRECTION('',(0.,1.));
#14327 = ( GEOMETRIC_REPRESENTATION_CONTEXT(2) 
PARAMETRIC_REPRESENTATION_CONTEXT() REPRESENTATION_CONTEXT('2D SPACE',''
  ) );
#14328 = PCURVE('',#14329,#14334);
#14329 = PLANE('',#14330);
#14330 = AXIS2_PLACEMENT_3D('',#14331,#14332,#14333);
#14331 = CARTESIAN_POINT('',(-35.,66.,5.));
#14332 = DIRECTION('',(0.,0.,1.));
#14333 = DIRECTION('',(1.,0.,0.));
#14334 = DEFINITIONAL_REPRESENTATION('',(#14335),#14339);
#14335 = LINE('',#14336,#14337);
#14336 = CARTESIAN_POINT('',(-15.05,-9.548703170029));
#14337 = VECTOR('',#14338,1.);
#14338 = DIRECTION('',(1.,0.));
#14339 = ( GEOMETRIC_REPRESENTATION_CONTEXT(2) 
PARAMETRIC_REPRESENTATION_CONTEXT() REPRESENTATION_CONTEXT('2D SPACE',''
  ) );
#14340 = ORIENTED_EDGE('',*,*,#14341,.F.);
#14341 = EDGE_CURVE('',#5513,#14314,#14342,.T.);
#14342 = SURFACE_CURVE('',#14343,(#14347,#14353),.PCURVE_S1.);
#14343 = LINE('',#14344,#14345);
#14344 = CARTESIAN_POINT('',(-19.95,51.95,39.71));
#14345 = VECTOR('',#14346,1.);
#14346 = DIRECTION('',(-0.127555550137,0.127555550137,-0.983595019944));
#14347 = PCURVE('',#5527,#14348);
#14348 = DEFINITIONAL_REPRESENTATION('',(#14349),#14352);
#14349 = B_SPLINE_CURVE_WITH_KNOTS('',1,(#14350,#14351),.UNSPECIFIED.,
  .F.,.F.,(2,2),(0.,35.288913929208),.PIECEWISE_BEZIER_KNOTS.);
#14350 = CARTESIAN_POINT('',(0.,30.1));
#14351 = CARTESIAN_POINT('',(35.000653896056,25.598703170029));
#14352 = ( GEOMETRIC_REPRESENTATION_CONTEXT(2) 
PARAMETRIC_REPRESENTATION_CONTEXT() REPRESENTATION_CONTEXT('2D SPACE',''
  ) );
#14353 = PCURVE('',#5603,#14354);
#14354 = DEFINITIONAL_REPRESENTATION('',(#14355),#14358);
#14355 = B_SPLINE_CURVE_WITH_KNOTS('',1,(#14356,#14357),.UNSPECIFIED.,
  .F.,.F.,(2,2),(0.,35.288913929208),.PIECEWISE_BEZIER_KNOTS.);
#14356 = CARTESIAN_POINT('',(0.,0.));
#14357 = CARTESIAN_POINT('',(35.000653896056,4.501296829971));
#14358 = ( GEOMETRIC_REPRESENTATION_CONTEXT(2) 
PARAMETRIC_REPRESENTATION_CONTEXT() REPRESENTATION_CONTEXT('2D SPACE',''
  ) );
#14359 = ADVANCED_FACE('',(#14360),#5553,.T.);
#14360 = FACE_BOUND('',#14361,.T.);
#14361 = EDGE_LOOP('',(#14362,#14363,#14384,#14405));
#14362 = ORIENTED_EDGE('',*,*,#5538,.F.);
#14363 = ORIENTED_EDGE('',*,*,#14364,.T.);
#14364 = EDGE_CURVE('',#5539,#14365,#14367,.T.);
#14365 = VERTEX_POINT('',#14366);
#14366 = CARTESIAN_POINT('',(-45.54870317002,75.548703170029,5.));
#14367 = SURFACE_CURVE('',#14368,(#14372,#14378),.PCURVE_S1.);
#14368 = LINE('',#14369,#14370);
#14369 = CARTESIAN_POINT('',(-50.05,80.05,39.71));
#14370 = VECTOR('',#14371,1.);
#14371 = DIRECTION('',(0.127555550137,-0.127555550137,-0.983595019944));
#14372 = PCURVE('',#5553,#14373);
#14373 = DEFINITIONAL_REPRESENTATION('',(#14374),#14377);
#14374 = B_SPLINE_CURVE_WITH_KNOTS('',1,(#14375,#14376),.UNSPECIFIED.,
  .F.,.F.,(2,2),(0.,35.288913929208),.PIECEWISE_BEZIER_KNOTS.);
#14375 = CARTESIAN_POINT('',(0.,0.));
#14376 = CARTESIAN_POINT('',(35.000653896056,4.501296829971));
#14377 = ( GEOMETRIC_REPRESENTATION_CONTEXT(2) 
PARAMETRIC_REPRESENTATION_CONTEXT() REPRESENTATION_CONTEXT('2D SPACE',''
  ) );
#14378 = PCURVE('',#5579,#14379);
#14379 = DEFINITIONAL_REPRESENTATION('',(#14380),#14383);
#14380 = B_SPLINE_CURVE_WITH_KNOTS('',1,(#14381,#14382),.UNSPECIFIED.,
  .F.,.F.,(2,2),(0.,35.288913929208),.PIECEWISE_BEZIER_KNOTS.);
#14381 = CARTESIAN_POINT('',(0.,30.1));
#14382 = CARTESIAN_POINT('',(35.000653896056,25.598703170029));
#14383 = ( GEOMETRIC_REPRESENTATION_CONTEXT(2) 
PARAMETRIC_REPRESENTATION_CONTEXT() REPRESENTATION_CONTEXT('2D SPACE',''
  ) );
#14384 = ORIENTED_EDGE('',*,*,#14385,.T.);
#14385 = EDGE_CURVE('',#14365,#14293,#14386,.T.);
#14386 = SURFACE_CURVE('',#14387,(#14391,#14398),.PCURVE_S1.);
#14387 = LINE('',#14388,#14389);
#14388 = CARTESIAN_POINT('',(-45.54870317002,80.05,5.));
#14389 = VECTOR('',#14390,1.);
#14390 = DIRECTION('',(0.,-1.,0.));
#14391 = PCURVE('',#5553,#14392);
#14392 = DEFINITIONAL_REPRESENTATION('',(#14393),#14397);
#14393 = LINE('',#14394,#14395);
#14394 = CARTESIAN_POINT('',(35.000653896056,0.));
#14395 = VECTOR('',#14396,1.);
#14396 = DIRECTION('',(0.,1.));
#14397 = ( GEOMETRIC_REPRESENTATION_CONTEXT(2) 
PARAMETRIC_REPRESENTATION_CONTEXT() REPRESENTATION_CONTEXT('2D SPACE',''
  ) );
#14398 = PCURVE('',#14329,#14399);
#14399 = DEFINITIONAL_REPRESENTATION('',(#14400),#14404);
#14400 = LINE('',#14401,#14402);
#14401 = CARTESIAN_POINT('',(-10.54870317002,14.05));
#14402 = VECTOR('',#14403,1.);
#14403 = DIRECTION('',(0.,-1.));
#14404 = ( GEOMETRIC_REPRESENTATION_CONTEXT(2) 
PARAMETRIC_REPRESENTATION_CONTEXT() REPRESENTATION_CONTEXT('2D SPACE',''
  ) );
#14405 = ORIENTED_EDGE('',*,*,#14292,.F.);
#14406 = ADVANCED_FACE('',(#14407),#5603,.T.);
#14407 = FACE_BOUND('',#14408,.T.);
#14408 = EDGE_LOOP('',(#14409,#14410,#14411,#14434));
#14409 = ORIENTED_EDGE('',*,*,#5590,.F.);
#14410 = ORIENTED_EDGE('',*,*,#14341,.T.);
#14411 = ORIENTED_EDGE('',*,*,#14412,.T.);
#14412 = EDGE_CURVE('',#14314,#14413,#14415,.T.);
#14413 = VERTEX_POINT('',#14414);
#14414 = CARTESIAN_POINT('',(-24.45129682997,75.548703170029,5.));
#14415 = SURFACE_CURVE('',#14416,(#14420,#14427),.PCURVE_S1.);
#14416 = LINE('',#14417,#14418);
#14417 = CARTESIAN_POINT('',(-24.45129682997,51.95,5.));
#14418 = VECTOR('',#14419,1.);
#14419 = DIRECTION('',(0.,1.,0.));
#14420 = PCURVE('',#5603,#14421);
#14421 = DEFINITIONAL_REPRESENTATION('',(#14422),#14426);
#14422 = LINE('',#14423,#14424);
#14423 = CARTESIAN_POINT('',(35.000653896056,0.));
#14424 = VECTOR('',#14425,1.);
#14425 = DIRECTION('',(0.,1.));
#14426 = ( GEOMETRIC_REPRESENTATION_CONTEXT(2) 
PARAMETRIC_REPRESENTATION_CONTEXT() REPRESENTATION_CONTEXT('2D SPACE',''
  ) );
#14427 = PCURVE('',#14329,#14428);
#14428 = DEFINITIONAL_REPRESENTATION('',(#14429),#14433);
#14429 = LINE('',#14430,#14431);
#14430 = CARTESIAN_POINT('',(10.548703170029,-14.05));
#14431 = VECTOR('',#14432,1.);
#14432 = DIRECTION('',(0.,1.));
#14433 = ( GEOMETRIC_REPRESENTATION_CONTEXT(2) 
PARAMETRIC_REPRESENTATION_CONTEXT() REPRESENTATION_CONTEXT('2D SPACE',''
  ) );
#14434 = ORIENTED_EDGE('',*,*,#14435,.F.);
#14435 = EDGE_CURVE('',#5565,#14413,#14436,.T.);
#14436 = SURFACE_CURVE('',#14437,(#14441,#14447),.PCURVE_S1.);
#14437 = LINE('',#14438,#14439);
#14438 = CARTESIAN_POINT('',(-19.95,80.05,39.71));
#14439 = VECTOR('',#14440,1.);
#14440 = DIRECTION('',(-0.127555550137,-0.127555550137,-0.983595019944)
  );
#14441 = PCURVE('',#5603,#14442);
#14442 = DEFINITIONAL_REPRESENTATION('',(#14443),#14446);
#14443 = B_SPLINE_CURVE_WITH_KNOTS('',1,(#14444,#14445),.UNSPECIFIED.,
  .F.,.F.,(2,2),(-0.,35.288913929208),.PIECEWISE_BEZIER_KNOTS.);
#14444 = CARTESIAN_POINT('',(0.,28.1));
#14445 = CARTESIAN_POINT('',(35.000653896056,23.598703170029));
#14446 = ( GEOMETRIC_REPRESENTATION_CONTEXT(2) 
PARAMETRIC_REPRESENTATION_CONTEXT() REPRESENTATION_CONTEXT('2D SPACE',''
  ) );
#14447 = PCURVE('',#5579,#14448);
#14448 = DEFINITIONAL_REPRESENTATION('',(#14449),#14452);
#14449 = B_SPLINE_CURVE_WITH_KNOTS('',1,(#14450,#14451),.UNSPECIFIED.,
  .F.,.F.,(2,2),(-0.,35.288913929208),.PIECEWISE_BEZIER_KNOTS.);
#14450 = CARTESIAN_POINT('',(0.,0.));
#14451 = CARTESIAN_POINT('',(35.000653896056,4.501296829971));
#14452 = ( GEOMETRIC_REPRESENTATION_CONTEXT(2) 
PARAMETRIC_REPRESENTATION_CONTEXT() REPRESENTATION_CONTEXT('2D SPACE',''
  ) );
#14453 = ADVANCED_FACE('',(#14454),#5579,.T.);
#14454 = FACE_BOUND('',#14455,.T.);
#14455 = EDGE_LOOP('',(#14456,#14457,#14458,#14459));
#14456 = ORIENTED_EDGE('',*,*,#14364,.F.);
#14457 = ORIENTED_EDGE('',*,*,#5564,.F.);
#14458 = ORIENTED_EDGE('',*,*,#14435,.T.);
#14459 = ORIENTED_EDGE('',*,*,#14460,.T.);
#14460 = EDGE_CURVE('',#14413,#14365,#14461,.T.);
#14461 = SURFACE_CURVE('',#14462,(#14466,#14473),.PCURVE_S1.);
#14462 = LINE('',#14463,#14464);
#14463 = CARTESIAN_POINT('',(-19.95,75.548703170029,5.));
#14464 = VECTOR('',#14465,1.);
#14465 = DIRECTION('',(-1.,0.,0.));
#14466 = PCURVE('',#5579,#14467);
#14467 = DEFINITIONAL_REPRESENTATION('',(#14468),#14472);
#14468 = LINE('',#14469,#14470);
#14469 = CARTESIAN_POINT('',(35.000653896056,0.));
#14470 = VECTOR('',#14471,1.);
#14471 = DIRECTION('',(-0.,1.));
#14472 = ( GEOMETRIC_REPRESENTATION_CONTEXT(2) 
PARAMETRIC_REPRESENTATION_CONTEXT() REPRESENTATION_CONTEXT('2D SPACE',''
  ) );
#14473 = PCURVE('',#14329,#14474);
#14474 = DEFINITIONAL_REPRESENTATION('',(#14475),#14479);
#14475 = LINE('',#14476,#14477);
#14476 = CARTESIAN_POINT('',(15.05,9.548703170029));
#14477 = VECTOR('',#14478,1.);
#14478 = DIRECTION('',(-1.,0.));
#14479 = ( GEOMETRIC_REPRESENTATION_CONTEXT(2) 
PARAMETRIC_REPRESENTATION_CONTEXT() REPRESENTATION_CONTEXT('2D SPACE',''
  ) );
#14480 = ADVANCED_FACE('',(#14481),#5633,.T.);
#14481 = FACE_BOUND('',#14482,.T.);
#14482 = EDGE_LOOP('',(#14483,#14484,#14505,#14533));
#14483 = ORIENTED_EDGE('',*,*,#5616,.F.);
#14484 = ORIENTED_EDGE('',*,*,#14485,.T.);
#14485 = EDGE_CURVE('',#5617,#14486,#14488,.T.);
#14486 = VERTEX_POINT('',#14487);
#14487 = CARTESIAN_POINT('',(-10.54870317002,-9.548703170029,5.));
#14488 = SURFACE_CURVE('',#14489,(#14493,#14499),.PCURVE_S1.);
#14489 = LINE('',#14490,#14491);
#14490 = CARTESIAN_POINT('',(-15.05,-14.05,39.71));
#14491 = VECTOR('',#14492,1.);
#14492 = DIRECTION('',(0.127555550137,0.127555550137,-0.983595019944));
#14493 = PCURVE('',#5633,#14494);
#14494 = DEFINITIONAL_REPRESENTATION('',(#14495),#14498);
#14495 = B_SPLINE_CURVE_WITH_KNOTS('',1,(#14496,#14497),.UNSPECIFIED.,
  .F.,.F.,(2,2),(0.,35.288913929208),.PIECEWISE_BEZIER_KNOTS.);
#14496 = CARTESIAN_POINT('',(0.,0.));
#14497 = CARTESIAN_POINT('',(35.000653896056,4.501296829971));
#14498 = ( GEOMETRIC_REPRESENTATION_CONTEXT(2) 
PARAMETRIC_REPRESENTATION_CONTEXT() REPRESENTATION_CONTEXT('2D SPACE',''
  ) );
#14499 = PCURVE('',#5659,#14500);
#14500 = DEFINITIONAL_REPRESENTATION('',(#14501),#14504);
#14501 = B_SPLINE_CURVE_WITH_KNOTS('',1,(#14502,#14503),.UNSPECIFIED.,
  .F.,.F.,(2,2),(0.,35.288913929208),.PIECEWISE_BEZIER_KNOTS.);
#14502 = CARTESIAN_POINT('',(0.,28.1));
#14503 = CARTESIAN_POINT('',(35.000653896056,23.598703170029));
#14504 = ( GEOMETRIC_REPRESENTATION_CONTEXT(2) 
PARAMETRIC_REPRESENTATION_CONTEXT() REPRESENTATION_CONTEXT('2D SPACE',''
  ) );
#14505 = ORIENTED_EDGE('',*,*,#14506,.T.);
#14506 = EDGE_CURVE('',#14486,#14507,#14509,.T.);
#14507 = VERTEX_POINT('',#14508);
#14508 = CARTESIAN_POINT('',(10.548703170029,-9.548703170029,5.));
#14509 = SURFACE_CURVE('',#14510,(#14514,#14521),.PCURVE_S1.);
#14510 = LINE('',#14511,#14512);
#14511 = CARTESIAN_POINT('',(-15.05,-9.548703170029,5.));
#14512 = VECTOR('',#14513,1.);
#14513 = DIRECTION('',(1.,0.,0.));
#14514 = PCURVE('',#5633,#14515);
#14515 = DEFINITIONAL_REPRESENTATION('',(#14516),#14520);
#14516 = LINE('',#14517,#14518);
#14517 = CARTESIAN_POINT('',(35.000653896056,0.));
#14518 = VECTOR('',#14519,1.);
#14519 = DIRECTION('',(0.,1.));
#14520 = ( GEOMETRIC_REPRESENTATION_CONTEXT(2) 
PARAMETRIC_REPRESENTATION_CONTEXT() REPRESENTATION_CONTEXT('2D SPACE',''
  ) );
#14521 = PCURVE('',#14522,#14527);
#14522 = PLANE('',#14523);
#14523 = AXIS2_PLACEMENT_3D('',#14524,#14525,#14526);
#14524 = CARTESIAN_POINT('',(-4.883455228592E-16,-4.883455228592E-16,5.)
  );
#14525 = DIRECTION('',(0.,0.,1.));
#14526 = DIRECTION('',(1.,0.,0.));
#14527 = DEFINITIONAL_REPRESENTATION('',(#14528),#14532);
#14528 = LINE('',#14529,#14530);
#14529 = CARTESIAN_POINT('',(-15.05,-9.548703170029));
#14530 = VECTOR('',#14531,1.);
#14531 = DIRECTION('',(1.,0.));
#14532 = ( GEOMETRIC_REPRESENTATION_CONTEXT(2) 
PARAMETRIC_REPRESENTATION_CONTEXT() REPRESENTATION_CONTEXT('2D SPACE',''
  ) );
#14533 = ORIENTED_EDGE('',*,*,#14534,.F.);
#14534 = EDGE_CURVE('',#5619,#14507,#14535,.T.);
#14535 = SURFACE_CURVE('',#14536,(#14540,#14546),.PCURVE_S1.);
#14536 = LINE('',#14537,#14538);
#14537 = CARTESIAN_POINT('',(15.05,-14.05,39.71));
#14538 = VECTOR('',#14539,1.);
#14539 = DIRECTION('',(-0.127555550137,0.127555550137,-0.983595019944));
#14540 = PCURVE('',#5633,#14541);
#14541 = DEFINITIONAL_REPRESENTATION('',(#14542),#14545);
#14542 = B_SPLINE_CURVE_WITH_KNOTS('',1,(#14543,#14544),.UNSPECIFIED.,
  .F.,.F.,(2,2),(7.24295831805E-06,35.288913929208),
  .PIECEWISE_BEZIER_KNOTS.);
#14543 = CARTESIAN_POINT('',(7.183793691758E-06,30.09999907612));
#14544 = CARTESIAN_POINT('',(35.000653896056,25.598703170029));
#14545 = ( GEOMETRIC_REPRESENTATION_CONTEXT(2) 
PARAMETRIC_REPRESENTATION_CONTEXT() REPRESENTATION_CONTEXT('2D SPACE',''
  ) );
#14546 = PCURVE('',#5709,#14547);
#14547 = DEFINITIONAL_REPRESENTATION('',(#14548),#14551);
#14548 = B_SPLINE_CURVE_WITH_KNOTS('',1,(#14549,#14550),.UNSPECIFIED.,
  .F.,.F.,(2,2),(7.24295831805E-06,35.288913929208),
  .PIECEWISE_BEZIER_KNOTS.);
#14549 = CARTESIAN_POINT('',(7.183793691758E-06,9.23879532877E-07));
#14550 = CARTESIAN_POINT('',(35.000653896056,4.501296829971));
#14551 = ( GEOMETRIC_REPRESENTATION_CONTEXT(2) 
PARAMETRIC_REPRESENTATION_CONTEXT() REPRESENTATION_CONTEXT('2D SPACE',''
  ) );
#14552 = ADVANCED_FACE('',(#14553),#5659,.T.);
#14553 = FACE_BOUND('',#14554,.T.);
#14554 = EDGE_LOOP('',(#14555,#14556,#14577,#14598));
#14555 = ORIENTED_EDGE('',*,*,#5644,.F.);
#14556 = ORIENTED_EDGE('',*,*,#14557,.T.);
#14557 = EDGE_CURVE('',#5645,#14558,#14560,.T.);
#14558 = VERTEX_POINT('',#14559);
#14559 = CARTESIAN_POINT('',(-10.54870317002,9.548703170029,5.));
#14560 = SURFACE_CURVE('',#14561,(#14565,#14571),.PCURVE_S1.);
#14561 = LINE('',#14562,#14563);
#14562 = CARTESIAN_POINT('',(-15.05,14.05,39.71));
#14563 = VECTOR('',#14564,1.);
#14564 = DIRECTION('',(0.127555550137,-0.127555550137,-0.983595019944));
#14565 = PCURVE('',#5659,#14566);
#14566 = DEFINITIONAL_REPRESENTATION('',(#14567),#14570);
#14567 = B_SPLINE_CURVE_WITH_KNOTS('',1,(#14568,#14569),.UNSPECIFIED.,
  .F.,.F.,(2,2),(7.24295831805E-06,35.288913929208),
  .PIECEWISE_BEZIER_KNOTS.);
#14568 = CARTESIAN_POINT('',(7.183793691758E-06,9.23879532877E-07));
#14569 = CARTESIAN_POINT('',(35.000653896056,4.501296829971));
#14570 = ( GEOMETRIC_REPRESENTATION_CONTEXT(2) 
PARAMETRIC_REPRESENTATION_CONTEXT() REPRESENTATION_CONTEXT('2D SPACE',''
  ) );
#14571 = PCURVE('',#5685,#14572);
#14572 = DEFINITIONAL_REPRESENTATION('',(#14573),#14576);
#14573 = B_SPLINE_CURVE_WITH_KNOTS('',1,(#14574,#14575),.UNSPECIFIED.,
  .F.,.F.,(2,2),(7.24295831805E-06,35.288913929208),
  .PIECEWISE_BEZIER_KNOTS.);
#14574 = CARTESIAN_POINT('',(7.183793691758E-06,30.09999907612));
#14575 = CARTESIAN_POINT('',(35.000653896056,25.598703170029));
#14576 = ( GEOMETRIC_REPRESENTATION_CONTEXT(2) 
PARAMETRIC_REPRESENTATION_CONTEXT() REPRESENTATION_CONTEXT('2D SPACE',''
  ) );
#14577 = ORIENTED_EDGE('',*,*,#14578,.T.);
#14578 = EDGE_CURVE('',#14558,#14486,#14579,.T.);
#14579 = SURFACE_CURVE('',#14580,(#14584,#14591),.PCURVE_S1.);
#14580 = LINE('',#14581,#14582);
#14581 = CARTESIAN_POINT('',(-10.54870317002,14.05,5.));
#14582 = VECTOR('',#14583,1.);
#14583 = DIRECTION('',(0.,-1.,0.));
#14584 = PCURVE('',#5659,#14585);
#14585 = DEFINITIONAL_REPRESENTATION('',(#14586),#14590);
#14586 = LINE('',#14587,#14588);
#14587 = CARTESIAN_POINT('',(35.000653896056,0.));
#14588 = VECTOR('',#14589,1.);
#14589 = DIRECTION('',(0.,1.));
#14590 = ( GEOMETRIC_REPRESENTATION_CONTEXT(2) 
PARAMETRIC_REPRESENTATION_CONTEXT() REPRESENTATION_CONTEXT('2D SPACE',''
  ) );
#14591 = PCURVE('',#14522,#14592);
#14592 = DEFINITIONAL_REPRESENTATION('',(#14593),#14597);
#14593 = LINE('',#14594,#14595);
#14594 = CARTESIAN_POINT('',(-10.54870317002,14.05));
#14595 = VECTOR('',#14596,1.);
#14596 = DIRECTION('',(0.,-1.));
#14597 = ( GEOMETRIC_REPRESENTATION_CONTEXT(2) 
PARAMETRIC_REPRESENTATION_CONTEXT() REPRESENTATION_CONTEXT('2D SPACE',''
  ) );
#14598 = ORIENTED_EDGE('',*,*,#14485,.F.);
#14599 = ADVANCED_FACE('',(#14600),#5709,.T.);
#14600 = FACE_BOUND('',#14601,.T.);
#14601 = EDGE_LOOP('',(#14602,#14603,#14604,#14627));
#14602 = ORIENTED_EDGE('',*,*,#5696,.F.);
#14603 = ORIENTED_EDGE('',*,*,#14534,.T.);
#14604 = ORIENTED_EDGE('',*,*,#14605,.T.);
#14605 = EDGE_CURVE('',#14507,#14606,#14608,.T.);
#14606 = VERTEX_POINT('',#14607);
#14607 = CARTESIAN_POINT('',(10.548703170029,9.548703170029,5.));
#14608 = SURFACE_CURVE('',#14609,(#14613,#14620),.PCURVE_S1.);
#14609 = LINE('',#14610,#14611);
#14610 = CARTESIAN_POINT('',(10.548703170029,-14.05,5.));
#14611 = VECTOR('',#14612,1.);
#14612 = DIRECTION('',(0.,1.,0.));
#14613 = PCURVE('',#5709,#14614);
#14614 = DEFINITIONAL_REPRESENTATION('',(#14615),#14619);
#14615 = LINE('',#14616,#14617);
#14616 = CARTESIAN_POINT('',(35.000653896056,0.));
#14617 = VECTOR('',#14618,1.);
#14618 = DIRECTION('',(0.,1.));
#14619 = ( GEOMETRIC_REPRESENTATION_CONTEXT(2) 
PARAMETRIC_REPRESENTATION_CONTEXT() REPRESENTATION_CONTEXT('2D SPACE',''
  ) );
#14620 = PCURVE('',#14522,#14621);
#14621 = DEFINITIONAL_REPRESENTATION('',(#14622),#14626);
#14622 = LINE('',#14623,#14624);
#14623 = CARTESIAN_POINT('',(10.548703170029,-14.05));
#14624 = VECTOR('',#14625,1.);
#14625 = DIRECTION('',(0.,1.));
#14626 = ( GEOMETRIC_REPRESENTATION_CONTEXT(2) 
PARAMETRIC_REPRESENTATION_CONTEXT() REPRESENTATION_CONTEXT('2D SPACE',''
  ) );
#14627 = ORIENTED_EDGE('',*,*,#14628,.F.);
#14628 = EDGE_CURVE('',#5671,#14606,#14629,.T.);
#14629 = SURFACE_CURVE('',#14630,(#14634,#14640),.PCURVE_S1.);
#14630 = LINE('',#14631,#14632);
#14631 = CARTESIAN_POINT('',(15.05,14.05,39.71));
#14632 = VECTOR('',#14633,1.);
#14633 = DIRECTION('',(-0.127555550137,-0.127555550137,-0.983595019944)
  );
#14634 = PCURVE('',#5709,#14635);
#14635 = DEFINITIONAL_REPRESENTATION('',(#14636),#14639);
#14636 = B_SPLINE_CURVE_WITH_KNOTS('',1,(#14637,#14638),.UNSPECIFIED.,
  .F.,.F.,(2,2),(-0.,35.288913929208),.PIECEWISE_BEZIER_KNOTS.);
#14637 = CARTESIAN_POINT('',(0.,28.1));
#14638 = CARTESIAN_POINT('',(35.000653896056,23.598703170029));
#14639 = ( GEOMETRIC_REPRESENTATION_CONTEXT(2) 
PARAMETRIC_REPRESENTATION_CONTEXT() REPRESENTATION_CONTEXT('2D SPACE',''
  ) );
#14640 = PCURVE('',#5685,#14641);
#14641 = DEFINITIONAL_REPRESENTATION('',(#14642),#14645);
#14642 = B_SPLINE_CURVE_WITH_KNOTS('',1,(#14643,#14644),.UNSPECIFIED.,
  .F.,.F.,(2,2),(-0.,35.288913929208),.PIECEWISE_BEZIER_KNOTS.);
#14643 = CARTESIAN_POINT('',(0.,0.));
#14644 = CARTESIAN_POINT('',(35.000653896056,4.501296829971));
#14645 = ( GEOMETRIC_REPRESENTATION_CONTEXT(2) 
PARAMETRIC_REPRESENTATION_CONTEXT() REPRESENTATION_CONTEXT('2D SPACE',''
  ) );
#14646 = ADVANCED_FACE('',(#14647),#5685,.T.);
#14647 = FACE_BOUND('',#14648,.T.);
#14648 = EDGE_LOOP('',(#14649,#14650,#14651,#14652));
#14649 = ORIENTED_EDGE('',*,*,#14557,.F.);
#14650 = ORIENTED_EDGE('',*,*,#5670,.F.);
#14651 = ORIENTED_EDGE('',*,*,#14628,.T.);
#14652 = ORIENTED_EDGE('',*,*,#14653,.T.);
#14653 = EDGE_CURVE('',#14606,#14558,#14654,.T.);
#14654 = SURFACE_CURVE('',#14655,(#14659,#14666),.PCURVE_S1.);
#14655 = LINE('',#14656,#14657);
#14656 = CARTESIAN_POINT('',(15.05,9.548703170029,5.));
#14657 = VECTOR('',#14658,1.);
#14658 = DIRECTION('',(-1.,0.,0.));
#14659 = PCURVE('',#5685,#14660);
#14660 = DEFINITIONAL_REPRESENTATION('',(#14661),#14665);
#14661 = LINE('',#14662,#14663);
#14662 = CARTESIAN_POINT('',(35.000653896056,0.));
#14663 = VECTOR('',#14664,1.);
#14664 = DIRECTION('',(-0.,1.));
#14665 = ( GEOMETRIC_REPRESENTATION_CONTEXT(2) 
PARAMETRIC_REPRESENTATION_CONTEXT() REPRESENTATION_CONTEXT('2D SPACE',''
  ) );
#14666 = PCURVE('',#14522,#14667);
#14667 = DEFINITIONAL_REPRESENTATION('',(#14668),#14672);
#14668 = LINE('',#14669,#14670);
#14669 = CARTESIAN_POINT('',(15.05,9.548703170029));
#14670 = VECTOR('',#14671,1.);
#14671 = DIRECTION('',(-1.,0.));
#14672 = ( GEOMETRIC_REPRESENTATION_CONTEXT(2) 
PARAMETRIC_REPRESENTATION_CONTEXT() REPRESENTATION_CONTEXT('2D SPACE',''
  ) );
#14673 = ADVANCED_FACE('',(#14674),#5739,.T.);
#14674 = FACE_BOUND('',#14675,.T.);
#14675 = EDGE_LOOP('',(#14676,#14677,#14698,#14726));
#14676 = ORIENTED_EDGE('',*,*,#5722,.F.);
#14677 = ORIENTED_EDGE('',*,*,#14678,.T.);
#14678 = EDGE_CURVE('',#5723,#14679,#14681,.T.);
#14679 = VERTEX_POINT('',#14680);
#14680 = CARTESIAN_POINT('',(24.451296829971,-9.548703170029,5.));
#14681 = SURFACE_CURVE('',#14682,(#14686,#14692),.PCURVE_S1.);
#14682 = LINE('',#14683,#14684);
#14683 = CARTESIAN_POINT('',(19.95,-14.05,39.71));
#14684 = VECTOR('',#14685,1.);
#14685 = DIRECTION('',(0.127555550137,0.127555550137,-0.983595019944));
#14686 = PCURVE('',#5739,#14687);
#14687 = DEFINITIONAL_REPRESENTATION('',(#14688),#14691);
#14688 = B_SPLINE_CURVE_WITH_KNOTS('',1,(#14689,#14690),.UNSPECIFIED.,
  .F.,.F.,(2,2),(0.,35.288913929208),.PIECEWISE_BEZIER_KNOTS.);
#14689 = CARTESIAN_POINT('',(0.,0.));
#14690 = CARTESIAN_POINT('',(35.000653896056,4.501296829971));
#14691 = ( GEOMETRIC_REPRESENTATION_CONTEXT(2) 
PARAMETRIC_REPRESENTATION_CONTEXT() REPRESENTATION_CONTEXT('2D SPACE',''
  ) );
#14692 = PCURVE('',#5765,#14693);
#14693 = DEFINITIONAL_REPRESENTATION('',(#14694),#14697);
#14694 = B_SPLINE_CURVE_WITH_KNOTS('',1,(#14695,#14696),.UNSPECIFIED.,
  .F.,.F.,(2,2),(0.,35.288913929208),.PIECEWISE_BEZIER_KNOTS.);
#14695 = CARTESIAN_POINT('',(0.,28.1));
#14696 = CARTESIAN_POINT('',(35.000653896056,23.598703170029));
#14697 = ( GEOMETRIC_REPRESENTATION_CONTEXT(2) 
PARAMETRIC_REPRESENTATION_CONTEXT() REPRESENTATION_CONTEXT('2D SPACE',''
  ) );
#14698 = ORIENTED_EDGE('',*,*,#14699,.T.);
#14699 = EDGE_CURVE('',#14679,#14700,#14702,.T.);
#14700 = VERTEX_POINT('',#14701);
#14701 = CARTESIAN_POINT('',(45.548703170029,-9.548703170029,5.));
#14702 = SURFACE_CURVE('',#14703,(#14707,#14714),.PCURVE_S1.);
#14703 = LINE('',#14704,#14705);
#14704 = CARTESIAN_POINT('',(19.95,-9.548703170029,5.));
#14705 = VECTOR('',#14706,1.);
#14706 = DIRECTION('',(1.,0.,0.));
#14707 = PCURVE('',#5739,#14708);
#14708 = DEFINITIONAL_REPRESENTATION('',(#14709),#14713);
#14709 = LINE('',#14710,#14711);
#14710 = CARTESIAN_POINT('',(35.000653896056,0.));
#14711 = VECTOR('',#14712,1.);
#14712 = DIRECTION('',(0.,1.));
#14713 = ( GEOMETRIC_REPRESENTATION_CONTEXT(2) 
PARAMETRIC_REPRESENTATION_CONTEXT() REPRESENTATION_CONTEXT('2D SPACE',''
  ) );
#14714 = PCURVE('',#14715,#14720);
#14715 = PLANE('',#14716);
#14716 = AXIS2_PLACEMENT_3D('',#14717,#14718,#14719);
#14717 = CARTESIAN_POINT('',(35.,0.,5.));
#14718 = DIRECTION('',(0.,0.,1.));
#14719 = DIRECTION('',(1.,0.,0.));
#14720 = DEFINITIONAL_REPRESENTATION('',(#14721),#14725);
#14721 = LINE('',#14722,#14723);
#14722 = CARTESIAN_POINT('',(-15.05,-9.548703170029));
#14723 = VECTOR('',#14724,1.);
#14724 = DIRECTION('',(1.,0.));
#14725 = ( GEOMETRIC_REPRESENTATION_CONTEXT(2) 
PARAMETRIC_REPRESENTATION_CONTEXT() REPRESENTATION_CONTEXT('2D SPACE',''
  ) );
#14726 = ORIENTED_EDGE('',*,*,#14727,.F.);
#14727 = EDGE_CURVE('',#5725,#14700,#14728,.T.);
#14728 = SURFACE_CURVE('',#14729,(#14733,#14739),.PCURVE_S1.);
#14729 = LINE('',#14730,#14731);
#14730 = CARTESIAN_POINT('',(50.05,-14.05,39.71));
#14731 = VECTOR('',#14732,1.);
#14732 = DIRECTION('',(-0.127555550137,0.127555550137,-0.983595019944));
#14733 = PCURVE('',#5739,#14734);
#14734 = DEFINITIONAL_REPRESENTATION('',(#14735),#14738);
#14735 = B_SPLINE_CURVE_WITH_KNOTS('',1,(#14736,#14737),.UNSPECIFIED.,
  .F.,.F.,(2,2),(0.,35.288913929208),.PIECEWISE_BEZIER_KNOTS.);
#14736 = CARTESIAN_POINT('',(0.,30.1));
#14737 = CARTESIAN_POINT('',(35.000653896056,25.598703170029));
#14738 = ( GEOMETRIC_REPRESENTATION_CONTEXT(2) 
PARAMETRIC_REPRESENTATION_CONTEXT() REPRESENTATION_CONTEXT('2D SPACE',''
  ) );
#14739 = PCURVE('',#5815,#14740);
#14740 = DEFINITIONAL_REPRESENTATION('',(#14741),#14744);
#14741 = B_SPLINE_CURVE_WITH_KNOTS('',1,(#14742,#14743),.UNSPECIFIED.,
  .F.,.F.,(2,2),(0.,35.288913929208),.PIECEWISE_BEZIER_KNOTS.);
#14742 = CARTESIAN_POINT('',(0.,0.));
#14743 = CARTESIAN_POINT('',(35.000653896056,4.501296829971));
#14744 = ( GEOMETRIC_REPRESENTATION_CONTEXT(2) 
PARAMETRIC_REPRESENTATION_CONTEXT() REPRESENTATION_CONTEXT('2D SPACE',''
  ) );
#14745 = ADVANCED_FACE('',(#14746),#5765,.T.);
#14746 = FACE_BOUND('',#14747,.T.);
#14747 = EDGE_LOOP('',(#14748,#14749,#14770,#14791));
#14748 = ORIENTED_EDGE('',*,*,#5750,.F.);
#14749 = ORIENTED_EDGE('',*,*,#14750,.T.);
#14750 = EDGE_CURVE('',#5751,#14751,#14753,.T.);
#14751 = VERTEX_POINT('',#14752);
#14752 = CARTESIAN_POINT('',(24.451296829971,9.548703170029,5.));
#14753 = SURFACE_CURVE('',#14754,(#14758,#14764),.PCURVE_S1.);
#14754 = LINE('',#14755,#14756);
#14755 = CARTESIAN_POINT('',(19.95,14.05,39.71));
#14756 = VECTOR('',#14757,1.);
#14757 = DIRECTION('',(0.127555550137,-0.127555550137,-0.983595019944));
#14758 = PCURVE('',#5765,#14759);
#14759 = DEFINITIONAL_REPRESENTATION('',(#14760),#14763);
#14760 = B_SPLINE_CURVE_WITH_KNOTS('',1,(#14761,#14762),.UNSPECIFIED.,
  .F.,.F.,(2,2),(0.,35.288913929208),.PIECEWISE_BEZIER_KNOTS.);
#14761 = CARTESIAN_POINT('',(0.,0.));
#14762 = CARTESIAN_POINT('',(35.000653896056,4.501296829971));
#14763 = ( GEOMETRIC_REPRESENTATION_CONTEXT(2) 
PARAMETRIC_REPRESENTATION_CONTEXT() REPRESENTATION_CONTEXT('2D SPACE',''
  ) );
#14764 = PCURVE('',#5791,#14765);
#14765 = DEFINITIONAL_REPRESENTATION('',(#14766),#14769);
#14766 = B_SPLINE_CURVE_WITH_KNOTS('',1,(#14767,#14768),.UNSPECIFIED.,
  .F.,.F.,(2,2),(0.,35.288913929208),.PIECEWISE_BEZIER_KNOTS.);
#14767 = CARTESIAN_POINT('',(0.,30.1));
#14768 = CARTESIAN_POINT('',(35.000653896056,25.598703170029));
#14769 = ( GEOMETRIC_REPRESENTATION_CONTEXT(2) 
PARAMETRIC_REPRESENTATION_CONTEXT() REPRESENTATION_CONTEXT('2D SPACE',''
  ) );
#14770 = ORIENTED_EDGE('',*,*,#14771,.T.);
#14771 = EDGE_CURVE('',#14751,#14679,#14772,.T.);
#14772 = SURFACE_CURVE('',#14773,(#14777,#14784),.PCURVE_S1.);
#14773 = LINE('',#14774,#14775);
#14774 = CARTESIAN_POINT('',(24.451296829971,14.05,5.));
#14775 = VECTOR('',#14776,1.);
#14776 = DIRECTION('',(0.,-1.,0.));
#14777 = PCURVE('',#5765,#14778);
#14778 = DEFINITIONAL_REPRESENTATION('',(#14779),#14783);
#14779 = LINE('',#14780,#14781);
#14780 = CARTESIAN_POINT('',(35.000653896056,0.));
#14781 = VECTOR('',#14782,1.);
#14782 = DIRECTION('',(0.,1.));
#14783 = ( GEOMETRIC_REPRESENTATION_CONTEXT(2) 
PARAMETRIC_REPRESENTATION_CONTEXT() REPRESENTATION_CONTEXT('2D SPACE',''
  ) );
#14784 = PCURVE('',#14715,#14785);
#14785 = DEFINITIONAL_REPRESENTATION('',(#14786),#14790);
#14786 = LINE('',#14787,#14788);
#14787 = CARTESIAN_POINT('',(-10.54870317002,14.05));
#14788 = VECTOR('',#14789,1.);
#14789 = DIRECTION('',(0.,-1.));
#14790 = ( GEOMETRIC_REPRESENTATION_CONTEXT(2) 
PARAMETRIC_REPRESENTATION_CONTEXT() REPRESENTATION_CONTEXT('2D SPACE',''
  ) );
#14791 = ORIENTED_EDGE('',*,*,#14678,.F.);
#14792 = ADVANCED_FACE('',(#14793),#5815,.T.);
#14793 = FACE_BOUND('',#14794,.T.);
#14794 = EDGE_LOOP('',(#14795,#14796,#14797,#14820));
#14795 = ORIENTED_EDGE('',*,*,#5802,.F.);
#14796 = ORIENTED_EDGE('',*,*,#14727,.T.);
#14797 = ORIENTED_EDGE('',*,*,#14798,.T.);
#14798 = EDGE_CURVE('',#14700,#14799,#14801,.T.);
#14799 = VERTEX_POINT('',#14800);
#14800 = CARTESIAN_POINT('',(45.548703170029,9.548703170029,5.));
#14801 = SURFACE_CURVE('',#14802,(#14806,#14813),.PCURVE_S1.);
#14802 = LINE('',#14803,#14804);
#14803 = CARTESIAN_POINT('',(45.548703170029,-14.05,5.));
#14804 = VECTOR('',#14805,1.);
#14805 = DIRECTION('',(0.,1.,0.));
#14806 = PCURVE('',#5815,#14807);
#14807 = DEFINITIONAL_REPRESENTATION('',(#14808),#14812);
#14808 = LINE('',#14809,#14810);
#14809 = CARTESIAN_POINT('',(35.000653896056,0.));
#14810 = VECTOR('',#14811,1.);
#14811 = DIRECTION('',(0.,1.));
#14812 = ( GEOMETRIC_REPRESENTATION_CONTEXT(2) 
PARAMETRIC_REPRESENTATION_CONTEXT() REPRESENTATION_CONTEXT('2D SPACE',''
  ) );
#14813 = PCURVE('',#14715,#14814);
#14814 = DEFINITIONAL_REPRESENTATION('',(#14815),#14819);
#14815 = LINE('',#14816,#14817);
#14816 = CARTESIAN_POINT('',(10.548703170029,-14.05));
#14817 = VECTOR('',#14818,1.);
#14818 = DIRECTION('',(0.,1.));
#14819 = ( GEOMETRIC_REPRESENTATION_CONTEXT(2) 
PARAMETRIC_REPRESENTATION_CONTEXT() REPRESENTATION_CONTEXT('2D SPACE',''
  ) );
#14820 = ORIENTED_EDGE('',*,*,#14821,.F.);
#14821 = EDGE_CURVE('',#5777,#14799,#14822,.T.);
#14822 = SURFACE_CURVE('',#14823,(#14827,#14833),.PCURVE_S1.);
#14823 = LINE('',#14824,#14825);
#14824 = CARTESIAN_POINT('',(50.05,14.05,39.71));
#14825 = VECTOR('',#14826,1.);
#14826 = DIRECTION('',(-0.127555550137,-0.127555550137,-0.983595019944)
  );
#14827 = PCURVE('',#5815,#14828);
#14828 = DEFINITIONAL_REPRESENTATION('',(#14829),#14832);
#14829 = B_SPLINE_CURVE_WITH_KNOTS('',1,(#14830,#14831),.UNSPECIFIED.,
  .F.,.F.,(2,2),(-0.,35.288913929208),.PIECEWISE_BEZIER_KNOTS.);
#14830 = CARTESIAN_POINT('',(0.,28.1));
#14831 = CARTESIAN_POINT('',(35.000653896056,23.598703170029));
#14832 = ( GEOMETRIC_REPRESENTATION_CONTEXT(2) 
PARAMETRIC_REPRESENTATION_CONTEXT() REPRESENTATION_CONTEXT('2D SPACE',''
  ) );
#14833 = PCURVE('',#5791,#14834);
#14834 = DEFINITIONAL_REPRESENTATION('',(#14835),#14838);
#14835 = B_SPLINE_CURVE_WITH_KNOTS('',1,(#14836,#14837),.UNSPECIFIED.,
  .F.,.F.,(2,2),(-0.,35.288913929208),.PIECEWISE_BEZIER_KNOTS.);
#14836 = CARTESIAN_POINT('',(0.,0.));
#14837 = CARTESIAN_POINT('',(35.000653896056,4.501296829971));
#14838 = ( GEOMETRIC_REPRESENTATION_CONTEXT(2) 
PARAMETRIC_REPRESENTATION_CONTEXT() REPRESENTATION_CONTEXT('2D SPACE',''
  ) );
#14839 = ADVANCED_FACE('',(#14840),#5791,.T.);
#14840 = FACE_BOUND('',#14841,.T.);
#14841 = EDGE_LOOP('',(#14842,#14843,#14844,#14845));
#14842 = ORIENTED_EDGE('',*,*,#14750,.F.);
#14843 = ORIENTED_EDGE('',*,*,#5776,.F.);
#14844 = ORIENTED_EDGE('',*,*,#14821,.T.);
#14845 = ORIENTED_EDGE('',*,*,#14846,.T.);
#14846 = EDGE_CURVE('',#14799,#14751,#14847,.T.);
#14847 = SURFACE_CURVE('',#14848,(#14852,#14859),.PCURVE_S1.);
#14848 = LINE('',#14849,#14850);
#14849 = CARTESIAN_POINT('',(50.05,9.548703170029,5.));
#14850 = VECTOR('',#14851,1.);
#14851 = DIRECTION('',(-1.,0.,0.));
#14852 = PCURVE('',#5791,#14853);
#14853 = DEFINITIONAL_REPRESENTATION('',(#14854),#14858);
#14854 = LINE('',#14855,#14856);
#14855 = CARTESIAN_POINT('',(35.000653896056,0.));
#14856 = VECTOR('',#14857,1.);
#14857 = DIRECTION('',(-0.,1.));
#14858 = ( GEOMETRIC_REPRESENTATION_CONTEXT(2) 
PARAMETRIC_REPRESENTATION_CONTEXT() REPRESENTATION_CONTEXT('2D SPACE',''
  ) );
#14859 = PCURVE('',#14715,#14860);
#14860 = DEFINITIONAL_REPRESENTATION('',(#14861),#14865);
#14861 = LINE('',#14862,#14863);
#14862 = CARTESIAN_POINT('',(15.05,9.548703170029));
#14863 = VECTOR('',#14864,1.);
#14864 = DIRECTION('',(-1.,0.));
#14865 = ( GEOMETRIC_REPRESENTATION_CONTEXT(2) 
PARAMETRIC_REPRESENTATION_CONTEXT() REPRESENTATION_CONTEXT('2D SPACE',''
  ) );
#14866 = ADVANCED_FACE('',(#14867),#5845,.T.);
#14867 = FACE_BOUND('',#14868,.T.);
#14868 = EDGE_LOOP('',(#14869,#14870,#14891,#14919));
#14869 = ORIENTED_EDGE('',*,*,#5828,.F.);
#14870 = ORIENTED_EDGE('',*,*,#14871,.T.);
#14871 = EDGE_CURVE('',#5829,#14872,#14874,.T.);
#14872 = VERTEX_POINT('',#14873);
#14873 = CARTESIAN_POINT('',(-10.54870317002,23.451296829971,5.));
#14874 = SURFACE_CURVE('',#14875,(#14879,#14885),.PCURVE_S1.);
#14875 = LINE('',#14876,#14877);
#14876 = CARTESIAN_POINT('',(-15.05,18.95,39.71));
#14877 = VECTOR('',#14878,1.);
#14878 = DIRECTION('',(0.127555550137,0.127555550137,-0.983595019944));
#14879 = PCURVE('',#5845,#14880);
#14880 = DEFINITIONAL_REPRESENTATION('',(#14881),#14884);
#14881 = B_SPLINE_CURVE_WITH_KNOTS('',1,(#14882,#14883),.UNSPECIFIED.,
  .F.,.F.,(2,2),(0.,35.288913929208),.PIECEWISE_BEZIER_KNOTS.);
#14882 = CARTESIAN_POINT('',(0.,0.));
#14883 = CARTESIAN_POINT('',(35.000653896056,4.501296829971));
#14884 = ( GEOMETRIC_REPRESENTATION_CONTEXT(2) 
PARAMETRIC_REPRESENTATION_CONTEXT() REPRESENTATION_CONTEXT('2D SPACE',''
  ) );
#14885 = PCURVE('',#5871,#14886);
#14886 = DEFINITIONAL_REPRESENTATION('',(#14887),#14890);
#14887 = B_SPLINE_CURVE_WITH_KNOTS('',1,(#14888,#14889),.UNSPECIFIED.,
  .F.,.F.,(2,2),(0.,35.288913929208),.PIECEWISE_BEZIER_KNOTS.);
#14888 = CARTESIAN_POINT('',(0.,28.1));
#14889 = CARTESIAN_POINT('',(35.000653896056,23.598703170029));
#14890 = ( GEOMETRIC_REPRESENTATION_CONTEXT(2) 
PARAMETRIC_REPRESENTATION_CONTEXT() REPRESENTATION_CONTEXT('2D SPACE',''
  ) );
#14891 = ORIENTED_EDGE('',*,*,#14892,.T.);
#14892 = EDGE_CURVE('',#14872,#14893,#14895,.T.);
#14893 = VERTEX_POINT('',#14894);
#14894 = CARTESIAN_POINT('',(10.548703170029,23.451296829971,5.));
#14895 = SURFACE_CURVE('',#14896,(#14900,#14907),.PCURVE_S1.);
#14896 = LINE('',#14897,#14898);
#14897 = CARTESIAN_POINT('',(-15.05,23.451296829971,5.));
#14898 = VECTOR('',#14899,1.);
#14899 = DIRECTION('',(1.,0.,0.));
#14900 = PCURVE('',#5845,#14901);
#14901 = DEFINITIONAL_REPRESENTATION('',(#14902),#14906);
#14902 = LINE('',#14903,#14904);
#14903 = CARTESIAN_POINT('',(35.000653896056,0.));
#14904 = VECTOR('',#14905,1.);
#14905 = DIRECTION('',(0.,1.));
#14906 = ( GEOMETRIC_REPRESENTATION_CONTEXT(2) 
PARAMETRIC_REPRESENTATION_CONTEXT() REPRESENTATION_CONTEXT('2D SPACE',''
  ) );
#14907 = PCURVE('',#14908,#14913);
#14908 = PLANE('',#14909);
#14909 = AXIS2_PLACEMENT_3D('',#14910,#14911,#14912);
#14910 = CARTESIAN_POINT('',(0.,33.,5.));
#14911 = DIRECTION('',(0.,0.,1.));
#14912 = DIRECTION('',(1.,0.,0.));
#14913 = DEFINITIONAL_REPRESENTATION('',(#14914),#14918);
#14914 = LINE('',#14915,#14916);
#14915 = CARTESIAN_POINT('',(-15.05,-9.548703170029));
#14916 = VECTOR('',#14917,1.);
#14917 = DIRECTION('',(1.,0.));
#14918 = ( GEOMETRIC_REPRESENTATION_CONTEXT(2) 
PARAMETRIC_REPRESENTATION_CONTEXT() REPRESENTATION_CONTEXT('2D SPACE',''
  ) );
#14919 = ORIENTED_EDGE('',*,*,#14920,.F.);
#14920 = EDGE_CURVE('',#5831,#14893,#14921,.T.);
#14921 = SURFACE_CURVE('',#14922,(#14926,#14932),.PCURVE_S1.);
#14922 = LINE('',#14923,#14924);
#14923 = CARTESIAN_POINT('',(15.05,18.95,39.71));
#14924 = VECTOR('',#14925,1.);
#14925 = DIRECTION('',(-0.127555550137,0.127555550137,-0.983595019944));
#14926 = PCURVE('',#5845,#14927);
#14927 = DEFINITIONAL_REPRESENTATION('',(#14928),#14931);
#14928 = B_SPLINE_CURVE_WITH_KNOTS('',1,(#14929,#14930),.UNSPECIFIED.,
  .F.,.F.,(2,2),(7.24295831805E-06,35.288913929208),
  .PIECEWISE_BEZIER_KNOTS.);
#14929 = CARTESIAN_POINT('',(7.183793691758E-06,30.09999907612));
#14930 = CARTESIAN_POINT('',(35.000653896056,25.598703170029));
#14931 = ( GEOMETRIC_REPRESENTATION_CONTEXT(2) 
PARAMETRIC_REPRESENTATION_CONTEXT() REPRESENTATION_CONTEXT('2D SPACE',''
  ) );
#14932 = PCURVE('',#5921,#14933);
#14933 = DEFINITIONAL_REPRESENTATION('',(#14934),#14937);
#14934 = B_SPLINE_CURVE_WITH_KNOTS('',1,(#14935,#14936),.UNSPECIFIED.,
  .F.,.F.,(2,2),(7.24295831805E-06,35.288913929208),
  .PIECEWISE_BEZIER_KNOTS.);
#14935 = CARTESIAN_POINT('',(7.183793691758E-06,9.23879532877E-07));
#14936 = CARTESIAN_POINT('',(35.000653896056,4.501296829971));
#14937 = ( GEOMETRIC_REPRESENTATION_CONTEXT(2) 
PARAMETRIC_REPRESENTATION_CONTEXT() REPRESENTATION_CONTEXT('2D SPACE',''
  ) );
#14938 = ADVANCED_FACE('',(#14939),#5871,.T.);
#14939 = FACE_BOUND('',#14940,.T.);
#14940 = EDGE_LOOP('',(#14941,#14942,#14963,#14984));
#14941 = ORIENTED_EDGE('',*,*,#5856,.F.);
#14942 = ORIENTED_EDGE('',*,*,#14943,.T.);
#14943 = EDGE_CURVE('',#5857,#14944,#14946,.T.);
#14944 = VERTEX_POINT('',#14945);
#14945 = CARTESIAN_POINT('',(-10.54870317002,42.548703170029,5.));
#14946 = SURFACE_CURVE('',#14947,(#14951,#14957),.PCURVE_S1.);
#14947 = LINE('',#14948,#14949);
#14948 = CARTESIAN_POINT('',(-15.05,47.05,39.71));
#14949 = VECTOR('',#14950,1.);
#14950 = DIRECTION('',(0.127555550137,-0.127555550137,-0.983595019944));
#14951 = PCURVE('',#5871,#14952);
#14952 = DEFINITIONAL_REPRESENTATION('',(#14953),#14956);
#14953 = B_SPLINE_CURVE_WITH_KNOTS('',1,(#14954,#14955),.UNSPECIFIED.,
  .F.,.F.,(2,2),(7.24295831805E-06,35.288913929208),
  .PIECEWISE_BEZIER_KNOTS.);
#14954 = CARTESIAN_POINT('',(7.183793691758E-06,9.23879532877E-07));
#14955 = CARTESIAN_POINT('',(35.000653896056,4.501296829971));
#14956 = ( GEOMETRIC_REPRESENTATION_CONTEXT(2) 
PARAMETRIC_REPRESENTATION_CONTEXT() REPRESENTATION_CONTEXT('2D SPACE',''
  ) );
#14957 = PCURVE('',#5897,#14958);
#14958 = DEFINITIONAL_REPRESENTATION('',(#14959),#14962);
#14959 = B_SPLINE_CURVE_WITH_KNOTS('',1,(#14960,#14961),.UNSPECIFIED.,
  .F.,.F.,(2,2),(7.24295831805E-06,35.288913929208),
  .PIECEWISE_BEZIER_KNOTS.);
#14960 = CARTESIAN_POINT('',(7.183793691758E-06,30.09999907612));
#14961 = CARTESIAN_POINT('',(35.000653896056,25.598703170029));
#14962 = ( GEOMETRIC_REPRESENTATION_CONTEXT(2) 
PARAMETRIC_REPRESENTATION_CONTEXT() REPRESENTATION_CONTEXT('2D SPACE',''
  ) );
#14963 = ORIENTED_EDGE('',*,*,#14964,.T.);
#14964 = EDGE_CURVE('',#14944,#14872,#14965,.T.);
#14965 = SURFACE_CURVE('',#14966,(#14970,#14977),.PCURVE_S1.);
#14966 = LINE('',#14967,#14968);
#14967 = CARTESIAN_POINT('',(-10.54870317002,47.05,5.));
#14968 = VECTOR('',#14969,1.);
#14969 = DIRECTION('',(0.,-1.,0.));
#14970 = PCURVE('',#5871,#14971);
#14971 = DEFINITIONAL_REPRESENTATION('',(#14972),#14976);
#14972 = LINE('',#14973,#14974);
#14973 = CARTESIAN_POINT('',(35.000653896056,0.));
#14974 = VECTOR('',#14975,1.);
#14975 = DIRECTION('',(0.,1.));
#14976 = ( GEOMETRIC_REPRESENTATION_CONTEXT(2) 
PARAMETRIC_REPRESENTATION_CONTEXT() REPRESENTATION_CONTEXT('2D SPACE',''
  ) );
#14977 = PCURVE('',#14908,#14978);
#14978 = DEFINITIONAL_REPRESENTATION('',(#14979),#14983);
#14979 = LINE('',#14980,#14981);
#14980 = CARTESIAN_POINT('',(-10.54870317002,14.05));
#14981 = VECTOR('',#14982,1.);
#14982 = DIRECTION('',(0.,-1.));
#14983 = ( GEOMETRIC_REPRESENTATION_CONTEXT(2) 
PARAMETRIC_REPRESENTATION_CONTEXT() REPRESENTATION_CONTEXT('2D SPACE',''
  ) );
#14984 = ORIENTED_EDGE('',*,*,#14871,.F.);
#14985 = ADVANCED_FACE('',(#14986),#5921,.T.);
#14986 = FACE_BOUND('',#14987,.T.);
#14987 = EDGE_LOOP('',(#14988,#14989,#14990,#15013));
#14988 = ORIENTED_EDGE('',*,*,#5908,.F.);
#14989 = ORIENTED_EDGE('',*,*,#14920,.T.);
#14990 = ORIENTED_EDGE('',*,*,#14991,.T.);
#14991 = EDGE_CURVE('',#14893,#14992,#14994,.T.);
#14992 = VERTEX_POINT('',#14993);
#14993 = CARTESIAN_POINT('',(10.548703170029,42.548703170029,5.));
#14994 = SURFACE_CURVE('',#14995,(#14999,#15006),.PCURVE_S1.);
#14995 = LINE('',#14996,#14997);
#14996 = CARTESIAN_POINT('',(10.548703170029,18.95,5.));
#14997 = VECTOR('',#14998,1.);
#14998 = DIRECTION('',(0.,1.,0.));
#14999 = PCURVE('',#5921,#15000);
#15000 = DEFINITIONAL_REPRESENTATION('',(#15001),#15005);
#15001 = LINE('',#15002,#15003);
#15002 = CARTESIAN_POINT('',(35.000653896056,0.));
#15003 = VECTOR('',#15004,1.);
#15004 = DIRECTION('',(0.,1.));
#15005 = ( GEOMETRIC_REPRESENTATION_CONTEXT(2) 
PARAMETRIC_REPRESENTATION_CONTEXT() REPRESENTATION_CONTEXT('2D SPACE',''
  ) );
#15006 = PCURVE('',#14908,#15007);
#15007 = DEFINITIONAL_REPRESENTATION('',(#15008),#15012);
#15008 = LINE('',#15009,#15010);
#15009 = CARTESIAN_POINT('',(10.548703170029,-14.05));
#15010 = VECTOR('',#15011,1.);
#15011 = DIRECTION('',(0.,1.));
#15012 = ( GEOMETRIC_REPRESENTATION_CONTEXT(2) 
PARAMETRIC_REPRESENTATION_CONTEXT() REPRESENTATION_CONTEXT('2D SPACE',''
  ) );
#15013 = ORIENTED_EDGE('',*,*,#15014,.F.);
#15014 = EDGE_CURVE('',#5883,#14992,#15015,.T.);
#15015 = SURFACE_CURVE('',#15016,(#15020,#15026),.PCURVE_S1.);
#15016 = LINE('',#15017,#15018);
#15017 = CARTESIAN_POINT('',(15.05,47.05,39.71));
#15018 = VECTOR('',#15019,1.);
#15019 = DIRECTION('',(-0.127555550137,-0.127555550137,-0.983595019944)
  );
#15020 = PCURVE('',#5921,#15021);
#15021 = DEFINITIONAL_REPRESENTATION('',(#15022),#15025);
#15022 = B_SPLINE_CURVE_WITH_KNOTS('',1,(#15023,#15024),.UNSPECIFIED.,
  .F.,.F.,(2,2),(-0.,35.288913929208),.PIECEWISE_BEZIER_KNOTS.);
#15023 = CARTESIAN_POINT('',(0.,28.1));
#15024 = CARTESIAN_POINT('',(35.000653896056,23.598703170029));
#15025 = ( GEOMETRIC_REPRESENTATION_CONTEXT(2) 
PARAMETRIC_REPRESENTATION_CONTEXT() REPRESENTATION_CONTEXT('2D SPACE',''
  ) );
#15026 = PCURVE('',#5897,#15027);
#15027 = DEFINITIONAL_REPRESENTATION('',(#15028),#15031);
#15028 = B_SPLINE_CURVE_WITH_KNOTS('',1,(#15029,#15030),.UNSPECIFIED.,
  .F.,.F.,(2,2),(-0.,35.288913929208),.PIECEWISE_BEZIER_KNOTS.);
#15029 = CARTESIAN_POINT('',(0.,0.));
#15030 = CARTESIAN_POINT('',(35.000653896056,4.501296829971));
#15031 = ( GEOMETRIC_REPRESENTATION_CONTEXT(2) 
PARAMETRIC_REPRESENTATION_CONTEXT() REPRESENTATION_CONTEXT('2D SPACE',''
  ) );
#15032 = ADVANCED_FACE('',(#15033),#5897,.T.);
#15033 = FACE_BOUND('',#15034,.T.);
#15034 = EDGE_LOOP('',(#15035,#15036,#15037,#15038));
#15035 = ORIENTED_EDGE('',*,*,#14943,.F.);
#15036 = ORIENTED_EDGE('',*,*,#5882,.F.);
#15037 = ORIENTED_EDGE('',*,*,#15014,.T.);
#15038 = ORIENTED_EDGE('',*,*,#15039,.T.);
#15039 = EDGE_CURVE('',#14992,#14944,#15040,.T.);
#15040 = SURFACE_CURVE('',#15041,(#15045,#15052),.PCURVE_S1.);
#15041 = LINE('',#15042,#15043);
#15042 = CARTESIAN_POINT('',(15.05,42.548703170029,5.));
#15043 = VECTOR('',#15044,1.);
#15044 = DIRECTION('',(-1.,0.,0.));
#15045 = PCURVE('',#5897,#15046);
#15046 = DEFINITIONAL_REPRESENTATION('',(#15047),#15051);
#15047 = LINE('',#15048,#15049);
#15048 = CARTESIAN_POINT('',(35.000653896056,0.));
#15049 = VECTOR('',#15050,1.);
#15050 = DIRECTION('',(-0.,1.));
#15051 = ( GEOMETRIC_REPRESENTATION_CONTEXT(2) 
PARAMETRIC_REPRESENTATION_CONTEXT() REPRESENTATION_CONTEXT('2D SPACE',''
  ) );
#15052 = PCURVE('',#14908,#15053);
#15053 = DEFINITIONAL_REPRESENTATION('',(#15054),#15058);
#15054 = LINE('',#15055,#15056);
#15055 = CARTESIAN_POINT('',(15.05,9.548703170029));
#15056 = VECTOR('',#15057,1.);
#15057 = DIRECTION('',(-1.,0.));
#15058 = ( GEOMETRIC_REPRESENTATION_CONTEXT(2) 
PARAMETRIC_REPRESENTATION_CONTEXT() REPRESENTATION_CONTEXT('2D SPACE',''
  ) );
#15059 = ADVANCED_FACE('',(#15060),#5951,.T.);
#15060 = FACE_BOUND('',#15061,.T.);
#15061 = EDGE_LOOP('',(#15062,#15063,#15084,#15112));
#15062 = ORIENTED_EDGE('',*,*,#5934,.F.);
#15063 = ORIENTED_EDGE('',*,*,#15064,.T.);
#15064 = EDGE_CURVE('',#5935,#15065,#15067,.T.);
#15065 = VERTEX_POINT('',#15066);
#15066 = CARTESIAN_POINT('',(24.451296829971,23.451296829971,5.));
#15067 = SURFACE_CURVE('',#15068,(#15072,#15078),.PCURVE_S1.);
#15068 = LINE('',#15069,#15070);
#15069 = CARTESIAN_POINT('',(19.95,18.95,39.71));
#15070 = VECTOR('',#15071,1.);
#15071 = DIRECTION('',(0.127555550137,0.127555550137,-0.983595019944));
#15072 = PCURVE('',#5951,#15073);
#15073 = DEFINITIONAL_REPRESENTATION('',(#15074),#15077);
#15074 = B_SPLINE_CURVE_WITH_KNOTS('',1,(#15075,#15076),.UNSPECIFIED.,
  .F.,.F.,(2,2),(0.,35.288913929208),.PIECEWISE_BEZIER_KNOTS.);
#15075 = CARTESIAN_POINT('',(0.,0.));
#15076 = CARTESIAN_POINT('',(35.000653896056,4.501296829971));
#15077 = ( GEOMETRIC_REPRESENTATION_CONTEXT(2) 
PARAMETRIC_REPRESENTATION_CONTEXT() REPRESENTATION_CONTEXT('2D SPACE',''
  ) );
#15078 = PCURVE('',#5977,#15079);
#15079 = DEFINITIONAL_REPRESENTATION('',(#15080),#15083);
#15080 = B_SPLINE_CURVE_WITH_KNOTS('',1,(#15081,#15082),.UNSPECIFIED.,
  .F.,.F.,(2,2),(0.,35.288913929208),.PIECEWISE_BEZIER_KNOTS.);
#15081 = CARTESIAN_POINT('',(0.,28.1));
#15082 = CARTESIAN_POINT('',(35.000653896056,23.598703170029));
#15083 = ( GEOMETRIC_REPRESENTATION_CONTEXT(2) 
PARAMETRIC_REPRESENTATION_CONTEXT() REPRESENTATION_CONTEXT('2D SPACE',''
  ) );
#15084 = ORIENTED_EDGE('',*,*,#15085,.T.);
#15085 = EDGE_CURVE('',#15065,#15086,#15088,.T.);
#15086 = VERTEX_POINT('',#15087);
#15087 = CARTESIAN_POINT('',(45.548703170029,23.451296829971,5.));
#15088 = SURFACE_CURVE('',#15089,(#15093,#15100),.PCURVE_S1.);
#15089 = LINE('',#15090,#15091);
#15090 = CARTESIAN_POINT('',(19.95,23.451296829971,5.));
#15091 = VECTOR('',#15092,1.);
#15092 = DIRECTION('',(1.,0.,0.));
#15093 = PCURVE('',#5951,#15094);
#15094 = DEFINITIONAL_REPRESENTATION('',(#15095),#15099);
#15095 = LINE('',#15096,#15097);
#15096 = CARTESIAN_POINT('',(35.000653896056,0.));
#15097 = VECTOR('',#15098,1.);
#15098 = DIRECTION('',(0.,1.));
#15099 = ( GEOMETRIC_REPRESENTATION_CONTEXT(2) 
PARAMETRIC_REPRESENTATION_CONTEXT() REPRESENTATION_CONTEXT('2D SPACE',''
  ) );
#15100 = PCURVE('',#15101,#15106);
#15101 = PLANE('',#15102);
#15102 = AXIS2_PLACEMENT_3D('',#15103,#15104,#15105);
#15103 = CARTESIAN_POINT('',(35.,33.,5.));
#15104 = DIRECTION('',(0.,0.,1.));
#15105 = DIRECTION('',(1.,0.,0.));
#15106 = DEFINITIONAL_REPRESENTATION('',(#15107),#15111);
#15107 = LINE('',#15108,#15109);
#15108 = CARTESIAN_POINT('',(-15.05,-9.548703170029));
#15109 = VECTOR('',#15110,1.);
#15110 = DIRECTION('',(1.,0.));
#15111 = ( GEOMETRIC_REPRESENTATION_CONTEXT(2) 
PARAMETRIC_REPRESENTATION_CONTEXT() REPRESENTATION_CONTEXT('2D SPACE',''
  ) );
#15112 = ORIENTED_EDGE('',*,*,#15113,.F.);
#15113 = EDGE_CURVE('',#5937,#15086,#15114,.T.);
#15114 = SURFACE_CURVE('',#15115,(#15119,#15125),.PCURVE_S1.);
#15115 = LINE('',#15116,#15117);
#15116 = CARTESIAN_POINT('',(50.05,18.95,39.71));
#15117 = VECTOR('',#15118,1.);
#15118 = DIRECTION('',(-0.127555550137,0.127555550137,-0.983595019944));
#15119 = PCURVE('',#5951,#15120);
#15120 = DEFINITIONAL_REPRESENTATION('',(#15121),#15124);
#15121 = B_SPLINE_CURVE_WITH_KNOTS('',1,(#15122,#15123),.UNSPECIFIED.,
  .F.,.F.,(2,2),(0.,35.288913929208),.PIECEWISE_BEZIER_KNOTS.);
#15122 = CARTESIAN_POINT('',(0.,30.1));
#15123 = CARTESIAN_POINT('',(35.000653896056,25.598703170029));
#15124 = ( GEOMETRIC_REPRESENTATION_CONTEXT(2) 
PARAMETRIC_REPRESENTATION_CONTEXT() REPRESENTATION_CONTEXT('2D SPACE',''
  ) );
#15125 = PCURVE('',#6027,#15126);
#15126 = DEFINITIONAL_REPRESENTATION('',(#15127),#15130);
#15127 = B_SPLINE_CURVE_WITH_KNOTS('',1,(#15128,#15129),.UNSPECIFIED.,
  .F.,.F.,(2,2),(0.,35.288913929208),.PIECEWISE_BEZIER_KNOTS.);
#15128 = CARTESIAN_POINT('',(0.,0.));
#15129 = CARTESIAN_POINT('',(35.000653896056,4.501296829971));
#15130 = ( GEOMETRIC_REPRESENTATION_CONTEXT(2) 
PARAMETRIC_REPRESENTATION_CONTEXT() REPRESENTATION_CONTEXT('2D SPACE',''
  ) );
#15131 = ADVANCED_FACE('',(#15132),#5977,.T.);
#15132 = FACE_BOUND('',#15133,.T.);
#15133 = EDGE_LOOP('',(#15134,#15135,#15156,#15177));
#15134 = ORIENTED_EDGE('',*,*,#5962,.F.);
#15135 = ORIENTED_EDGE('',*,*,#15136,.T.);
#15136 = EDGE_CURVE('',#5963,#15137,#15139,.T.);
#15137 = VERTEX_POINT('',#15138);
#15138 = CARTESIAN_POINT('',(24.451296829971,42.548703170029,5.));
#15139 = SURFACE_CURVE('',#15140,(#15144,#15150),.PCURVE_S1.);
#15140 = LINE('',#15141,#15142);
#15141 = CARTESIAN_POINT('',(19.95,47.05,39.71));
#15142 = VECTOR('',#15143,1.);
#15143 = DIRECTION('',(0.127555550137,-0.127555550137,-0.983595019944));
#15144 = PCURVE('',#5977,#15145);
#15145 = DEFINITIONAL_REPRESENTATION('',(#15146),#15149);
#15146 = B_SPLINE_CURVE_WITH_KNOTS('',1,(#15147,#15148),.UNSPECIFIED.,
  .F.,.F.,(2,2),(0.,35.288913929208),.PIECEWISE_BEZIER_KNOTS.);
#15147 = CARTESIAN_POINT('',(0.,0.));
#15148 = CARTESIAN_POINT('',(35.000653896056,4.501296829971));
#15149 = ( GEOMETRIC_REPRESENTATION_CONTEXT(2) 
PARAMETRIC_REPRESENTATION_CONTEXT() REPRESENTATION_CONTEXT('2D SPACE',''
  ) );
#15150 = PCURVE('',#6003,#15151);
#15151 = DEFINITIONAL_REPRESENTATION('',(#15152),#15155);
#15152 = B_SPLINE_CURVE_WITH_KNOTS('',1,(#15153,#15154),.UNSPECIFIED.,
  .F.,.F.,(2,2),(0.,35.288913929208),.PIECEWISE_BEZIER_KNOTS.);
#15153 = CARTESIAN_POINT('',(0.,30.1));
#15154 = CARTESIAN_POINT('',(35.000653896056,25.598703170029));
#15155 = ( GEOMETRIC_REPRESENTATION_CONTEXT(2) 
PARAMETRIC_REPRESENTATION_CONTEXT() REPRESENTATION_CONTEXT('2D SPACE',''
  ) );
#15156 = ORIENTED_EDGE('',*,*,#15157,.T.);
#15157 = EDGE_CURVE('',#15137,#15065,#15158,.T.);
#15158 = SURFACE_CURVE('',#15159,(#15163,#15170),.PCURVE_S1.);
#15159 = LINE('',#15160,#15161);
#15160 = CARTESIAN_POINT('',(24.451296829971,47.05,5.));
#15161 = VECTOR('',#15162,1.);
#15162 = DIRECTION('',(0.,-1.,0.));
#15163 = PCURVE('',#5977,#15164);
#15164 = DEFINITIONAL_REPRESENTATION('',(#15165),#15169);
#15165 = LINE('',#15166,#15167);
#15166 = CARTESIAN_POINT('',(35.000653896056,0.));
#15167 = VECTOR('',#15168,1.);
#15168 = DIRECTION('',(0.,1.));
#15169 = ( GEOMETRIC_REPRESENTATION_CONTEXT(2) 
PARAMETRIC_REPRESENTATION_CONTEXT() REPRESENTATION_CONTEXT('2D SPACE',''
  ) );
#15170 = PCURVE('',#15101,#15171);
#15171 = DEFINITIONAL_REPRESENTATION('',(#15172),#15176);
#15172 = LINE('',#15173,#15174);
#15173 = CARTESIAN_POINT('',(-10.54870317002,14.05));
#15174 = VECTOR('',#15175,1.);
#15175 = DIRECTION('',(0.,-1.));
#15176 = ( GEOMETRIC_REPRESENTATION_CONTEXT(2) 
PARAMETRIC_REPRESENTATION_CONTEXT() REPRESENTATION_CONTEXT('2D SPACE',''
  ) );
#15177 = ORIENTED_EDGE('',*,*,#15064,.F.);
#15178 = ADVANCED_FACE('',(#15179),#6027,.T.);
#15179 = FACE_BOUND('',#15180,.T.);
#15180 = EDGE_LOOP('',(#15181,#15182,#15183,#15206));
#15181 = ORIENTED_EDGE('',*,*,#6014,.F.);
#15182 = ORIENTED_EDGE('',*,*,#15113,.T.);
#15183 = ORIENTED_EDGE('',*,*,#15184,.T.);
#15184 = EDGE_CURVE('',#15086,#15185,#15187,.T.);
#15185 = VERTEX_POINT('',#15186);
#15186 = CARTESIAN_POINT('',(45.548703170029,42.548703170029,5.));
#15187 = SURFACE_CURVE('',#15188,(#15192,#15199),.PCURVE_S1.);
#15188 = LINE('',#15189,#15190);
#15189 = CARTESIAN_POINT('',(45.548703170029,18.95,5.));
#15190 = VECTOR('',#15191,1.);
#15191 = DIRECTION('',(0.,1.,0.));
#15192 = PCURVE('',#6027,#15193);
#15193 = DEFINITIONAL_REPRESENTATION('',(#15194),#15198);
#15194 = LINE('',#15195,#15196);
#15195 = CARTESIAN_POINT('',(35.000653896056,0.));
#15196 = VECTOR('',#15197,1.);
#15197 = DIRECTION('',(0.,1.));
#15198 = ( GEOMETRIC_REPRESENTATION_CONTEXT(2) 
PARAMETRIC_REPRESENTATION_CONTEXT() REPRESENTATION_CONTEXT('2D SPACE',''
  ) );
#15199 = PCURVE('',#15101,#15200);
#15200 = DEFINITIONAL_REPRESENTATION('',(#15201),#15205);
#15201 = LINE('',#15202,#15203);
#15202 = CARTESIAN_POINT('',(10.548703170029,-14.05));
#15203 = VECTOR('',#15204,1.);
#15204 = DIRECTION('',(0.,1.));
#15205 = ( GEOMETRIC_REPRESENTATION_CONTEXT(2) 
PARAMETRIC_REPRESENTATION_CONTEXT() REPRESENTATION_CONTEXT('2D SPACE',''
  ) );
#15206 = ORIENTED_EDGE('',*,*,#15207,.F.);
#15207 = EDGE_CURVE('',#5989,#15185,#15208,.T.);
#15208 = SURFACE_CURVE('',#15209,(#15213,#15219),.PCURVE_S1.);
#15209 = LINE('',#15210,#15211);
#15210 = CARTESIAN_POINT('',(50.05,47.05,39.71));
#15211 = VECTOR('',#15212,1.);
#15212 = DIRECTION('',(-0.127555550137,-0.127555550137,-0.983595019944)
  );
#15213 = PCURVE('',#6027,#15214);
#15214 = DEFINITIONAL_REPRESENTATION('',(#15215),#15218);
#15215 = B_SPLINE_CURVE_WITH_KNOTS('',1,(#15216,#15217),.UNSPECIFIED.,
  .F.,.F.,(2,2),(-0.,35.288913929208),.PIECEWISE_BEZIER_KNOTS.);
#15216 = CARTESIAN_POINT('',(0.,28.1));
#15217 = CARTESIAN_POINT('',(35.000653896056,23.598703170029));
#15218 = ( GEOMETRIC_REPRESENTATION_CONTEXT(2) 
PARAMETRIC_REPRESENTATION_CONTEXT() REPRESENTATION_CONTEXT('2D SPACE',''
  ) );
#15219 = PCURVE('',#6003,#15220);
#15220 = DEFINITIONAL_REPRESENTATION('',(#15221),#15224);
#15221 = B_SPLINE_CURVE_WITH_KNOTS('',1,(#15222,#15223),.UNSPECIFIED.,
  .F.,.F.,(2,2),(-0.,35.288913929208),.PIECEWISE_BEZIER_KNOTS.);
#15222 = CARTESIAN_POINT('',(0.,0.));
#15223 = CARTESIAN_POINT('',(35.000653896056,4.501296829971));
#15224 = ( GEOMETRIC_REPRESENTATION_CONTEXT(2) 
PARAMETRIC_REPRESENTATION_CONTEXT() REPRESENTATION_CONTEXT('2D SPACE',''
  ) );
#15225 = ADVANCED_FACE('',(#15226),#6003,.T.);
#15226 = FACE_BOUND('',#15227,.T.);
#15227 = EDGE_LOOP('',(#15228,#15229,#15230,#15231));
#15228 = ORIENTED_EDGE('',*,*,#15136,.F.);
#15229 = ORIENTED_EDGE('',*,*,#5988,.F.);
#15230 = ORIENTED_EDGE('',*,*,#15207,.T.);
#15231 = ORIENTED_EDGE('',*,*,#15232,.T.);
#15232 = EDGE_CURVE('',#15185,#15137,#15233,.T.);
#15233 = SURFACE_CURVE('',#15234,(#15238,#15245),.PCURVE_S1.);
#15234 = LINE('',#15235,#15236);
#15235 = CARTESIAN_POINT('',(50.05,42.548703170029,5.));
#15236 = VECTOR('',#15237,1.);
#15237 = DIRECTION('',(-1.,0.,0.));
#15238 = PCURVE('',#6003,#15239);
#15239 = DEFINITIONAL_REPRESENTATION('',(#15240),#15244);
#15240 = LINE('',#15241,#15242);
#15241 = CARTESIAN_POINT('',(35.000653896056,0.));
#15242 = VECTOR('',#15243,1.);
#15243 = DIRECTION('',(-0.,1.));
#15244 = ( GEOMETRIC_REPRESENTATION_CONTEXT(2) 
PARAMETRIC_REPRESENTATION_CONTEXT() REPRESENTATION_CONTEXT('2D SPACE',''
  ) );
#15245 = PCURVE('',#15101,#15246);
#15246 = DEFINITIONAL_REPRESENTATION('',(#15247),#15251);
#15247 = LINE('',#15248,#15249);
#15248 = CARTESIAN_POINT('',(15.05,9.548703170029));
#15249 = VECTOR('',#15250,1.);
#15250 = DIRECTION('',(-1.,0.));
#15251 = ( GEOMETRIC_REPRESENTATION_CONTEXT(2) 
PARAMETRIC_REPRESENTATION_CONTEXT() REPRESENTATION_CONTEXT('2D SPACE',''
  ) );
#15252 = ADVANCED_FACE('',(#15253),#6057,.T.);
#15253 = FACE_BOUND('',#15254,.T.);
#15254 = EDGE_LOOP('',(#15255,#15256,#15277,#15305));
#15255 = ORIENTED_EDGE('',*,*,#6040,.F.);
#15256 = ORIENTED_EDGE('',*,*,#15257,.T.);
#15257 = EDGE_CURVE('',#6041,#15258,#15260,.T.);
#15258 = VERTEX_POINT('',#15259);
#15259 = CARTESIAN_POINT('',(59.451296829971,-9.548703170029,5.));
#15260 = SURFACE_CURVE('',#15261,(#15265,#15271),.PCURVE_S1.);
#15261 = LINE('',#15262,#15263);
#15262 = CARTESIAN_POINT('',(54.95,-14.05,39.71));
#15263 = VECTOR('',#15264,1.);
#15264 = DIRECTION('',(0.127555550137,0.127555550137,-0.983595019944));
#15265 = PCURVE('',#6057,#15266);
#15266 = DEFINITIONAL_REPRESENTATION('',(#15267),#15270);
#15267 = B_SPLINE_CURVE_WITH_KNOTS('',1,(#15268,#15269),.UNSPECIFIED.,
  .F.,.F.,(2,2),(0.,35.288913929208),.PIECEWISE_BEZIER_KNOTS.);
#15268 = CARTESIAN_POINT('',(0.,0.));
#15269 = CARTESIAN_POINT('',(35.000653896056,4.501296829971));
#15270 = ( GEOMETRIC_REPRESENTATION_CONTEXT(2) 
PARAMETRIC_REPRESENTATION_CONTEXT() REPRESENTATION_CONTEXT('2D SPACE',''
  ) );
#15271 = PCURVE('',#6083,#15272);
#15272 = DEFINITIONAL_REPRESENTATION('',(#15273),#15276);
#15273 = B_SPLINE_CURVE_WITH_KNOTS('',1,(#15274,#15275),.UNSPECIFIED.,
  .F.,.F.,(2,2),(0.,35.288913929208),.PIECEWISE_BEZIER_KNOTS.);
#15274 = CARTESIAN_POINT('',(0.,28.1));
#15275 = CARTESIAN_POINT('',(35.000653896056,23.598703170029));
#15276 = ( GEOMETRIC_REPRESENTATION_CONTEXT(2) 
PARAMETRIC_REPRESENTATION_CONTEXT() REPRESENTATION_CONTEXT('2D SPACE',''
  ) );
#15277 = ORIENTED_EDGE('',*,*,#15278,.T.);
#15278 = EDGE_CURVE('',#15258,#15279,#15281,.T.);
#15279 = VERTEX_POINT('',#15280);
#15280 = CARTESIAN_POINT('',(80.548703170029,-9.548703170029,5.));
#15281 = SURFACE_CURVE('',#15282,(#15286,#15293),.PCURVE_S1.);
#15282 = LINE('',#15283,#15284);
#15283 = CARTESIAN_POINT('',(54.95,-9.548703170029,5.));
#15284 = VECTOR('',#15285,1.);
#15285 = DIRECTION('',(1.,0.,0.));
#15286 = PCURVE('',#6057,#15287);
#15287 = DEFINITIONAL_REPRESENTATION('',(#15288),#15292);
#15288 = LINE('',#15289,#15290);
#15289 = CARTESIAN_POINT('',(35.000653896056,0.));
#15290 = VECTOR('',#15291,1.);
#15291 = DIRECTION('',(0.,1.));
#15292 = ( GEOMETRIC_REPRESENTATION_CONTEXT(2) 
PARAMETRIC_REPRESENTATION_CONTEXT() REPRESENTATION_CONTEXT('2D SPACE',''
  ) );
#15293 = PCURVE('',#15294,#15299);
#15294 = PLANE('',#15295);
#15295 = AXIS2_PLACEMENT_3D('',#15296,#15297,#15298);
#15296 = CARTESIAN_POINT('',(70.,4.883455228592E-16,5.));
#15297 = DIRECTION('',(0.,0.,1.));
#15298 = DIRECTION('',(1.,0.,0.));
#15299 = DEFINITIONAL_REPRESENTATION('',(#15300),#15304);
#15300 = LINE('',#15301,#15302);
#15301 = CARTESIAN_POINT('',(-15.05,-9.548703170029));
#15302 = VECTOR('',#15303,1.);
#15303 = DIRECTION('',(1.,0.));
#15304 = ( GEOMETRIC_REPRESENTATION_CONTEXT(2) 
PARAMETRIC_REPRESENTATION_CONTEXT() REPRESENTATION_CONTEXT('2D SPACE',''
  ) );
#15305 = ORIENTED_EDGE('',*,*,#15306,.F.);
#15306 = EDGE_CURVE('',#6043,#15279,#15307,.T.);
#15307 = SURFACE_CURVE('',#15308,(#15312,#15318),.PCURVE_S1.);
#15308 = LINE('',#15309,#15310);
#15309 = CARTESIAN_POINT('',(85.05,-14.05,39.71));
#15310 = VECTOR('',#15311,1.);
#15311 = DIRECTION('',(-0.127555550137,0.127555550137,-0.983595019944));
#15312 = PCURVE('',#6057,#15313);
#15313 = DEFINITIONAL_REPRESENTATION('',(#15314),#15317);
#15314 = B_SPLINE_CURVE_WITH_KNOTS('',1,(#15315,#15316),.UNSPECIFIED.,
  .F.,.F.,(2,2),(0.,35.288913929208),.PIECEWISE_BEZIER_KNOTS.);
#15315 = CARTESIAN_POINT('',(0.,30.1));
#15316 = CARTESIAN_POINT('',(35.000653896056,25.598703170029));
#15317 = ( GEOMETRIC_REPRESENTATION_CONTEXT(2) 
PARAMETRIC_REPRESENTATION_CONTEXT() REPRESENTATION_CONTEXT('2D SPACE',''
  ) );
#15318 = PCURVE('',#6133,#15319);
#15319 = DEFINITIONAL_REPRESENTATION('',(#15320),#15323);
#15320 = B_SPLINE_CURVE_WITH_KNOTS('',1,(#15321,#15322),.UNSPECIFIED.,
  .F.,.F.,(2,2),(0.,35.288913929208),.PIECEWISE_BEZIER_KNOTS.);
#15321 = CARTESIAN_POINT('',(0.,0.));
#15322 = CARTESIAN_POINT('',(35.000653896056,4.501296829971));
#15323 = ( GEOMETRIC_REPRESENTATION_CONTEXT(2) 
PARAMETRIC_REPRESENTATION_CONTEXT() REPRESENTATION_CONTEXT('2D SPACE',''
  ) );
#15324 = ADVANCED_FACE('',(#15325),#6083,.T.);
#15325 = FACE_BOUND('',#15326,.T.);
#15326 = EDGE_LOOP('',(#15327,#15328,#15349,#15370));
#15327 = ORIENTED_EDGE('',*,*,#6068,.F.);
#15328 = ORIENTED_EDGE('',*,*,#15329,.T.);
#15329 = EDGE_CURVE('',#6069,#15330,#15332,.T.);
#15330 = VERTEX_POINT('',#15331);
#15331 = CARTESIAN_POINT('',(59.451296829971,9.548703170029,5.));
#15332 = SURFACE_CURVE('',#15333,(#15337,#15343),.PCURVE_S1.);
#15333 = LINE('',#15334,#15335);
#15334 = CARTESIAN_POINT('',(54.95,14.05,39.71));
#15335 = VECTOR('',#15336,1.);
#15336 = DIRECTION('',(0.127555550137,-0.127555550137,-0.983595019944));
#15337 = PCURVE('',#6083,#15338);
#15338 = DEFINITIONAL_REPRESENTATION('',(#15339),#15342);
#15339 = B_SPLINE_CURVE_WITH_KNOTS('',1,(#15340,#15341),.UNSPECIFIED.,
  .F.,.F.,(2,2),(0.,35.288913929208),.PIECEWISE_BEZIER_KNOTS.);
#15340 = CARTESIAN_POINT('',(0.,0.));
#15341 = CARTESIAN_POINT('',(35.000653896056,4.501296829971));
#15342 = ( GEOMETRIC_REPRESENTATION_CONTEXT(2) 
PARAMETRIC_REPRESENTATION_CONTEXT() REPRESENTATION_CONTEXT('2D SPACE',''
  ) );
#15343 = PCURVE('',#6109,#15344);
#15344 = DEFINITIONAL_REPRESENTATION('',(#15345),#15348);
#15345 = B_SPLINE_CURVE_WITH_KNOTS('',1,(#15346,#15347),.UNSPECIFIED.,
  .F.,.F.,(2,2),(0.,35.288913929208),.PIECEWISE_BEZIER_KNOTS.);
#15346 = CARTESIAN_POINT('',(0.,30.1));
#15347 = CARTESIAN_POINT('',(35.000653896056,25.598703170029));
#15348 = ( GEOMETRIC_REPRESENTATION_CONTEXT(2) 
PARAMETRIC_REPRESENTATION_CONTEXT() REPRESENTATION_CONTEXT('2D SPACE',''
  ) );
#15349 = ORIENTED_EDGE('',*,*,#15350,.T.);
#15350 = EDGE_CURVE('',#15330,#15258,#15351,.T.);
#15351 = SURFACE_CURVE('',#15352,(#15356,#15363),.PCURVE_S1.);
#15352 = LINE('',#15353,#15354);
#15353 = CARTESIAN_POINT('',(59.451296829971,14.05,5.));
#15354 = VECTOR('',#15355,1.);
#15355 = DIRECTION('',(0.,-1.,0.));
#15356 = PCURVE('',#6083,#15357);
#15357 = DEFINITIONAL_REPRESENTATION('',(#15358),#15362);
#15358 = LINE('',#15359,#15360);
#15359 = CARTESIAN_POINT('',(35.000653896056,0.));
#15360 = VECTOR('',#15361,1.);
#15361 = DIRECTION('',(0.,1.));
#15362 = ( GEOMETRIC_REPRESENTATION_CONTEXT(2) 
PARAMETRIC_REPRESENTATION_CONTEXT() REPRESENTATION_CONTEXT('2D SPACE',''
  ) );
#15363 = PCURVE('',#15294,#15364);
#15364 = DEFINITIONAL_REPRESENTATION('',(#15365),#15369);
#15365 = LINE('',#15366,#15367);
#15366 = CARTESIAN_POINT('',(-10.54870317002,14.05));
#15367 = VECTOR('',#15368,1.);
#15368 = DIRECTION('',(0.,-1.));
#15369 = ( GEOMETRIC_REPRESENTATION_CONTEXT(2) 
PARAMETRIC_REPRESENTATION_CONTEXT() REPRESENTATION_CONTEXT('2D SPACE',''
  ) );
#15370 = ORIENTED_EDGE('',*,*,#15257,.F.);
#15371 = ADVANCED_FACE('',(#15372),#6133,.T.);
#15372 = FACE_BOUND('',#15373,.T.);
#15373 = EDGE_LOOP('',(#15374,#15375,#15376,#15399));
#15374 = ORIENTED_EDGE('',*,*,#6120,.F.);
#15375 = ORIENTED_EDGE('',*,*,#15306,.T.);
#15376 = ORIENTED_EDGE('',*,*,#15377,.T.);
#15377 = EDGE_CURVE('',#15279,#15378,#15380,.T.);
#15378 = VERTEX_POINT('',#15379);
#15379 = CARTESIAN_POINT('',(80.548703170029,9.548703170029,5.));
#15380 = SURFACE_CURVE('',#15381,(#15385,#15392),.PCURVE_S1.);
#15381 = LINE('',#15382,#15383);
#15382 = CARTESIAN_POINT('',(80.548703170029,-14.05,5.));
#15383 = VECTOR('',#15384,1.);
#15384 = DIRECTION('',(0.,1.,0.));
#15385 = PCURVE('',#6133,#15386);
#15386 = DEFINITIONAL_REPRESENTATION('',(#15387),#15391);
#15387 = LINE('',#15388,#15389);
#15388 = CARTESIAN_POINT('',(35.000653896056,0.));
#15389 = VECTOR('',#15390,1.);
#15390 = DIRECTION('',(0.,1.));
#15391 = ( GEOMETRIC_REPRESENTATION_CONTEXT(2) 
PARAMETRIC_REPRESENTATION_CONTEXT() REPRESENTATION_CONTEXT('2D SPACE',''
  ) );
#15392 = PCURVE('',#15294,#15393);
#15393 = DEFINITIONAL_REPRESENTATION('',(#15394),#15398);
#15394 = LINE('',#15395,#15396);
#15395 = CARTESIAN_POINT('',(10.548703170029,-14.05));
#15396 = VECTOR('',#15397,1.);
#15397 = DIRECTION('',(0.,1.));
#15398 = ( GEOMETRIC_REPRESENTATION_CONTEXT(2) 
PARAMETRIC_REPRESENTATION_CONTEXT() REPRESENTATION_CONTEXT('2D SPACE',''
  ) );
#15399 = ORIENTED_EDGE('',*,*,#15400,.F.);
#15400 = EDGE_CURVE('',#6095,#15378,#15401,.T.);
#15401 = SURFACE_CURVE('',#15402,(#15406,#15412),.PCURVE_S1.);
#15402 = LINE('',#15403,#15404);
#15403 = CARTESIAN_POINT('',(85.05,14.05,39.71));
#15404 = VECTOR('',#15405,1.);
#15405 = DIRECTION('',(-0.127555550137,-0.127555550137,-0.983595019944)
  );
#15406 = PCURVE('',#6133,#15407);
#15407 = DEFINITIONAL_REPRESENTATION('',(#15408),#15411);
#15408 = B_SPLINE_CURVE_WITH_KNOTS('',1,(#15409,#15410),.UNSPECIFIED.,
  .F.,.F.,(2,2),(-0.,35.288913929208),.PIECEWISE_BEZIER_KNOTS.);
#15409 = CARTESIAN_POINT('',(0.,28.1));
#15410 = CARTESIAN_POINT('',(35.000653896056,23.598703170029));
#15411 = ( GEOMETRIC_REPRESENTATION_CONTEXT(2) 
PARAMETRIC_REPRESENTATION_CONTEXT() REPRESENTATION_CONTEXT('2D SPACE',''
  ) );
#15412 = PCURVE('',#6109,#15413);
#15413 = DEFINITIONAL_REPRESENTATION('',(#15414),#15417);
#15414 = B_SPLINE_CURVE_WITH_KNOTS('',1,(#15415,#15416),.UNSPECIFIED.,
  .F.,.F.,(2,2),(-0.,35.288913929208),.PIECEWISE_BEZIER_KNOTS.);
#15415 = CARTESIAN_POINT('',(0.,0.));
#15416 = CARTESIAN_POINT('',(35.000653896056,4.501296829971));
#15417 = ( GEOMETRIC_REPRESENTATION_CONTEXT(2) 
PARAMETRIC_REPRESENTATION_CONTEXT() REPRESENTATION_CONTEXT('2D SPACE',''
  ) );
#15418 = ADVANCED_FACE('',(#15419),#6109,.T.);
#15419 = FACE_BOUND('',#15420,.T.);
#15420 = EDGE_LOOP('',(#15421,#15422,#15423,#15424));
#15421 = ORIENTED_EDGE('',*,*,#15329,.F.);
#15422 = ORIENTED_EDGE('',*,*,#6094,.F.);
#15423 = ORIENTED_EDGE('',*,*,#15400,.T.);
#15424 = ORIENTED_EDGE('',*,*,#15425,.T.);
#15425 = EDGE_CURVE('',#15378,#15330,#15426,.T.);
#15426 = SURFACE_CURVE('',#15427,(#15431,#15438),.PCURVE_S1.);
#15427 = LINE('',#15428,#15429);
#15428 = CARTESIAN_POINT('',(85.05,9.548703170029,5.));
#15429 = VECTOR('',#15430,1.);
#15430 = DIRECTION('',(-1.,0.,0.));
#15431 = PCURVE('',#6109,#15432);
#15432 = DEFINITIONAL_REPRESENTATION('',(#15433),#15437);
#15433 = LINE('',#15434,#15435);
#15434 = CARTESIAN_POINT('',(35.000653896056,0.));
#15435 = VECTOR('',#15436,1.);
#15436 = DIRECTION('',(-0.,1.));
#15437 = ( GEOMETRIC_REPRESENTATION_CONTEXT(2) 
PARAMETRIC_REPRESENTATION_CONTEXT() REPRESENTATION_CONTEXT('2D SPACE',''
  ) );
#15438 = PCURVE('',#15294,#15439);
#15439 = DEFINITIONAL_REPRESENTATION('',(#15440),#15444);
#15440 = LINE('',#15441,#15442);
#15441 = CARTESIAN_POINT('',(15.05,9.548703170029));
#15442 = VECTOR('',#15443,1.);
#15443 = DIRECTION('',(-1.,0.));
#15444 = ( GEOMETRIC_REPRESENTATION_CONTEXT(2) 
PARAMETRIC_REPRESENTATION_CONTEXT() REPRESENTATION_CONTEXT('2D SPACE',''
  ) );
#15445 = ADVANCED_FACE('',(#15446),#6163,.T.);
#15446 = FACE_BOUND('',#15447,.T.);
#15447 = EDGE_LOOP('',(#15448,#15449,#15470,#15498));
#15448 = ORIENTED_EDGE('',*,*,#6146,.F.);
#15449 = ORIENTED_EDGE('',*,*,#15450,.T.);
#15450 = EDGE_CURVE('',#6147,#15451,#15453,.T.);
#15451 = VERTEX_POINT('',#15452);
#15452 = CARTESIAN_POINT('',(59.451296829971,23.451296829971,5.));
#15453 = SURFACE_CURVE('',#15454,(#15458,#15464),.PCURVE_S1.);
#15454 = LINE('',#15455,#15456);
#15455 = CARTESIAN_POINT('',(54.95,18.95,39.71));
#15456 = VECTOR('',#15457,1.);
#15457 = DIRECTION('',(0.127555550137,0.127555550137,-0.983595019944));
#15458 = PCURVE('',#6163,#15459);
#15459 = DEFINITIONAL_REPRESENTATION('',(#15460),#15463);
#15460 = B_SPLINE_CURVE_WITH_KNOTS('',1,(#15461,#15462),.UNSPECIFIED.,
  .F.,.F.,(2,2),(0.,35.288913929208),.PIECEWISE_BEZIER_KNOTS.);
#15461 = CARTESIAN_POINT('',(0.,0.));
#15462 = CARTESIAN_POINT('',(35.000653896056,4.501296829971));
#15463 = ( GEOMETRIC_REPRESENTATION_CONTEXT(2) 
PARAMETRIC_REPRESENTATION_CONTEXT() REPRESENTATION_CONTEXT('2D SPACE',''
  ) );
#15464 = PCURVE('',#6189,#15465);
#15465 = DEFINITIONAL_REPRESENTATION('',(#15466),#15469);
#15466 = B_SPLINE_CURVE_WITH_KNOTS('',1,(#15467,#15468),.UNSPECIFIED.,
  .F.,.F.,(2,2),(0.,35.288913929208),.PIECEWISE_BEZIER_KNOTS.);
#15467 = CARTESIAN_POINT('',(0.,28.1));
#15468 = CARTESIAN_POINT('',(35.000653896056,23.598703170029));
#15469 = ( GEOMETRIC_REPRESENTATION_CONTEXT(2) 
PARAMETRIC_REPRESENTATION_CONTEXT() REPRESENTATION_CONTEXT('2D SPACE',''
  ) );
#15470 = ORIENTED_EDGE('',*,*,#15471,.T.);
#15471 = EDGE_CURVE('',#15451,#15472,#15474,.T.);
#15472 = VERTEX_POINT('',#15473);
#15473 = CARTESIAN_POINT('',(80.548703170029,23.451296829971,5.));
#15474 = SURFACE_CURVE('',#15475,(#15479,#15486),.PCURVE_S1.);
#15475 = LINE('',#15476,#15477);
#15476 = CARTESIAN_POINT('',(54.95,23.451296829971,5.));
#15477 = VECTOR('',#15478,1.);
#15478 = DIRECTION('',(1.,0.,0.));
#15479 = PCURVE('',#6163,#15480);
#15480 = DEFINITIONAL_REPRESENTATION('',(#15481),#15485);
#15481 = LINE('',#15482,#15483);
#15482 = CARTESIAN_POINT('',(35.000653896056,0.));
#15483 = VECTOR('',#15484,1.);
#15484 = DIRECTION('',(0.,1.));
#15485 = ( GEOMETRIC_REPRESENTATION_CONTEXT(2) 
PARAMETRIC_REPRESENTATION_CONTEXT() REPRESENTATION_CONTEXT('2D SPACE',''
  ) );
#15486 = PCURVE('',#15487,#15492);
#15487 = PLANE('',#15488);
#15488 = AXIS2_PLACEMENT_3D('',#15489,#15490,#15491);
#15489 = CARTESIAN_POINT('',(70.,33.,5.));
#15490 = DIRECTION('',(0.,0.,1.));
#15491 = DIRECTION('',(1.,0.,0.));
#15492 = DEFINITIONAL_REPRESENTATION('',(#15493),#15497);
#15493 = LINE('',#15494,#15495);
#15494 = CARTESIAN_POINT('',(-15.05,-9.548703170029));
#15495 = VECTOR('',#15496,1.);
#15496 = DIRECTION('',(1.,0.));
#15497 = ( GEOMETRIC_REPRESENTATION_CONTEXT(2) 
PARAMETRIC_REPRESENTATION_CONTEXT() REPRESENTATION_CONTEXT('2D SPACE',''
  ) );
#15498 = ORIENTED_EDGE('',*,*,#15499,.F.);
#15499 = EDGE_CURVE('',#6149,#15472,#15500,.T.);
#15500 = SURFACE_CURVE('',#15501,(#15505,#15511),.PCURVE_S1.);
#15501 = LINE('',#15502,#15503);
#15502 = CARTESIAN_POINT('',(85.05,18.95,39.71));
#15503 = VECTOR('',#15504,1.);
#15504 = DIRECTION('',(-0.127555550137,0.127555550137,-0.983595019944));
#15505 = PCURVE('',#6163,#15506);
#15506 = DEFINITIONAL_REPRESENTATION('',(#15507),#15510);
#15507 = B_SPLINE_CURVE_WITH_KNOTS('',1,(#15508,#15509),.UNSPECIFIED.,
  .F.,.F.,(2,2),(0.,35.288913929208),.PIECEWISE_BEZIER_KNOTS.);
#15508 = CARTESIAN_POINT('',(0.,30.1));
#15509 = CARTESIAN_POINT('',(35.000653896056,25.598703170029));
#15510 = ( GEOMETRIC_REPRESENTATION_CONTEXT(2) 
PARAMETRIC_REPRESENTATION_CONTEXT() REPRESENTATION_CONTEXT('2D SPACE',''
  ) );
#15511 = PCURVE('',#6239,#15512);
#15512 = DEFINITIONAL_REPRESENTATION('',(#15513),#15516);
#15513 = B_SPLINE_CURVE_WITH_KNOTS('',1,(#15514,#15515),.UNSPECIFIED.,
  .F.,.F.,(2,2),(0.,35.288913929208),.PIECEWISE_BEZIER_KNOTS.);
#15514 = CARTESIAN_POINT('',(0.,0.));
#15515 = CARTESIAN_POINT('',(35.000653896056,4.501296829971));
#15516 = ( GEOMETRIC_REPRESENTATION_CONTEXT(2) 
PARAMETRIC_REPRESENTATION_CONTEXT() REPRESENTATION_CONTEXT('2D SPACE',''
  ) );
#15517 = ADVANCED_FACE('',(#15518),#6189,.T.);
#15518 = FACE_BOUND('',#15519,.T.);
#15519 = EDGE_LOOP('',(#15520,#15521,#15542,#15563));
#15520 = ORIENTED_EDGE('',*,*,#6174,.F.);
#15521 = ORIENTED_EDGE('',*,*,#15522,.T.);
#15522 = EDGE_CURVE('',#6175,#15523,#15525,.T.);
#15523 = VERTEX_POINT('',#15524);
#15524 = CARTESIAN_POINT('',(59.451296829971,42.548703170029,5.));
#15525 = SURFACE_CURVE('',#15526,(#15530,#15536),.PCURVE_S1.);
#15526 = LINE('',#15527,#15528);
#15527 = CARTESIAN_POINT('',(54.95,47.05,39.71));
#15528 = VECTOR('',#15529,1.);
#15529 = DIRECTION('',(0.127555550137,-0.127555550137,-0.983595019944));
#15530 = PCURVE('',#6189,#15531);
#15531 = DEFINITIONAL_REPRESENTATION('',(#15532),#15535);
#15532 = B_SPLINE_CURVE_WITH_KNOTS('',1,(#15533,#15534),.UNSPECIFIED.,
  .F.,.F.,(2,2),(0.,35.288913929208),.PIECEWISE_BEZIER_KNOTS.);
#15533 = CARTESIAN_POINT('',(0.,0.));
#15534 = CARTESIAN_POINT('',(35.000653896056,4.501296829971));
#15535 = ( GEOMETRIC_REPRESENTATION_CONTEXT(2) 
PARAMETRIC_REPRESENTATION_CONTEXT() REPRESENTATION_CONTEXT('2D SPACE',''
  ) );
#15536 = PCURVE('',#6215,#15537);
#15537 = DEFINITIONAL_REPRESENTATION('',(#15538),#15541);
#15538 = B_SPLINE_CURVE_WITH_KNOTS('',1,(#15539,#15540),.UNSPECIFIED.,
  .F.,.F.,(2,2),(0.,35.288913929208),.PIECEWISE_BEZIER_KNOTS.);
#15539 = CARTESIAN_POINT('',(0.,30.1));
#15540 = CARTESIAN_POINT('',(35.000653896056,25.598703170029));
#15541 = ( GEOMETRIC_REPRESENTATION_CONTEXT(2) 
PARAMETRIC_REPRESENTATION_CONTEXT() REPRESENTATION_CONTEXT('2D SPACE',''
  ) );
#15542 = ORIENTED_EDGE('',*,*,#15543,.T.);
#15543 = EDGE_CURVE('',#15523,#15451,#15544,.T.);
#15544 = SURFACE_CURVE('',#15545,(#15549,#15556),.PCURVE_S1.);
#15545 = LINE('',#15546,#15547);
#15546 = CARTESIAN_POINT('',(59.451296829971,47.05,5.));
#15547 = VECTOR('',#15548,1.);
#15548 = DIRECTION('',(0.,-1.,0.));
#15549 = PCURVE('',#6189,#15550);
#15550 = DEFINITIONAL_REPRESENTATION('',(#15551),#15555);
#15551 = LINE('',#15552,#15553);
#15552 = CARTESIAN_POINT('',(35.000653896056,0.));
#15553 = VECTOR('',#15554,1.);
#15554 = DIRECTION('',(0.,1.));
#15555 = ( GEOMETRIC_REPRESENTATION_CONTEXT(2) 
PARAMETRIC_REPRESENTATION_CONTEXT() REPRESENTATION_CONTEXT('2D SPACE',''
  ) );
#15556 = PCURVE('',#15487,#15557);
#15557 = DEFINITIONAL_REPRESENTATION('',(#15558),#15562);
#15558 = LINE('',#15559,#15560);
#15559 = CARTESIAN_POINT('',(-10.54870317002,14.05));
#15560 = VECTOR('',#15561,1.);
#15561 = DIRECTION('',(0.,-1.));
#15562 = ( GEOMETRIC_REPRESENTATION_CONTEXT(2) 
PARAMETRIC_REPRESENTATION_CONTEXT() REPRESENTATION_CONTEXT('2D SPACE',''
  ) );
#15563 = ORIENTED_EDGE('',*,*,#15450,.F.);
#15564 = ADVANCED_FACE('',(#15565),#6239,.T.);
#15565 = FACE_BOUND('',#15566,.T.);
#15566 = EDGE_LOOP('',(#15567,#15568,#15569,#15592));
#15567 = ORIENTED_EDGE('',*,*,#6226,.F.);
#15568 = ORIENTED_EDGE('',*,*,#15499,.T.);
#15569 = ORIENTED_EDGE('',*,*,#15570,.T.);
#15570 = EDGE_CURVE('',#15472,#15571,#15573,.T.);
#15571 = VERTEX_POINT('',#15572);
#15572 = CARTESIAN_POINT('',(80.548703170029,42.548703170029,5.));
#15573 = SURFACE_CURVE('',#15574,(#15578,#15585),.PCURVE_S1.);
#15574 = LINE('',#15575,#15576);
#15575 = CARTESIAN_POINT('',(80.548703170029,18.95,5.));
#15576 = VECTOR('',#15577,1.);
#15577 = DIRECTION('',(0.,1.,0.));
#15578 = PCURVE('',#6239,#15579);
#15579 = DEFINITIONAL_REPRESENTATION('',(#15580),#15584);
#15580 = LINE('',#15581,#15582);
#15581 = CARTESIAN_POINT('',(35.000653896056,0.));
#15582 = VECTOR('',#15583,1.);
#15583 = DIRECTION('',(0.,1.));
#15584 = ( GEOMETRIC_REPRESENTATION_CONTEXT(2) 
PARAMETRIC_REPRESENTATION_CONTEXT() REPRESENTATION_CONTEXT('2D SPACE',''
  ) );
#15585 = PCURVE('',#15487,#15586);
#15586 = DEFINITIONAL_REPRESENTATION('',(#15587),#15591);
#15587 = LINE('',#15588,#15589);
#15588 = CARTESIAN_POINT('',(10.548703170029,-14.05));
#15589 = VECTOR('',#15590,1.);
#15590 = DIRECTION('',(0.,1.));
#15591 = ( GEOMETRIC_REPRESENTATION_CONTEXT(2) 
PARAMETRIC_REPRESENTATION_CONTEXT() REPRESENTATION_CONTEXT('2D SPACE',''
  ) );
#15592 = ORIENTED_EDGE('',*,*,#15593,.F.);
#15593 = EDGE_CURVE('',#6201,#15571,#15594,.T.);
#15594 = SURFACE_CURVE('',#15595,(#15599,#15605),.PCURVE_S1.);
#15595 = LINE('',#15596,#15597);
#15596 = CARTESIAN_POINT('',(85.05,47.05,39.71));
#15597 = VECTOR('',#15598,1.);
#15598 = DIRECTION('',(-0.127555550137,-0.127555550137,-0.983595019944)
  );
#15599 = PCURVE('',#6239,#15600);
#15600 = DEFINITIONAL_REPRESENTATION('',(#15601),#15604);
#15601 = B_SPLINE_CURVE_WITH_KNOTS('',1,(#15602,#15603),.UNSPECIFIED.,
  .F.,.F.,(2,2),(-0.,35.288913929208),.PIECEWISE_BEZIER_KNOTS.);
#15602 = CARTESIAN_POINT('',(0.,28.1));
#15603 = CARTESIAN_POINT('',(35.000653896056,23.598703170029));
#15604 = ( GEOMETRIC_REPRESENTATION_CONTEXT(2) 
PARAMETRIC_REPRESENTATION_CONTEXT() REPRESENTATION_CONTEXT('2D SPACE',''
  ) );
#15605 = PCURVE('',#6215,#15606);
#15606 = DEFINITIONAL_REPRESENTATION('',(#15607),#15610);
#15607 = B_SPLINE_CURVE_WITH_KNOTS('',1,(#15608,#15609),.UNSPECIFIED.,
  .F.,.F.,(2,2),(-0.,35.288913929208),.PIECEWISE_BEZIER_KNOTS.);
#15608 = CARTESIAN_POINT('',(0.,0.));
#15609 = CARTESIAN_POINT('',(35.000653896056,4.501296829971));
#15610 = ( GEOMETRIC_REPRESENTATION_CONTEXT(2) 
PARAMETRIC_REPRESENTATION_CONTEXT() REPRESENTATION_CONTEXT('2D SPACE',''
  ) );
#15611 = ADVANCED_FACE('',(#15612),#6215,.T.);
#15612 = FACE_BOUND('',#15613,.T.);
#15613 = EDGE_LOOP('',(#15614,#15615,#15616,#15617));
#15614 = ORIENTED_EDGE('',*,*,#15522,.F.);
#15615 = ORIENTED_EDGE('',*,*,#6200,.F.);
#15616 = ORIENTED_EDGE('',*,*,#15593,.T.);
#15617 = ORIENTED_EDGE('',*,*,#15618,.T.);
#15618 = EDGE_CURVE('',#15571,#15523,#15619,.T.);
#15619 = SURFACE_CURVE('',#15620,(#15624,#15631),.PCURVE_S1.);
#15620 = LINE('',#15621,#15622);
#15621 = CARTESIAN_POINT('',(85.05,42.548703170029,5.));
#15622 = VECTOR('',#15623,1.);
#15623 = DIRECTION('',(-1.,0.,0.));
#15624 = PCURVE('',#6215,#15625);
#15625 = DEFINITIONAL_REPRESENTATION('',(#15626),#15630);
#15626 = LINE('',#15627,#15628);
#15627 = CARTESIAN_POINT('',(35.000653896056,0.));
#15628 = VECTOR('',#15629,1.);
#15629 = DIRECTION('',(-0.,1.));
#15630 = ( GEOMETRIC_REPRESENTATION_CONTEXT(2) 
PARAMETRIC_REPRESENTATION_CONTEXT() REPRESENTATION_CONTEXT('2D SPACE',''
  ) );
#15631 = PCURVE('',#15487,#15632);
#15632 = DEFINITIONAL_REPRESENTATION('',(#15633),#15637);
#15633 = LINE('',#15634,#15635);
#15634 = CARTESIAN_POINT('',(15.05,9.548703170029));
#15635 = VECTOR('',#15636,1.);
#15636 = DIRECTION('',(-1.,0.));
#15637 = ( GEOMETRIC_REPRESENTATION_CONTEXT(2) 
PARAMETRIC_REPRESENTATION_CONTEXT() REPRESENTATION_CONTEXT('2D SPACE',''
  ) );
#15638 = ADVANCED_FACE('',(#15639),#6269,.T.);
#15639 = FACE_BOUND('',#15640,.T.);
#15640 = EDGE_LOOP('',(#15641,#15642,#15663,#15691));
#15641 = ORIENTED_EDGE('',*,*,#6252,.F.);
#15642 = ORIENTED_EDGE('',*,*,#15643,.T.);
#15643 = EDGE_CURVE('',#6253,#15644,#15646,.T.);
#15644 = VERTEX_POINT('',#15645);
#15645 = CARTESIAN_POINT('',(-10.54870317002,56.451296829971,5.));
#15646 = SURFACE_CURVE('',#15647,(#15651,#15657),.PCURVE_S1.);
#15647 = LINE('',#15648,#15649);
#15648 = CARTESIAN_POINT('',(-15.05,51.95,39.71));
#15649 = VECTOR('',#15650,1.);
#15650 = DIRECTION('',(0.127555550137,0.127555550137,-0.983595019944));
#15651 = PCURVE('',#6269,#15652);
#15652 = DEFINITIONAL_REPRESENTATION('',(#15653),#15656);
#15653 = B_SPLINE_CURVE_WITH_KNOTS('',1,(#15654,#15655),.UNSPECIFIED.,
  .F.,.F.,(2,2),(0.,35.288913929208),.PIECEWISE_BEZIER_KNOTS.);
#15654 = CARTESIAN_POINT('',(0.,0.));
#15655 = CARTESIAN_POINT('',(35.000653896056,4.501296829971));
#15656 = ( GEOMETRIC_REPRESENTATION_CONTEXT(2) 
PARAMETRIC_REPRESENTATION_CONTEXT() REPRESENTATION_CONTEXT('2D SPACE',''
  ) );
#15657 = PCURVE('',#6295,#15658);
#15658 = DEFINITIONAL_REPRESENTATION('',(#15659),#15662);
#15659 = B_SPLINE_CURVE_WITH_KNOTS('',1,(#15660,#15661),.UNSPECIFIED.,
  .F.,.F.,(2,2),(0.,35.288913929208),.PIECEWISE_BEZIER_KNOTS.);
#15660 = CARTESIAN_POINT('',(0.,28.1));
#15661 = CARTESIAN_POINT('',(35.000653896056,23.598703170029));
#15662 = ( GEOMETRIC_REPRESENTATION_CONTEXT(2) 
PARAMETRIC_REPRESENTATION_CONTEXT() REPRESENTATION_CONTEXT('2D SPACE',''
  ) );
#15663 = ORIENTED_EDGE('',*,*,#15664,.T.);
#15664 = EDGE_CURVE('',#15644,#15665,#15667,.T.);
#15665 = VERTEX_POINT('',#15666);
#15666 = CARTESIAN_POINT('',(10.548703170029,56.451296829971,5.));
#15667 = SURFACE_CURVE('',#15668,(#15672,#15679),.PCURVE_S1.);
#15668 = LINE('',#15669,#15670);
#15669 = CARTESIAN_POINT('',(-15.05,56.451296829971,5.));
#15670 = VECTOR('',#15671,1.);
#15671 = DIRECTION('',(1.,0.,0.));
#15672 = PCURVE('',#6269,#15673);
#15673 = DEFINITIONAL_REPRESENTATION('',(#15674),#15678);
#15674 = LINE('',#15675,#15676);
#15675 = CARTESIAN_POINT('',(35.000653896056,0.));
#15676 = VECTOR('',#15677,1.);
#15677 = DIRECTION('',(0.,1.));
#15678 = ( GEOMETRIC_REPRESENTATION_CONTEXT(2) 
PARAMETRIC_REPRESENTATION_CONTEXT() REPRESENTATION_CONTEXT('2D SPACE',''
  ) );
#15679 = PCURVE('',#15680,#15685);
#15680 = PLANE('',#15681);
#15681 = AXIS2_PLACEMENT_3D('',#15682,#15683,#15684);
#15682 = CARTESIAN_POINT('',(-4.883455228592E-16,66.,5.));
#15683 = DIRECTION('',(0.,0.,1.));
#15684 = DIRECTION('',(1.,0.,0.));
#15685 = DEFINITIONAL_REPRESENTATION('',(#15686),#15690);
#15686 = LINE('',#15687,#15688);
#15687 = CARTESIAN_POINT('',(-15.05,-9.548703170029));
#15688 = VECTOR('',#15689,1.);
#15689 = DIRECTION('',(1.,0.));
#15690 = ( GEOMETRIC_REPRESENTATION_CONTEXT(2) 
PARAMETRIC_REPRESENTATION_CONTEXT() REPRESENTATION_CONTEXT('2D SPACE',''
  ) );
#15691 = ORIENTED_EDGE('',*,*,#15692,.F.);
#15692 = EDGE_CURVE('',#6255,#15665,#15693,.T.);
#15693 = SURFACE_CURVE('',#15694,(#15698,#15704),.PCURVE_S1.);
#15694 = LINE('',#15695,#15696);
#15695 = CARTESIAN_POINT('',(15.05,51.95,39.71));
#15696 = VECTOR('',#15697,1.);
#15697 = DIRECTION('',(-0.127555550137,0.127555550137,-0.983595019944));
#15698 = PCURVE('',#6269,#15699);
#15699 = DEFINITIONAL_REPRESENTATION('',(#15700),#15703);
#15700 = B_SPLINE_CURVE_WITH_KNOTS('',1,(#15701,#15702),.UNSPECIFIED.,
  .F.,.F.,(2,2),(7.24295831805E-06,35.288913929208),
  .PIECEWISE_BEZIER_KNOTS.);
#15701 = CARTESIAN_POINT('',(7.183793691758E-06,30.09999907612));
#15702 = CARTESIAN_POINT('',(35.000653896056,25.598703170029));
#15703 = ( GEOMETRIC_REPRESENTATION_CONTEXT(2) 
PARAMETRIC_REPRESENTATION_CONTEXT() REPRESENTATION_CONTEXT('2D SPACE',''
  ) );
#15704 = PCURVE('',#6345,#15705);
#15705 = DEFINITIONAL_REPRESENTATION('',(#15706),#15709);
#15706 = B_SPLINE_CURVE_WITH_KNOTS('',1,(#15707,#15708),.UNSPECIFIED.,
  .F.,.F.,(2,2),(7.24295831805E-06,35.288913929208),
  .PIECEWISE_BEZIER_KNOTS.);
#15707 = CARTESIAN_POINT('',(7.183793691758E-06,9.23879532877E-07));
#15708 = CARTESIAN_POINT('',(35.000653896056,4.501296829971));
#15709 = ( GEOMETRIC_REPRESENTATION_CONTEXT(2) 
PARAMETRIC_REPRESENTATION_CONTEXT() REPRESENTATION_CONTEXT('2D SPACE',''
  ) );
#15710 = ADVANCED_FACE('',(#15711),#6295,.T.);
#15711 = FACE_BOUND('',#15712,.T.);
#15712 = EDGE_LOOP('',(#15713,#15714,#15735,#15756));
#15713 = ORIENTED_EDGE('',*,*,#6280,.F.);
#15714 = ORIENTED_EDGE('',*,*,#15715,.T.);
#15715 = EDGE_CURVE('',#6281,#15716,#15718,.T.);
#15716 = VERTEX_POINT('',#15717);
#15717 = CARTESIAN_POINT('',(-10.54870317002,75.548703170029,5.));
#15718 = SURFACE_CURVE('',#15719,(#15723,#15729),.PCURVE_S1.);
#15719 = LINE('',#15720,#15721);
#15720 = CARTESIAN_POINT('',(-15.05,80.05,39.71));
#15721 = VECTOR('',#15722,1.);
#15722 = DIRECTION('',(0.127555550137,-0.127555550137,-0.983595019944));
#15723 = PCURVE('',#6295,#15724);
#15724 = DEFINITIONAL_REPRESENTATION('',(#15725),#15728);
#15725 = B_SPLINE_CURVE_WITH_KNOTS('',1,(#15726,#15727),.UNSPECIFIED.,
  .F.,.F.,(2,2),(7.24295831805E-06,35.288913929208),
  .PIECEWISE_BEZIER_KNOTS.);
#15726 = CARTESIAN_POINT('',(7.183793691758E-06,9.23879532877E-07));
#15727 = CARTESIAN_POINT('',(35.000653896056,4.501296829971));
#15728 = ( GEOMETRIC_REPRESENTATION_CONTEXT(2) 
PARAMETRIC_REPRESENTATION_CONTEXT() REPRESENTATION_CONTEXT('2D SPACE',''
  ) );
#15729 = PCURVE('',#6321,#15730);
#15730 = DEFINITIONAL_REPRESENTATION('',(#15731),#15734);
#15731 = B_SPLINE_CURVE_WITH_KNOTS('',1,(#15732,#15733),.UNSPECIFIED.,
  .F.,.F.,(2,2),(7.24295831805E-06,35.288913929208),
  .PIECEWISE_BEZIER_KNOTS.);
#15732 = CARTESIAN_POINT('',(7.183793691758E-06,30.09999907612));
#15733 = CARTESIAN_POINT('',(35.000653896056,25.598703170029));
#15734 = ( GEOMETRIC_REPRESENTATION_CONTEXT(2) 
PARAMETRIC_REPRESENTATION_CONTEXT() REPRESENTATION_CONTEXT('2D SPACE',''
  ) );
#15735 = ORIENTED_EDGE('',*,*,#15736,.T.);
#15736 = EDGE_CURVE('',#15716,#15644,#15737,.T.);
#15737 = SURFACE_CURVE('',#15738,(#15742,#15749),.PCURVE_S1.);
#15738 = LINE('',#15739,#15740);
#15739 = CARTESIAN_POINT('',(-10.54870317002,80.05,5.));
#15740 = VECTOR('',#15741,1.);
#15741 = DIRECTION('',(0.,-1.,0.));
#15742 = PCURVE('',#6295,#15743);
#15743 = DEFINITIONAL_REPRESENTATION('',(#15744),#15748);
#15744 = LINE('',#15745,#15746);
#15745 = CARTESIAN_POINT('',(35.000653896056,0.));
#15746 = VECTOR('',#15747,1.);
#15747 = DIRECTION('',(0.,1.));
#15748 = ( GEOMETRIC_REPRESENTATION_CONTEXT(2) 
PARAMETRIC_REPRESENTATION_CONTEXT() REPRESENTATION_CONTEXT('2D SPACE',''
  ) );
#15749 = PCURVE('',#15680,#15750);
#15750 = DEFINITIONAL_REPRESENTATION('',(#15751),#15755);
#15751 = LINE('',#15752,#15753);
#15752 = CARTESIAN_POINT('',(-10.54870317002,14.05));
#15753 = VECTOR('',#15754,1.);
#15754 = DIRECTION('',(0.,-1.));
#15755 = ( GEOMETRIC_REPRESENTATION_CONTEXT(2) 
PARAMETRIC_REPRESENTATION_CONTEXT() REPRESENTATION_CONTEXT('2D SPACE',''
  ) );
#15756 = ORIENTED_EDGE('',*,*,#15643,.F.);
#15757 = ADVANCED_FACE('',(#15758),#6345,.T.);
#15758 = FACE_BOUND('',#15759,.T.);
#15759 = EDGE_LOOP('',(#15760,#15761,#15762,#15785));
#15760 = ORIENTED_EDGE('',*,*,#6332,.F.);
#15761 = ORIENTED_EDGE('',*,*,#15692,.T.);
#15762 = ORIENTED_EDGE('',*,*,#15763,.T.);
#15763 = EDGE_CURVE('',#15665,#15764,#15766,.T.);
#15764 = VERTEX_POINT('',#15765);
#15765 = CARTESIAN_POINT('',(10.548703170029,75.548703170029,5.));
#15766 = SURFACE_CURVE('',#15767,(#15771,#15778),.PCURVE_S1.);
#15767 = LINE('',#15768,#15769);
#15768 = CARTESIAN_POINT('',(10.548703170029,51.95,5.));
#15769 = VECTOR('',#15770,1.);
#15770 = DIRECTION('',(0.,1.,0.));
#15771 = PCURVE('',#6345,#15772);
#15772 = DEFINITIONAL_REPRESENTATION('',(#15773),#15777);
#15773 = LINE('',#15774,#15775);
#15774 = CARTESIAN_POINT('',(35.000653896056,0.));
#15775 = VECTOR('',#15776,1.);
#15776 = DIRECTION('',(0.,1.));
#15777 = ( GEOMETRIC_REPRESENTATION_CONTEXT(2) 
PARAMETRIC_REPRESENTATION_CONTEXT() REPRESENTATION_CONTEXT('2D SPACE',''
  ) );
#15778 = PCURVE('',#15680,#15779);
#15779 = DEFINITIONAL_REPRESENTATION('',(#15780),#15784);
#15780 = LINE('',#15781,#15782);
#15781 = CARTESIAN_POINT('',(10.548703170029,-14.05));
#15782 = VECTOR('',#15783,1.);
#15783 = DIRECTION('',(0.,1.));
#15784 = ( GEOMETRIC_REPRESENTATION_CONTEXT(2) 
PARAMETRIC_REPRESENTATION_CONTEXT() REPRESENTATION_CONTEXT('2D SPACE',''
  ) );
#15785 = ORIENTED_EDGE('',*,*,#15786,.F.);
#15786 = EDGE_CURVE('',#6307,#15764,#15787,.T.);
#15787 = SURFACE_CURVE('',#15788,(#15792,#15798),.PCURVE_S1.);
#15788 = LINE('',#15789,#15790);
#15789 = CARTESIAN_POINT('',(15.05,80.05,39.71));
#15790 = VECTOR('',#15791,1.);
#15791 = DIRECTION('',(-0.127555550137,-0.127555550137,-0.983595019944)
  );
#15792 = PCURVE('',#6345,#15793);
#15793 = DEFINITIONAL_REPRESENTATION('',(#15794),#15797);
#15794 = B_SPLINE_CURVE_WITH_KNOTS('',1,(#15795,#15796),.UNSPECIFIED.,
  .F.,.F.,(2,2),(-0.,35.288913929208),.PIECEWISE_BEZIER_KNOTS.);
#15795 = CARTESIAN_POINT('',(0.,28.1));
#15796 = CARTESIAN_POINT('',(35.000653896056,23.598703170029));
#15797 = ( GEOMETRIC_REPRESENTATION_CONTEXT(2) 
PARAMETRIC_REPRESENTATION_CONTEXT() REPRESENTATION_CONTEXT('2D SPACE',''
  ) );
#15798 = PCURVE('',#6321,#15799);
#15799 = DEFINITIONAL_REPRESENTATION('',(#15800),#15803);
#15800 = B_SPLINE_CURVE_WITH_KNOTS('',1,(#15801,#15802),.UNSPECIFIED.,
  .F.,.F.,(2,2),(-0.,35.288913929208),.PIECEWISE_BEZIER_KNOTS.);
#15801 = CARTESIAN_POINT('',(0.,0.));
#15802 = CARTESIAN_POINT('',(35.000653896056,4.501296829971));
#15803 = ( GEOMETRIC_REPRESENTATION_CONTEXT(2) 
PARAMETRIC_REPRESENTATION_CONTEXT() REPRESENTATION_CONTEXT('2D SPACE',''
  ) );
#15804 = ADVANCED_FACE('',(#15805),#6321,.T.);
#15805 = FACE_BOUND('',#15806,.T.);
#15806 = EDGE_LOOP('',(#15807,#15808,#15809,#15810));
#15807 = ORIENTED_EDGE('',*,*,#15715,.F.);
#15808 = ORIENTED_EDGE('',*,*,#6306,.F.);
#15809 = ORIENTED_EDGE('',*,*,#15786,.T.);
#15810 = ORIENTED_EDGE('',*,*,#15811,.T.);
#15811 = EDGE_CURVE('',#15764,#15716,#15812,.T.);
#15812 = SURFACE_CURVE('',#15813,(#15817,#15824),.PCURVE_S1.);
#15813 = LINE('',#15814,#15815);
#15814 = CARTESIAN_POINT('',(15.05,75.548703170029,5.));
#15815 = VECTOR('',#15816,1.);
#15816 = DIRECTION('',(-1.,0.,0.));
#15817 = PCURVE('',#6321,#15818);
#15818 = DEFINITIONAL_REPRESENTATION('',(#15819),#15823);
#15819 = LINE('',#15820,#15821);
#15820 = CARTESIAN_POINT('',(35.000653896056,0.));
#15821 = VECTOR('',#15822,1.);
#15822 = DIRECTION('',(-0.,1.));
#15823 = ( GEOMETRIC_REPRESENTATION_CONTEXT(2) 
PARAMETRIC_REPRESENTATION_CONTEXT() REPRESENTATION_CONTEXT('2D SPACE',''
  ) );
#15824 = PCURVE('',#15680,#15825);
#15825 = DEFINITIONAL_REPRESENTATION('',(#15826),#15830);
#15826 = LINE('',#15827,#15828);
#15827 = CARTESIAN_POINT('',(15.05,9.548703170029));
#15828 = VECTOR('',#15829,1.);
#15829 = DIRECTION('',(-1.,0.));
#15830 = ( GEOMETRIC_REPRESENTATION_CONTEXT(2) 
PARAMETRIC_REPRESENTATION_CONTEXT() REPRESENTATION_CONTEXT('2D SPACE',''
  ) );
#15831 = ADVANCED_FACE('',(#15832),#6375,.T.);
#15832 = FACE_BOUND('',#15833,.T.);
#15833 = EDGE_LOOP('',(#15834,#15835,#15856,#15884));
#15834 = ORIENTED_EDGE('',*,*,#6358,.F.);
#15835 = ORIENTED_EDGE('',*,*,#15836,.T.);
#15836 = EDGE_CURVE('',#6359,#15837,#15839,.T.);
#15837 = VERTEX_POINT('',#15838);
#15838 = CARTESIAN_POINT('',(24.451296829971,56.451296829971,5.));
#15839 = SURFACE_CURVE('',#15840,(#15844,#15850),.PCURVE_S1.);
#15840 = LINE('',#15841,#15842);
#15841 = CARTESIAN_POINT('',(19.95,51.95,39.71));
#15842 = VECTOR('',#15843,1.);
#15843 = DIRECTION('',(0.127555550137,0.127555550137,-0.983595019944));
#15844 = PCURVE('',#6375,#15845);
#15845 = DEFINITIONAL_REPRESENTATION('',(#15846),#15849);
#15846 = B_SPLINE_CURVE_WITH_KNOTS('',1,(#15847,#15848),.UNSPECIFIED.,
  .F.,.F.,(2,2),(0.,35.288913929208),.PIECEWISE_BEZIER_KNOTS.);
#15847 = CARTESIAN_POINT('',(0.,0.));
#15848 = CARTESIAN_POINT('',(35.000653896056,4.501296829971));
#15849 = ( GEOMETRIC_REPRESENTATION_CONTEXT(2) 
PARAMETRIC_REPRESENTATION_CONTEXT() REPRESENTATION_CONTEXT('2D SPACE',''
  ) );
#15850 = PCURVE('',#6401,#15851);
#15851 = DEFINITIONAL_REPRESENTATION('',(#15852),#15855);
#15852 = B_SPLINE_CURVE_WITH_KNOTS('',1,(#15853,#15854),.UNSPECIFIED.,
  .F.,.F.,(2,2),(0.,35.288913929208),.PIECEWISE_BEZIER_KNOTS.);
#15853 = CARTESIAN_POINT('',(0.,28.1));
#15854 = CARTESIAN_POINT('',(35.000653896056,23.598703170029));
#15855 = ( GEOMETRIC_REPRESENTATION_CONTEXT(2) 
PARAMETRIC_REPRESENTATION_CONTEXT() REPRESENTATION_CONTEXT('2D SPACE',''
  ) );
#15856 = ORIENTED_EDGE('',*,*,#15857,.T.);
#15857 = EDGE_CURVE('',#15837,#15858,#15860,.T.);
#15858 = VERTEX_POINT('',#15859);
#15859 = CARTESIAN_POINT('',(45.548703170029,56.451296829971,5.));
#15860 = SURFACE_CURVE('',#15861,(#15865,#15872),.PCURVE_S1.);
#15861 = LINE('',#15862,#15863);
#15862 = CARTESIAN_POINT('',(19.95,56.451296829971,5.));
#15863 = VECTOR('',#15864,1.);
#15864 = DIRECTION('',(1.,0.,0.));
#15865 = PCURVE('',#6375,#15866);
#15866 = DEFINITIONAL_REPRESENTATION('',(#15867),#15871);
#15867 = LINE('',#15868,#15869);
#15868 = CARTESIAN_POINT('',(35.000653896056,0.));
#15869 = VECTOR('',#15870,1.);
#15870 = DIRECTION('',(0.,1.));
#15871 = ( GEOMETRIC_REPRESENTATION_CONTEXT(2) 
PARAMETRIC_REPRESENTATION_CONTEXT() REPRESENTATION_CONTEXT('2D SPACE',''
  ) );
#15872 = PCURVE('',#15873,#15878);
#15873 = PLANE('',#15874);
#15874 = AXIS2_PLACEMENT_3D('',#15875,#15876,#15877);
#15875 = CARTESIAN_POINT('',(35.,66.,5.));
#15876 = DIRECTION('',(0.,0.,1.));
#15877 = DIRECTION('',(1.,0.,0.));
#15878 = DEFINITIONAL_REPRESENTATION('',(#15879),#15883);
#15879 = LINE('',#15880,#15881);
#15880 = CARTESIAN_POINT('',(-15.05,-9.548703170029));
#15881 = VECTOR('',#15882,1.);
#15882 = DIRECTION('',(1.,0.));
#15883 = ( GEOMETRIC_REPRESENTATION_CONTEXT(2) 
PARAMETRIC_REPRESENTATION_CONTEXT() REPRESENTATION_CONTEXT('2D SPACE',''
  ) );
#15884 = ORIENTED_EDGE('',*,*,#15885,.F.);
#15885 = EDGE_CURVE('',#6361,#15858,#15886,.T.);
#15886 = SURFACE_CURVE('',#15887,(#15891,#15897),.PCURVE_S1.);
#15887 = LINE('',#15888,#15889);
#15888 = CARTESIAN_POINT('',(50.05,51.95,39.71));
#15889 = VECTOR('',#15890,1.);
#15890 = DIRECTION('',(-0.127555550137,0.127555550137,-0.983595019944));
#15891 = PCURVE('',#6375,#15892);
#15892 = DEFINITIONAL_REPRESENTATION('',(#15893),#15896);
#15893 = B_SPLINE_CURVE_WITH_KNOTS('',1,(#15894,#15895),.UNSPECIFIED.,
  .F.,.F.,(2,2),(0.,35.288913929208),.PIECEWISE_BEZIER_KNOTS.);
#15894 = CARTESIAN_POINT('',(0.,30.1));
#15895 = CARTESIAN_POINT('',(35.000653896056,25.598703170029));
#15896 = ( GEOMETRIC_REPRESENTATION_CONTEXT(2) 
PARAMETRIC_REPRESENTATION_CONTEXT() REPRESENTATION_CONTEXT('2D SPACE',''
  ) );
#15897 = PCURVE('',#6451,#15898);
#15898 = DEFINITIONAL_REPRESENTATION('',(#15899),#15902);
#15899 = B_SPLINE_CURVE_WITH_KNOTS('',1,(#15900,#15901),.UNSPECIFIED.,
  .F.,.F.,(2,2),(0.,35.288913929208),.PIECEWISE_BEZIER_KNOTS.);
#15900 = CARTESIAN_POINT('',(0.,0.));
#15901 = CARTESIAN_POINT('',(35.000653896056,4.501296829971));
#15902 = ( GEOMETRIC_REPRESENTATION_CONTEXT(2) 
PARAMETRIC_REPRESENTATION_CONTEXT() REPRESENTATION_CONTEXT('2D SPACE',''
  ) );
#15903 = ADVANCED_FACE('',(#15904),#6401,.T.);
#15904 = FACE_BOUND('',#15905,.T.);
#15905 = EDGE_LOOP('',(#15906,#15907,#15928,#15949));
#15906 = ORIENTED_EDGE('',*,*,#6386,.F.);
#15907 = ORIENTED_EDGE('',*,*,#15908,.T.);
#15908 = EDGE_CURVE('',#6387,#15909,#15911,.T.);
#15909 = VERTEX_POINT('',#15910);
#15910 = CARTESIAN_POINT('',(24.451296829971,75.548703170029,5.));
#15911 = SURFACE_CURVE('',#15912,(#15916,#15922),.PCURVE_S1.);
#15912 = LINE('',#15913,#15914);
#15913 = CARTESIAN_POINT('',(19.95,80.05,39.71));
#15914 = VECTOR('',#15915,1.);
#15915 = DIRECTION('',(0.127555550137,-0.127555550137,-0.983595019944));
#15916 = PCURVE('',#6401,#15917);
#15917 = DEFINITIONAL_REPRESENTATION('',(#15918),#15921);
#15918 = B_SPLINE_CURVE_WITH_KNOTS('',1,(#15919,#15920),.UNSPECIFIED.,
  .F.,.F.,(2,2),(0.,35.288913929208),.PIECEWISE_BEZIER_KNOTS.);
#15919 = CARTESIAN_POINT('',(0.,0.));
#15920 = CARTESIAN_POINT('',(35.000653896056,4.501296829971));
#15921 = ( GEOMETRIC_REPRESENTATION_CONTEXT(2) 
PARAMETRIC_REPRESENTATION_CONTEXT() REPRESENTATION_CONTEXT('2D SPACE',''
  ) );
#15922 = PCURVE('',#6427,#15923);
#15923 = DEFINITIONAL_REPRESENTATION('',(#15924),#15927);
#15924 = B_SPLINE_CURVE_WITH_KNOTS('',1,(#15925,#15926),.UNSPECIFIED.,
  .F.,.F.,(2,2),(0.,35.288913929208),.PIECEWISE_BEZIER_KNOTS.);
#15925 = CARTESIAN_POINT('',(0.,30.1));
#15926 = CARTESIAN_POINT('',(35.000653896056,25.598703170029));
#15927 = ( GEOMETRIC_REPRESENTATION_CONTEXT(2) 
PARAMETRIC_REPRESENTATION_CONTEXT() REPRESENTATION_CONTEXT('2D SPACE',''
  ) );
#15928 = ORIENTED_EDGE('',*,*,#15929,.T.);
#15929 = EDGE_CURVE('',#15909,#15837,#15930,.T.);
#15930 = SURFACE_CURVE('',#15931,(#15935,#15942),.PCURVE_S1.);
#15931 = LINE('',#15932,#15933);
#15932 = CARTESIAN_POINT('',(24.451296829971,80.05,5.));
#15933 = VECTOR('',#15934,1.);
#15934 = DIRECTION('',(0.,-1.,0.));
#15935 = PCURVE('',#6401,#15936);
#15936 = DEFINITIONAL_REPRESENTATION('',(#15937),#15941);
#15937 = LINE('',#15938,#15939);
#15938 = CARTESIAN_POINT('',(35.000653896056,0.));
#15939 = VECTOR('',#15940,1.);
#15940 = DIRECTION('',(0.,1.));
#15941 = ( GEOMETRIC_REPRESENTATION_CONTEXT(2) 
PARAMETRIC_REPRESENTATION_CONTEXT() REPRESENTATION_CONTEXT('2D SPACE',''
  ) );
#15942 = PCURVE('',#15873,#15943);
#15943 = DEFINITIONAL_REPRESENTATION('',(#15944),#15948);
#15944 = LINE('',#15945,#15946);
#15945 = CARTESIAN_POINT('',(-10.54870317002,14.05));
#15946 = VECTOR('',#15947,1.);
#15947 = DIRECTION('',(0.,-1.));
#15948 = ( GEOMETRIC_REPRESENTATION_CONTEXT(2) 
PARAMETRIC_REPRESENTATION_CONTEXT() REPRESENTATION_CONTEXT('2D SPACE',''
  ) );
#15949 = ORIENTED_EDGE('',*,*,#15836,.F.);
#15950 = ADVANCED_FACE('',(#15951),#6451,.T.);
#15951 = FACE_BOUND('',#15952,.T.);
#15952 = EDGE_LOOP('',(#15953,#15954,#15955,#15978));
#15953 = ORIENTED_EDGE('',*,*,#6438,.F.);
#15954 = ORIENTED_EDGE('',*,*,#15885,.T.);
#15955 = ORIENTED_EDGE('',*,*,#15956,.T.);
#15956 = EDGE_CURVE('',#15858,#15957,#15959,.T.);
#15957 = VERTEX_POINT('',#15958);
#15958 = CARTESIAN_POINT('',(45.548703170029,75.548703170029,5.));
#15959 = SURFACE_CURVE('',#15960,(#15964,#15971),.PCURVE_S1.);
#15960 = LINE('',#15961,#15962);
#15961 = CARTESIAN_POINT('',(45.548703170029,51.95,5.));
#15962 = VECTOR('',#15963,1.);
#15963 = DIRECTION('',(0.,1.,0.));
#15964 = PCURVE('',#6451,#15965);
#15965 = DEFINITIONAL_REPRESENTATION('',(#15966),#15970);
#15966 = LINE('',#15967,#15968);
#15967 = CARTESIAN_POINT('',(35.000653896056,0.));
#15968 = VECTOR('',#15969,1.);
#15969 = DIRECTION('',(0.,1.));
#15970 = ( GEOMETRIC_REPRESENTATION_CONTEXT(2) 
PARAMETRIC_REPRESENTATION_CONTEXT() REPRESENTATION_CONTEXT('2D SPACE',''
  ) );
#15971 = PCURVE('',#15873,#15972);
#15972 = DEFINITIONAL_REPRESENTATION('',(#15973),#15977);
#15973 = LINE('',#15974,#15975);
#15974 = CARTESIAN_POINT('',(10.548703170029,-14.05));
#15975 = VECTOR('',#15976,1.);
#15976 = DIRECTION('',(0.,1.));
#15977 = ( GEOMETRIC_REPRESENTATION_CONTEXT(2) 
PARAMETRIC_REPRESENTATION_CONTEXT() REPRESENTATION_CONTEXT('2D SPACE',''
  ) );
#15978 = ORIENTED_EDGE('',*,*,#15979,.F.);
#15979 = EDGE_CURVE('',#6413,#15957,#15980,.T.);
#15980 = SURFACE_CURVE('',#15981,(#15985,#15991),.PCURVE_S1.);
#15981 = LINE('',#15982,#15983);
#15982 = CARTESIAN_POINT('',(50.05,80.05,39.71));
#15983 = VECTOR('',#15984,1.);
#15984 = DIRECTION('',(-0.127555550137,-0.127555550137,-0.983595019944)
  );
#15985 = PCURVE('',#6451,#15986);
#15986 = DEFINITIONAL_REPRESENTATION('',(#15987),#15990);
#15987 = B_SPLINE_CURVE_WITH_KNOTS('',1,(#15988,#15989),.UNSPECIFIED.,
  .F.,.F.,(2,2),(-0.,35.288913929208),.PIECEWISE_BEZIER_KNOTS.);
#15988 = CARTESIAN_POINT('',(0.,28.1));
#15989 = CARTESIAN_POINT('',(35.000653896056,23.598703170029));
#15990 = ( GEOMETRIC_REPRESENTATION_CONTEXT(2) 
PARAMETRIC_REPRESENTATION_CONTEXT() REPRESENTATION_CONTEXT('2D SPACE',''
  ) );
#15991 = PCURVE('',#6427,#15992);
#15992 = DEFINITIONAL_REPRESENTATION('',(#15993),#15996);
#15993 = B_SPLINE_CURVE_WITH_KNOTS('',1,(#15994,#15995),.UNSPECIFIED.,
  .F.,.F.,(2,2),(-0.,35.288913929208),.PIECEWISE_BEZIER_KNOTS.);
#15994 = CARTESIAN_POINT('',(0.,0.));
#15995 = CARTESIAN_POINT('',(35.000653896056,4.501296829971));
#15996 = ( GEOMETRIC_REPRESENTATION_CONTEXT(2) 
PARAMETRIC_REPRESENTATION_CONTEXT() REPRESENTATION_CONTEXT('2D SPACE',''
  ) );
#15997 = ADVANCED_FACE('',(#15998),#6427,.T.);
#15998 = FACE_BOUND('',#15999,.T.);
#15999 = EDGE_LOOP('',(#16000,#16001,#16002,#16003));
#16000 = ORIENTED_EDGE('',*,*,#15908,.F.);
#16001 = ORIENTED_EDGE('',*,*,#6412,.F.);
#16002 = ORIENTED_EDGE('',*,*,#15979,.T.);
#16003 = ORIENTED_EDGE('',*,*,#16004,.T.);
#16004 = EDGE_CURVE('',#15957,#15909,#16005,.T.);
#16005 = SURFACE_CURVE('',#16006,(#16010,#16017),.PCURVE_S1.);
#16006 = LINE('',#16007,#16008);
#16007 = CARTESIAN_POINT('',(50.05,75.548703170029,5.));
#16008 = VECTOR('',#16009,1.);
#16009 = DIRECTION('',(-1.,0.,0.));
#16010 = PCURVE('',#6427,#16011);
#16011 = DEFINITIONAL_REPRESENTATION('',(#16012),#16016);
#16012 = LINE('',#16013,#16014);
#16013 = CARTESIAN_POINT('',(35.000653896056,0.));
#16014 = VECTOR('',#16015,1.);
#16015 = DIRECTION('',(-0.,1.));
#16016 = ( GEOMETRIC_REPRESENTATION_CONTEXT(2) 
PARAMETRIC_REPRESENTATION_CONTEXT() REPRESENTATION_CONTEXT('2D SPACE',''
  ) );
#16017 = PCURVE('',#15873,#16018);
#16018 = DEFINITIONAL_REPRESENTATION('',(#16019),#16023);
#16019 = LINE('',#16020,#16021);
#16020 = CARTESIAN_POINT('',(15.05,9.548703170029));
#16021 = VECTOR('',#16022,1.);
#16022 = DIRECTION('',(-1.,0.));
#16023 = ( GEOMETRIC_REPRESENTATION_CONTEXT(2) 
PARAMETRIC_REPRESENTATION_CONTEXT() REPRESENTATION_CONTEXT('2D SPACE',''
  ) );
#16024 = ADVANCED_FACE('',(#16025),#6481,.T.);
#16025 = FACE_BOUND('',#16026,.T.);
#16026 = EDGE_LOOP('',(#16027,#16028,#16049,#16077));
#16027 = ORIENTED_EDGE('',*,*,#6464,.F.);
#16028 = ORIENTED_EDGE('',*,*,#16029,.T.);
#16029 = EDGE_CURVE('',#6465,#16030,#16032,.T.);
#16030 = VERTEX_POINT('',#16031);
#16031 = CARTESIAN_POINT('',(59.451296829971,56.451296829971,5.));
#16032 = SURFACE_CURVE('',#16033,(#16037,#16043),.PCURVE_S1.);
#16033 = LINE('',#16034,#16035);
#16034 = CARTESIAN_POINT('',(54.95,51.95,39.71));
#16035 = VECTOR('',#16036,1.);
#16036 = DIRECTION('',(0.127555550137,0.127555550137,-0.983595019944));
#16037 = PCURVE('',#6481,#16038);
#16038 = DEFINITIONAL_REPRESENTATION('',(#16039),#16042);
#16039 = B_SPLINE_CURVE_WITH_KNOTS('',1,(#16040,#16041),.UNSPECIFIED.,
  .F.,.F.,(2,2),(0.,35.288913929208),.PIECEWISE_BEZIER_KNOTS.);
#16040 = CARTESIAN_POINT('',(0.,0.));
#16041 = CARTESIAN_POINT('',(35.000653896056,4.501296829971));
#16042 = ( GEOMETRIC_REPRESENTATION_CONTEXT(2) 
PARAMETRIC_REPRESENTATION_CONTEXT() REPRESENTATION_CONTEXT('2D SPACE',''
  ) );
#16043 = PCURVE('',#6507,#16044);
#16044 = DEFINITIONAL_REPRESENTATION('',(#16045),#16048);
#16045 = B_SPLINE_CURVE_WITH_KNOTS('',1,(#16046,#16047),.UNSPECIFIED.,
  .F.,.F.,(2,2),(0.,35.288913929208),.PIECEWISE_BEZIER_KNOTS.);
#16046 = CARTESIAN_POINT('',(0.,28.1));
#16047 = CARTESIAN_POINT('',(35.000653896056,23.598703170029));
#16048 = ( GEOMETRIC_REPRESENTATION_CONTEXT(2) 
PARAMETRIC_REPRESENTATION_CONTEXT() REPRESENTATION_CONTEXT('2D SPACE',''
  ) );
#16049 = ORIENTED_EDGE('',*,*,#16050,.T.);
#16050 = EDGE_CURVE('',#16030,#16051,#16053,.T.);
#16051 = VERTEX_POINT('',#16052);
#16052 = CARTESIAN_POINT('',(80.548703170029,56.451296829971,5.));
#16053 = SURFACE_CURVE('',#16054,(#16058,#16065),.PCURVE_S1.);
#16054 = LINE('',#16055,#16056);
#16055 = CARTESIAN_POINT('',(54.95,56.451296829971,5.));
#16056 = VECTOR('',#16057,1.);
#16057 = DIRECTION('',(1.,0.,0.));
#16058 = PCURVE('',#6481,#16059);
#16059 = DEFINITIONAL_REPRESENTATION('',(#16060),#16064);
#16060 = LINE('',#16061,#16062);
#16061 = CARTESIAN_POINT('',(35.000653896056,0.));
#16062 = VECTOR('',#16063,1.);
#16063 = DIRECTION('',(0.,1.));
#16064 = ( GEOMETRIC_REPRESENTATION_CONTEXT(2) 
PARAMETRIC_REPRESENTATION_CONTEXT() REPRESENTATION_CONTEXT('2D SPACE',''
  ) );
#16065 = PCURVE('',#16066,#16071);
#16066 = PLANE('',#16067);
#16067 = AXIS2_PLACEMENT_3D('',#16068,#16069,#16070);
#16068 = CARTESIAN_POINT('',(70.,66.,5.));
#16069 = DIRECTION('',(0.,0.,1.));
#16070 = DIRECTION('',(1.,0.,0.));
#16071 = DEFINITIONAL_REPRESENTATION('',(#16072),#16076);
#16072 = LINE('',#16073,#16074);
#16073 = CARTESIAN_POINT('',(-15.05,-9.548703170029));
#16074 = VECTOR('',#16075,1.);
#16075 = DIRECTION('',(1.,0.));
#16076 = ( GEOMETRIC_REPRESENTATION_CONTEXT(2) 
PARAMETRIC_REPRESENTATION_CONTEXT() REPRESENTATION_CONTEXT('2D SPACE',''
  ) );
#16077 = ORIENTED_EDGE('',*,*,#16078,.F.);
#16078 = EDGE_CURVE('',#6467,#16051,#16079,.T.);
#16079 = SURFACE_CURVE('',#16080,(#16084,#16090),.PCURVE_S1.);
#16080 = LINE('',#16081,#16082);
#16081 = CARTESIAN_POINT('',(85.05,51.95,39.71));
#16082 = VECTOR('',#16083,1.);
#16083 = DIRECTION('',(-0.127555550137,0.127555550137,-0.983595019944));
#16084 = PCURVE('',#6481,#16085);
#16085 = DEFINITIONAL_REPRESENTATION('',(#16086),#16089);
#16086 = B_SPLINE_CURVE_WITH_KNOTS('',1,(#16087,#16088),.UNSPECIFIED.,
  .F.,.F.,(2,2),(0.,35.288913929208),.PIECEWISE_BEZIER_KNOTS.);
#16087 = CARTESIAN_POINT('',(0.,30.1));
#16088 = CARTESIAN_POINT('',(35.000653896056,25.598703170029));
#16089 = ( GEOMETRIC_REPRESENTATION_CONTEXT(2) 
PARAMETRIC_REPRESENTATION_CONTEXT() REPRESENTATION_CONTEXT('2D SPACE',''
  ) );
#16090 = PCURVE('',#6557,#16091);
#16091 = DEFINITIONAL_REPRESENTATION('',(#16092),#16095);
#16092 = B_SPLINE_CURVE_WITH_KNOTS('',1,(#16093,#16094),.UNSPECIFIED.,
  .F.,.F.,(2,2),(0.,35.288913929208),.PIECEWISE_BEZIER_KNOTS.);
#16093 = CARTESIAN_POINT('',(0.,0.));
#16094 = CARTESIAN_POINT('',(35.000653896056,4.501296829971));
#16095 = ( GEOMETRIC_REPRESENTATION_CONTEXT(2) 
PARAMETRIC_REPRESENTATION_CONTEXT() REPRESENTATION_CONTEXT('2D SPACE',''
  ) );
#16096 = ADVANCED_FACE('',(#16097),#6557,.T.);
#16097 = FACE_BOUND('',#16098,.T.);
#16098 = EDGE_LOOP('',(#16099,#16100,#16101,#16124));
#16099 = ORIENTED_EDGE('',*,*,#6544,.F.);
#16100 = ORIENTED_EDGE('',*,*,#16078,.T.);
#16101 = ORIENTED_EDGE('',*,*,#16102,.T.);
#16102 = EDGE_CURVE('',#16051,#16103,#16105,.T.);
#16103 = VERTEX_POINT('',#16104);
#16104 = CARTESIAN_POINT('',(80.548703170029,75.548703170029,5.));
#16105 = SURFACE_CURVE('',#16106,(#16110,#16117),.PCURVE_S1.);
#16106 = LINE('',#16107,#16108);
#16107 = CARTESIAN_POINT('',(80.548703170029,51.95,5.));
#16108 = VECTOR('',#16109,1.);
#16109 = DIRECTION('',(0.,1.,0.));
#16110 = PCURVE('',#6557,#16111);
#16111 = DEFINITIONAL_REPRESENTATION('',(#16112),#16116);
#16112 = LINE('',#16113,#16114);
#16113 = CARTESIAN_POINT('',(35.000653896056,0.));
#16114 = VECTOR('',#16115,1.);
#16115 = DIRECTION('',(0.,1.));
#16116 = ( GEOMETRIC_REPRESENTATION_CONTEXT(2) 
PARAMETRIC_REPRESENTATION_CONTEXT() REPRESENTATION_CONTEXT('2D SPACE',''
  ) );
#16117 = PCURVE('',#16066,#16118);
#16118 = DEFINITIONAL_REPRESENTATION('',(#16119),#16123);
#16119 = LINE('',#16120,#16121);
#16120 = CARTESIAN_POINT('',(10.548703170029,-14.05));
#16121 = VECTOR('',#16122,1.);
#16122 = DIRECTION('',(0.,1.));
#16123 = ( GEOMETRIC_REPRESENTATION_CONTEXT(2) 
PARAMETRIC_REPRESENTATION_CONTEXT() REPRESENTATION_CONTEXT('2D SPACE',''
  ) );
#16124 = ORIENTED_EDGE('',*,*,#16125,.F.);
#16125 = EDGE_CURVE('',#6519,#16103,#16126,.T.);
#16126 = SURFACE_CURVE('',#16127,(#16131,#16137),.PCURVE_S1.);
#16127 = LINE('',#16128,#16129);
#16128 = CARTESIAN_POINT('',(85.05,80.05,39.71));
#16129 = VECTOR('',#16130,1.);
#16130 = DIRECTION('',(-0.127555550137,-0.127555550137,-0.983595019944)
  );
#16131 = PCURVE('',#6557,#16132);
#16132 = DEFINITIONAL_REPRESENTATION('',(#16133),#16136);
#16133 = B_SPLINE_CURVE_WITH_KNOTS('',1,(#16134,#16135),.UNSPECIFIED.,
  .F.,.F.,(2,2),(-0.,35.288913929208),.PIECEWISE_BEZIER_KNOTS.);
#16134 = CARTESIAN_POINT('',(0.,28.1));
#16135 = CARTESIAN_POINT('',(35.000653896056,23.598703170029));
#16136 = ( GEOMETRIC_REPRESENTATION_CONTEXT(2) 
PARAMETRIC_REPRESENTATION_CONTEXT() REPRESENTATION_CONTEXT('2D SPACE',''
  ) );
#16137 = PCURVE('',#6533,#16138);
#16138 = DEFINITIONAL_REPRESENTATION('',(#16139),#16142);
#16139 = B_SPLINE_CURVE_WITH_KNOTS('',1,(#16140,#16141),.UNSPECIFIED.,
  .F.,.F.,(2,2),(-0.,35.288913929208),.PIECEWISE_BEZIER_KNOTS.);
#16140 = CARTESIAN_POINT('',(0.,0.));
#16141 = CARTESIAN_POINT('',(35.000653896056,4.501296829971));
#16142 = ( GEOMETRIC_REPRESENTATION_CONTEXT(2) 
PARAMETRIC_REPRESENTATION_CONTEXT() REPRESENTATION_CONTEXT('2D SPACE',''
  ) );
#16143 = ADVANCED_FACE('',(#16144),#6533,.T.);
#16144 = FACE_BOUND('',#16145,.T.);
#16145 = EDGE_LOOP('',(#16146,#16167,#16168,#16169));
#16146 = ORIENTED_EDGE('',*,*,#16147,.F.);
#16147 = EDGE_CURVE('',#6493,#16148,#16150,.T.);
#16148 = VERTEX_POINT('',#16149);
#16149 = CARTESIAN_POINT('',(59.451296829971,75.548703170029,5.));
#16150 = SURFACE_CURVE('',#16151,(#16155,#16161),.PCURVE_S1.);
#16151 = LINE('',#16152,#16153);
#16152 = CARTESIAN_POINT('',(54.95,80.05,39.71));
#16153 = VECTOR('',#16154,1.);
#16154 = DIRECTION('',(0.127555550137,-0.127555550137,-0.983595019944));
#16155 = PCURVE('',#6533,#16156);
#16156 = DEFINITIONAL_REPRESENTATION('',(#16157),#16160);
#16157 = B_SPLINE_CURVE_WITH_KNOTS('',1,(#16158,#16159),.UNSPECIFIED.,
  .F.,.F.,(2,2),(0.,35.288913929208),.PIECEWISE_BEZIER_KNOTS.);
#16158 = CARTESIAN_POINT('',(0.,30.1));
#16159 = CARTESIAN_POINT('',(35.000653896056,25.598703170029));
#16160 = ( GEOMETRIC_REPRESENTATION_CONTEXT(2) 
PARAMETRIC_REPRESENTATION_CONTEXT() REPRESENTATION_CONTEXT('2D SPACE',''
  ) );
#16161 = PCURVE('',#6507,#16162);
#16162 = DEFINITIONAL_REPRESENTATION('',(#16163),#16166);
#16163 = B_SPLINE_CURVE_WITH_KNOTS('',1,(#16164,#16165),.UNSPECIFIED.,
  .F.,.F.,(2,2),(0.,35.288913929208),.PIECEWISE_BEZIER_KNOTS.);
#16164 = CARTESIAN_POINT('',(0.,0.));
#16165 = CARTESIAN_POINT('',(35.000653896056,4.501296829971));
#16166 = ( GEOMETRIC_REPRESENTATION_CONTEXT(2) 
PARAMETRIC_REPRESENTATION_CONTEXT() REPRESENTATION_CONTEXT('2D SPACE',''
  ) );
#16167 = ORIENTED_EDGE('',*,*,#6518,.F.);
#16168 = ORIENTED_EDGE('',*,*,#16125,.T.);
#16169 = ORIENTED_EDGE('',*,*,#16170,.T.);
#16170 = EDGE_CURVE('',#16103,#16148,#16171,.T.);
#16171 = SURFACE_CURVE('',#16172,(#16176,#16183),.PCURVE_S1.);
#16172 = LINE('',#16173,#16174);
#16173 = CARTESIAN_POINT('',(85.05,75.548703170029,5.));
#16174 = VECTOR('',#16175,1.);
#16175 = DIRECTION('',(-1.,0.,0.));
#16176 = PCURVE('',#6533,#16177);
#16177 = DEFINITIONAL_REPRESENTATION('',(#16178),#16182);
#16178 = LINE('',#16179,#16180);
#16179 = CARTESIAN_POINT('',(35.000653896056,0.));
#16180 = VECTOR('',#16181,1.);
#16181 = DIRECTION('',(-0.,1.));
#16182 = ( GEOMETRIC_REPRESENTATION_CONTEXT(2) 
PARAMETRIC_REPRESENTATION_CONTEXT() REPRESENTATION_CONTEXT('2D SPACE',''
  ) );
#16183 = PCURVE('',#16066,#16184);
#16184 = DEFINITIONAL_REPRESENTATION('',(#16185),#16189);
#16185 = LINE('',#16186,#16187);
#16186 = CARTESIAN_POINT('',(15.05,9.548703170029));
#16187 = VECTOR('',#16188,1.);
#16188 = DIRECTION('',(-1.,0.));
#16189 = ( GEOMETRIC_REPRESENTATION_CONTEXT(2) 
PARAMETRIC_REPRESENTATION_CONTEXT() REPRESENTATION_CONTEXT('2D SPACE',''
  ) );
#16190 = ADVANCED_FACE('',(#16191),#6507,.T.);
#16191 = FACE_BOUND('',#16192,.T.);
#16192 = EDGE_LOOP('',(#16193,#16194,#16195,#16216));
#16193 = ORIENTED_EDGE('',*,*,#6492,.F.);
#16194 = ORIENTED_EDGE('',*,*,#16147,.T.);
#16195 = ORIENTED_EDGE('',*,*,#16196,.T.);
#16196 = EDGE_CURVE('',#16148,#16030,#16197,.T.);
#16197 = SURFACE_CURVE('',#16198,(#16202,#16209),.PCURVE_S1.);
#16198 = LINE('',#16199,#16200);
#16199 = CARTESIAN_POINT('',(59.451296829971,80.05,5.));
#16200 = VECTOR('',#16201,1.);
#16201 = DIRECTION('',(0.,-1.,0.));
#16202 = PCURVE('',#6507,#16203);
#16203 = DEFINITIONAL_REPRESENTATION('',(#16204),#16208);
#16204 = LINE('',#16205,#16206);
#16205 = CARTESIAN_POINT('',(35.000653896056,0.));
#16206 = VECTOR('',#16207,1.);
#16207 = DIRECTION('',(0.,1.));
#16208 = ( GEOMETRIC_REPRESENTATION_CONTEXT(2) 
PARAMETRIC_REPRESENTATION_CONTEXT() REPRESENTATION_CONTEXT('2D SPACE',''
  ) );
#16209 = PCURVE('',#16066,#16210);
#16210 = DEFINITIONAL_REPRESENTATION('',(#16211),#16215);
#16211 = LINE('',#16212,#16213);
#16212 = CARTESIAN_POINT('',(-10.54870317002,14.05));
#16213 = VECTOR('',#16214,1.);
#16214 = DIRECTION('',(0.,-1.));
#16215 = ( GEOMETRIC_REPRESENTATION_CONTEXT(2) 
PARAMETRIC_REPRESENTATION_CONTEXT() REPRESENTATION_CONTEXT('2D SPACE',''
  ) );
#16216 = ORIENTED_EDGE('',*,*,#16029,.F.);
#16217 = ADVANCED_FACE('',(#16218),#6609,.T.);
#16218 = FACE_BOUND('',#16219,.T.);
#16219 = EDGE_LOOP('',(#16220,#16221,#16222,#16223));
#16220 = ORIENTED_EDGE('',*,*,#6593,.T.);
#16221 = ORIENTED_EDGE('',*,*,#6692,.T.);
#16222 = ORIENTED_EDGE('',*,*,#6740,.T.);
#16223 = ORIENTED_EDGE('',*,*,#6665,.T.);
#16224 = ADVANCED_FACE('',(#16225),#6802,.T.);
#16225 = FACE_BOUND('',#16226,.T.);
#16226 = EDGE_LOOP('',(#16227,#16228,#16229,#16230));
#16227 = ORIENTED_EDGE('',*,*,#6786,.T.);
#16228 = ORIENTED_EDGE('',*,*,#6885,.T.);
#16229 = ORIENTED_EDGE('',*,*,#6933,.T.);
#16230 = ORIENTED_EDGE('',*,*,#6858,.T.);
#16231 = ADVANCED_FACE('',(#16232),#6995,.T.);
#16232 = FACE_BOUND('',#16233,.T.);
#16233 = EDGE_LOOP('',(#16234,#16235,#16236,#16237));
#16234 = ORIENTED_EDGE('',*,*,#6979,.T.);
#16235 = ORIENTED_EDGE('',*,*,#7078,.T.);
#16236 = ORIENTED_EDGE('',*,*,#7126,.T.);
#16237 = ORIENTED_EDGE('',*,*,#7051,.T.);
#16238 = ADVANCED_FACE('',(#16239),#7188,.T.);
#16239 = FACE_BOUND('',#16240,.T.);
#16240 = EDGE_LOOP('',(#16241,#16242,#16243,#16244));
#16241 = ORIENTED_EDGE('',*,*,#7172,.T.);
#16242 = ORIENTED_EDGE('',*,*,#7271,.T.);
#16243 = ORIENTED_EDGE('',*,*,#7319,.T.);
#16244 = ORIENTED_EDGE('',*,*,#7244,.T.);
#16245 = ADVANCED_FACE('',(#16246),#7381,.T.);
#16246 = FACE_BOUND('',#16247,.T.);
#16247 = EDGE_LOOP('',(#16248,#16249,#16250,#16251));
#16248 = ORIENTED_EDGE('',*,*,#7365,.T.);
#16249 = ORIENTED_EDGE('',*,*,#7464,.T.);
#16250 = ORIENTED_EDGE('',*,*,#7512,.T.);
#16251 = ORIENTED_EDGE('',*,*,#7437,.T.);
#16252 = ADVANCED_FACE('',(#16253),#7574,.T.);
#16253 = FACE_BOUND('',#16254,.T.);
#16254 = EDGE_LOOP('',(#16255,#16256,#16257,#16258));
#16255 = ORIENTED_EDGE('',*,*,#7558,.T.);
#16256 = ORIENTED_EDGE('',*,*,#7657,.T.);
#16257 = ORIENTED_EDGE('',*,*,#7705,.T.);
#16258 = ORIENTED_EDGE('',*,*,#7630,.T.);
#16259 = ADVANCED_FACE('',(#16260),#7767,.T.);
#16260 = FACE_BOUND('',#16261,.T.);
#16261 = EDGE_LOOP('',(#16262,#16263,#16264,#16265));
#16262 = ORIENTED_EDGE('',*,*,#7751,.T.);
#16263 = ORIENTED_EDGE('',*,*,#7850,.T.);
#16264 = ORIENTED_EDGE('',*,*,#7898,.T.);
#16265 = ORIENTED_EDGE('',*,*,#7823,.T.);
#16266 = ADVANCED_FACE('',(#16267),#7960,.T.);
#16267 = FACE_BOUND('',#16268,.T.);
#16268 = EDGE_LOOP('',(#16269,#16270,#16271,#16272));
#16269 = ORIENTED_EDGE('',*,*,#7944,.T.);
#16270 = ORIENTED_EDGE('',*,*,#8043,.T.);
#16271 = ORIENTED_EDGE('',*,*,#8091,.T.);
#16272 = ORIENTED_EDGE('',*,*,#8016,.T.);
#16273 = ADVANCED_FACE('',(#16274),#8153,.T.);
#16274 = FACE_BOUND('',#16275,.T.);
#16275 = EDGE_LOOP('',(#16276,#16277,#16278,#16279));
#16276 = ORIENTED_EDGE('',*,*,#8137,.T.);
#16277 = ORIENTED_EDGE('',*,*,#8236,.T.);
#16278 = ORIENTED_EDGE('',*,*,#8284,.T.);
#16279 = ORIENTED_EDGE('',*,*,#8209,.T.);
#16280 = ADVANCED_FACE('',(#16281),#8346,.T.);
#16281 = FACE_BOUND('',#16282,.T.);
#16282 = EDGE_LOOP('',(#16283,#16284,#16285,#16286));
#16283 = ORIENTED_EDGE('',*,*,#8330,.T.);
#16284 = ORIENTED_EDGE('',*,*,#8429,.T.);
#16285 = ORIENTED_EDGE('',*,*,#8477,.T.);
#16286 = ORIENTED_EDGE('',*,*,#8402,.T.);
#16287 = ADVANCED_FACE('',(#16288),#8539,.T.);
#16288 = FACE_BOUND('',#16289,.T.);
#16289 = EDGE_LOOP('',(#16290,#16291,#16292,#16293));
#16290 = ORIENTED_EDGE('',*,*,#8523,.T.);
#16291 = ORIENTED_EDGE('',*,*,#8622,.T.);
#16292 = ORIENTED_EDGE('',*,*,#8670,.T.);
#16293 = ORIENTED_EDGE('',*,*,#8595,.T.);
#16294 = ADVANCED_FACE('',(#16295),#8732,.T.);
#16295 = FACE_BOUND('',#16296,.T.);
#16296 = EDGE_LOOP('',(#16297,#16298,#16299,#16300));
#16297 = ORIENTED_EDGE('',*,*,#8716,.T.);
#16298 = ORIENTED_EDGE('',*,*,#8815,.T.);
#16299 = ORIENTED_EDGE('',*,*,#8863,.T.);
#16300 = ORIENTED_EDGE('',*,*,#8788,.T.);
#16301 = ADVANCED_FACE('',(#16302),#8925,.T.);
#16302 = FACE_BOUND('',#16303,.T.);
#16303 = EDGE_LOOP('',(#16304,#16305,#16306,#16307));
#16304 = ORIENTED_EDGE('',*,*,#8909,.T.);
#16305 = ORIENTED_EDGE('',*,*,#9008,.T.);
#16306 = ORIENTED_EDGE('',*,*,#9056,.T.);
#16307 = ORIENTED_EDGE('',*,*,#8981,.T.);
#16308 = ADVANCED_FACE('',(#16309),#9118,.T.);
#16309 = FACE_BOUND('',#16310,.T.);
#16310 = EDGE_LOOP('',(#16311,#16312,#16313,#16314));
#16311 = ORIENTED_EDGE('',*,*,#9102,.T.);
#16312 = ORIENTED_EDGE('',*,*,#9201,.T.);
#16313 = ORIENTED_EDGE('',*,*,#9249,.T.);
#16314 = ORIENTED_EDGE('',*,*,#9174,.T.);
#16315 = ADVANCED_FACE('',(#16316),#9311,.T.);
#16316 = FACE_BOUND('',#16317,.T.);
#16317 = EDGE_LOOP('',(#16318,#16319,#16320,#16321));
#16318 = ORIENTED_EDGE('',*,*,#9295,.T.);
#16319 = ORIENTED_EDGE('',*,*,#9394,.T.);
#16320 = ORIENTED_EDGE('',*,*,#9442,.T.);
#16321 = ORIENTED_EDGE('',*,*,#9367,.T.);
#16322 = ADVANCED_FACE('',(#16323),#9504,.T.);
#16323 = FACE_BOUND('',#16324,.T.);
#16324 = EDGE_LOOP('',(#16325,#16326,#16327,#16328));
#16325 = ORIENTED_EDGE('',*,*,#9488,.T.);
#16326 = ORIENTED_EDGE('',*,*,#9587,.T.);
#16327 = ORIENTED_EDGE('',*,*,#9635,.T.);
#16328 = ORIENTED_EDGE('',*,*,#9560,.T.);
#16329 = ADVANCED_FACE('',(#16330),#9697,.T.);
#16330 = FACE_BOUND('',#16331,.T.);
#16331 = EDGE_LOOP('',(#16332,#16333,#16334,#16335));
#16332 = ORIENTED_EDGE('',*,*,#9681,.T.);
#16333 = ORIENTED_EDGE('',*,*,#9780,.T.);
#16334 = ORIENTED_EDGE('',*,*,#9828,.T.);
#16335 = ORIENTED_EDGE('',*,*,#9753,.T.);
#16336 = ADVANCED_FACE('',(#16337),#9890,.T.);
#16337 = FACE_BOUND('',#16338,.T.);
#16338 = EDGE_LOOP('',(#16339,#16340,#16341,#16342));
#16339 = ORIENTED_EDGE('',*,*,#9874,.T.);
#16340 = ORIENTED_EDGE('',*,*,#9973,.T.);
#16341 = ORIENTED_EDGE('',*,*,#10021,.T.);
#16342 = ORIENTED_EDGE('',*,*,#9946,.T.);
#16343 = ADVANCED_FACE('',(#16344),#10083,.T.);
#16344 = FACE_BOUND('',#16345,.T.);
#16345 = EDGE_LOOP('',(#16346,#16347,#16348,#16349));
#16346 = ORIENTED_EDGE('',*,*,#10067,.T.);
#16347 = ORIENTED_EDGE('',*,*,#10166,.T.);
#16348 = ORIENTED_EDGE('',*,*,#10214,.T.);
#16349 = ORIENTED_EDGE('',*,*,#10139,.T.);
#16350 = ADVANCED_FACE('',(#16351),#10276,.T.);
#16351 = FACE_BOUND('',#16352,.T.);
#16352 = EDGE_LOOP('',(#16353,#16354,#16355,#16356));
#16353 = ORIENTED_EDGE('',*,*,#10260,.T.);
#16354 = ORIENTED_EDGE('',*,*,#10359,.T.);
#16355 = ORIENTED_EDGE('',*,*,#10407,.T.);
#16356 = ORIENTED_EDGE('',*,*,#10332,.T.);
#16357 = ADVANCED_FACE('',(#16358),#10469,.T.);
#16358 = FACE_BOUND('',#16359,.T.);
#16359 = EDGE_LOOP('',(#16360,#16361,#16362,#16363));
#16360 = ORIENTED_EDGE('',*,*,#10453,.T.);
#16361 = ORIENTED_EDGE('',*,*,#10552,.T.);
#16362 = ORIENTED_EDGE('',*,*,#10600,.T.);
#16363 = ORIENTED_EDGE('',*,*,#10525,.T.);
#16364 = ADVANCED_FACE('',(#16365),#10662,.T.);
#16365 = FACE_BOUND('',#16366,.T.);
#16366 = EDGE_LOOP('',(#16367,#16368,#16369,#16370));
#16367 = ORIENTED_EDGE('',*,*,#10646,.T.);
#16368 = ORIENTED_EDGE('',*,*,#10745,.T.);
#16369 = ORIENTED_EDGE('',*,*,#10793,.T.);
#16370 = ORIENTED_EDGE('',*,*,#10718,.T.);
#16371 = ADVANCED_FACE('',(#16372),#10855,.T.);
#16372 = FACE_BOUND('',#16373,.T.);
#16373 = EDGE_LOOP('',(#16374,#16375,#16376,#16377));
#16374 = ORIENTED_EDGE('',*,*,#10839,.T.);
#16375 = ORIENTED_EDGE('',*,*,#10938,.T.);
#16376 = ORIENTED_EDGE('',*,*,#10986,.T.);
#16377 = ORIENTED_EDGE('',*,*,#10911,.T.);
#16378 = ADVANCED_FACE('',(#16379),#11048,.T.);
#16379 = FACE_BOUND('',#16380,.T.);
#16380 = EDGE_LOOP('',(#16381,#16382,#16383,#16384));
#16381 = ORIENTED_EDGE('',*,*,#11032,.T.);
#16382 = ORIENTED_EDGE('',*,*,#11131,.T.);
#16383 = ORIENTED_EDGE('',*,*,#11179,.T.);
#16384 = ORIENTED_EDGE('',*,*,#11104,.T.);
#16385 = ADVANCED_FACE('',(#16386),#11241,.T.);
#16386 = FACE_BOUND('',#16387,.T.);
#16387 = EDGE_LOOP('',(#16388,#16389,#16390,#16391));
#16388 = ORIENTED_EDGE('',*,*,#11225,.T.);
#16389 = ORIENTED_EDGE('',*,*,#11277,.T.);
#16390 = ORIENTED_EDGE('',*,*,#11345,.T.);
#16391 = ORIENTED_EDGE('',*,*,#11371,.T.);
#16392 = ADVANCED_FACE('',(#16393),#11434,.F.);
#16393 = FACE_BOUND('',#16394,.F.);
#16394 = EDGE_LOOP('',(#16395,#16396,#16397,#16398));
#16395 = ORIENTED_EDGE('',*,*,#11418,.T.);
#16396 = ORIENTED_EDGE('',*,*,#11517,.T.);
#16397 = ORIENTED_EDGE('',*,*,#11565,.T.);
#16398 = ORIENTED_EDGE('',*,*,#11490,.T.);
#16399 = ADVANCED_FACE('',(#16400),#11627,.F.);
#16400 = FACE_BOUND('',#16401,.F.);
#16401 = EDGE_LOOP('',(#16402,#16403,#16404,#16405));
#16402 = ORIENTED_EDGE('',*,*,#11611,.T.);
#16403 = ORIENTED_EDGE('',*,*,#11710,.T.);
#16404 = ORIENTED_EDGE('',*,*,#11758,.T.);
#16405 = ORIENTED_EDGE('',*,*,#11683,.T.);
#16406 = ADVANCED_FACE('',(#16407),#11820,.F.);
#16407 = FACE_BOUND('',#16408,.F.);
#16408 = EDGE_LOOP('',(#16409,#16410,#16411,#16412));
#16409 = ORIENTED_EDGE('',*,*,#11804,.T.);
#16410 = ORIENTED_EDGE('',*,*,#11903,.T.);
#16411 = ORIENTED_EDGE('',*,*,#11951,.T.);
#16412 = ORIENTED_EDGE('',*,*,#11876,.T.);
#16413 = ADVANCED_FACE('',(#16414),#12013,.F.);
#16414 = FACE_BOUND('',#16415,.F.);
#16415 = EDGE_LOOP('',(#16416,#16417,#16418,#16419));
#16416 = ORIENTED_EDGE('',*,*,#11997,.T.);
#16417 = ORIENTED_EDGE('',*,*,#12096,.T.);
#16418 = ORIENTED_EDGE('',*,*,#12144,.T.);
#16419 = ORIENTED_EDGE('',*,*,#12069,.T.);
#16420 = ADVANCED_FACE('',(#16421),#12206,.F.);
#16421 = FACE_BOUND('',#16422,.F.);
#16422 = EDGE_LOOP('',(#16423,#16424,#16425,#16426));
#16423 = ORIENTED_EDGE('',*,*,#12190,.T.);
#16424 = ORIENTED_EDGE('',*,*,#12289,.T.);
#16425 = ORIENTED_EDGE('',*,*,#12337,.T.);
#16426 = ORIENTED_EDGE('',*,*,#12262,.T.);
#16427 = ADVANCED_FACE('',(#16428),#12399,.F.);
#16428 = FACE_BOUND('',#16429,.F.);
#16429 = EDGE_LOOP('',(#16430,#16431,#16432,#16433));
#16430 = ORIENTED_EDGE('',*,*,#12383,.T.);
#16431 = ORIENTED_EDGE('',*,*,#12482,.T.);
#16432 = ORIENTED_EDGE('',*,*,#12530,.T.);
#16433 = ORIENTED_EDGE('',*,*,#12455,.T.);
#16434 = ADVANCED_FACE('',(#16435),#12592,.F.);
#16435 = FACE_BOUND('',#16436,.F.);
#16436 = EDGE_LOOP('',(#16437,#16438,#16439,#16440));
#16437 = ORIENTED_EDGE('',*,*,#12576,.T.);
#16438 = ORIENTED_EDGE('',*,*,#12675,.T.);
#16439 = ORIENTED_EDGE('',*,*,#12723,.T.);
#16440 = ORIENTED_EDGE('',*,*,#12648,.T.);
#16441 = ADVANCED_FACE('',(#16442),#12785,.F.);
#16442 = FACE_BOUND('',#16443,.F.);
#16443 = EDGE_LOOP('',(#16444,#16445,#16446,#16447));
#16444 = ORIENTED_EDGE('',*,*,#12769,.T.);
#16445 = ORIENTED_EDGE('',*,*,#12868,.T.);
#16446 = ORIENTED_EDGE('',*,*,#12916,.T.);
#16447 = ORIENTED_EDGE('',*,*,#12841,.T.);
#16448 = ADVANCED_FACE('',(#16449),#12978,.F.);
#16449 = FACE_BOUND('',#16450,.F.);
#16450 = EDGE_LOOP('',(#16451,#16452,#16453,#16454));
#16451 = ORIENTED_EDGE('',*,*,#12962,.T.);
#16452 = ORIENTED_EDGE('',*,*,#13061,.T.);
#16453 = ORIENTED_EDGE('',*,*,#13109,.T.);
#16454 = ORIENTED_EDGE('',*,*,#13034,.T.);
#16455 = ADVANCED_FACE('',(#16456),#13171,.F.);
#16456 = FACE_BOUND('',#16457,.F.);
#16457 = EDGE_LOOP('',(#16458,#16459,#16460,#16461));
#16458 = ORIENTED_EDGE('',*,*,#13155,.T.);
#16459 = ORIENTED_EDGE('',*,*,#13254,.T.);
#16460 = ORIENTED_EDGE('',*,*,#13302,.T.);
#16461 = ORIENTED_EDGE('',*,*,#13227,.T.);
#16462 = ADVANCED_FACE('',(#16463),#13364,.F.);
#16463 = FACE_BOUND('',#16464,.F.);
#16464 = EDGE_LOOP('',(#16465,#16466,#16467,#16468));
#16465 = ORIENTED_EDGE('',*,*,#13348,.T.);
#16466 = ORIENTED_EDGE('',*,*,#13447,.T.);
#16467 = ORIENTED_EDGE('',*,*,#13495,.T.);
#16468 = ORIENTED_EDGE('',*,*,#13420,.T.);
#16469 = ADVANCED_FACE('',(#16470),#13557,.F.);
#16470 = FACE_BOUND('',#16471,.F.);
#16471 = EDGE_LOOP('',(#16472,#16473,#16474,#16475));
#16472 = ORIENTED_EDGE('',*,*,#13541,.T.);
#16473 = ORIENTED_EDGE('',*,*,#13640,.T.);
#16474 = ORIENTED_EDGE('',*,*,#13688,.T.);
#16475 = ORIENTED_EDGE('',*,*,#13613,.T.);
#16476 = ADVANCED_FACE('',(#16477),#13750,.F.);
#16477 = FACE_BOUND('',#16478,.F.);
#16478 = EDGE_LOOP('',(#16479,#16480,#16481,#16482));
#16479 = ORIENTED_EDGE('',*,*,#13734,.T.);
#16480 = ORIENTED_EDGE('',*,*,#13833,.T.);
#16481 = ORIENTED_EDGE('',*,*,#13881,.T.);
#16482 = ORIENTED_EDGE('',*,*,#13806,.T.);
#16483 = ADVANCED_FACE('',(#16484),#13943,.F.);
#16484 = FACE_BOUND('',#16485,.F.);
#16485 = EDGE_LOOP('',(#16486,#16487,#16488,#16489));
#16486 = ORIENTED_EDGE('',*,*,#13927,.T.);
#16487 = ORIENTED_EDGE('',*,*,#14026,.T.);
#16488 = ORIENTED_EDGE('',*,*,#14074,.T.);
#16489 = ORIENTED_EDGE('',*,*,#13999,.T.);
#16490 = ADVANCED_FACE('',(#16491),#14136,.F.);
#16491 = FACE_BOUND('',#16492,.F.);
#16492 = EDGE_LOOP('',(#16493,#16494,#16495,#16496));
#16493 = ORIENTED_EDGE('',*,*,#14120,.T.);
#16494 = ORIENTED_EDGE('',*,*,#14219,.T.);
#16495 = ORIENTED_EDGE('',*,*,#14267,.T.);
#16496 = ORIENTED_EDGE('',*,*,#14192,.T.);
#16497 = ADVANCED_FACE('',(#16498),#14329,.F.);
#16498 = FACE_BOUND('',#16499,.F.);
#16499 = EDGE_LOOP('',(#16500,#16501,#16502,#16503));
#16500 = ORIENTED_EDGE('',*,*,#14313,.T.);
#16501 = ORIENTED_EDGE('',*,*,#14412,.T.);
#16502 = ORIENTED_EDGE('',*,*,#14460,.T.);
#16503 = ORIENTED_EDGE('',*,*,#14385,.T.);
#16504 = ADVANCED_FACE('',(#16505),#14522,.F.);
#16505 = FACE_BOUND('',#16506,.F.);
#16506 = EDGE_LOOP('',(#16507,#16508,#16509,#16510));
#16507 = ORIENTED_EDGE('',*,*,#14506,.T.);
#16508 = ORIENTED_EDGE('',*,*,#14605,.T.);
#16509 = ORIENTED_EDGE('',*,*,#14653,.T.);
#16510 = ORIENTED_EDGE('',*,*,#14578,.T.);
#16511 = ADVANCED_FACE('',(#16512),#14715,.F.);
#16512 = FACE_BOUND('',#16513,.F.);
#16513 = EDGE_LOOP('',(#16514,#16515,#16516,#16517));
#16514 = ORIENTED_EDGE('',*,*,#14699,.T.);
#16515 = ORIENTED_EDGE('',*,*,#14798,.T.);
#16516 = ORIENTED_EDGE('',*,*,#14846,.T.);
#16517 = ORIENTED_EDGE('',*,*,#14771,.T.);
#16518 = ADVANCED_FACE('',(#16519),#14908,.F.);
#16519 = FACE_BOUND('',#16520,.F.);
#16520 = EDGE_LOOP('',(#16521,#16522,#16523,#16524));
#16521 = ORIENTED_EDGE('',*,*,#14892,.T.);
#16522 = ORIENTED_EDGE('',*,*,#14991,.T.);
#16523 = ORIENTED_EDGE('',*,*,#15039,.T.);
#16524 = ORIENTED_EDGE('',*,*,#14964,.T.);
#16525 = ADVANCED_FACE('',(#16526),#15101,.F.);
#16526 = FACE_BOUND('',#16527,.F.);
#16527 = EDGE_LOOP('',(#16528,#16529,#16530,#16531));
#16528 = ORIENTED_EDGE('',*,*,#15085,.T.);
#16529 = ORIENTED_EDGE('',*,*,#15184,.T.);
#16530 = ORIENTED_EDGE('',*,*,#15232,.T.);
#16531 = ORIENTED_EDGE('',*,*,#15157,.T.);
#16532 = ADVANCED_FACE('',(#16533),#15294,.F.);
#16533 = FACE_BOUND('',#16534,.F.);
#16534 = EDGE_LOOP('',(#16535,#16536,#16537,#16538));
#16535 = ORIENTED_EDGE('',*,*,#15278,.T.);
#16536 = ORIENTED_EDGE('',*,*,#15377,.T.);
#16537 = ORIENTED_EDGE('',*,*,#15425,.T.);
#16538 = ORIENTED_EDGE('',*,*,#15350,.T.);
#16539 = ADVANCED_FACE('',(#16540),#15487,.F.);
#16540 = FACE_BOUND('',#16541,.F.);
#16541 = EDGE_LOOP('',(#16542,#16543,#16544,#16545));
#16542 = ORIENTED_EDGE('',*,*,#15471,.T.);
#16543 = ORIENTED_EDGE('',*,*,#15570,.T.);
#16544 = ORIENTED_EDGE('',*,*,#15618,.T.);
#16545 = ORIENTED_EDGE('',*,*,#15543,.T.);
#16546 = ADVANCED_FACE('',(#16547),#15680,.F.);
#16547 = FACE_BOUND('',#16548,.F.);
#16548 = EDGE_LOOP('',(#16549,#16550,#16551,#16552));
#16549 = ORIENTED_EDGE('',*,*,#15664,.T.);
#16550 = ORIENTED_EDGE('',*,*,#15763,.T.);
#16551 = ORIENTED_EDGE('',*,*,#15811,.T.);
#16552 = ORIENTED_EDGE('',*,*,#15736,.T.);
#16553 = ADVANCED_FACE('',(#16554),#15873,.F.);
#16554 = FACE_BOUND('',#16555,.F.);
#16555 = EDGE_LOOP('',(#16556,#16557,#16558,#16559));
#16556 = ORIENTED_EDGE('',*,*,#15857,.T.);
#16557 = ORIENTED_EDGE('',*,*,#15956,.T.);
#16558 = ORIENTED_EDGE('',*,*,#16004,.T.);
#16559 = ORIENTED_EDGE('',*,*,#15929,.T.);
#16560 = ADVANCED_FACE('',(#16561),#16066,.F.);
#16561 = FACE_BOUND('',#16562,.F.);
#16562 = EDGE_LOOP('',(#16563,#16564,#16565,#16566));
#16563 = ORIENTED_EDGE('',*,*,#16050,.T.);
#16564 = ORIENTED_EDGE('',*,*,#16102,.T.);
#16565 = ORIENTED_EDGE('',*,*,#16170,.T.);
#16566 = ORIENTED_EDGE('',*,*,#16196,.T.);
#16567 = ( GEOMETRIC_REPRESENTATION_CONTEXT(3) 
GLOBAL_UNCERTAINTY_ASSIGNED_CONTEXT((#16571)) 
GLOBAL_UNIT_ASSIGNED_CONTEXT((#16568,#16569,#16570)) 
REPRESENTATION_CONTEXT('Context #1',
  '3D Context with UNIT and UNCERTAINTY') );
#16568 = ( LENGTH_UNIT() NAMED_UNIT(*) SI_UNIT(.MILLI.,.METRE.) );
#16569 = ( NAMED_UNIT(*) PLANE_ANGLE_UNIT() SI_UNIT($,.RADIAN.) );
#16570 = ( NAMED_UNIT(*) SI_UNIT($,.STERADIAN.) SOLID_ANGLE_UNIT() );
#16571 = UNCERTAINTY_MEASURE_WITH_UNIT(LENGTH_MEASURE(5.E-07),#16568,
  'distance_accuracy_value','confusion accuracy');
#16572 = PRODUCT_RELATED_PRODUCT_CATEGORY('part',$,(#7));
ENDSEC;
END-ISO-10303-21;
